material,q,mass,nbins,background,alternative,sigma_asimov,q_asimov,chi2_pearson,sigma_mc,p_value_mc
Al,0,1,5,none,mix5,2.51339,6.31711,6.35664,2.51867,0.00589
Al,0,1,5,none,mix25,12.4233,154.338,158.916,inf,0
Al,0,1,5,none,Disk,48.1335,2316.83,2542.66,inf,0
Al,0,1,5,none,Bound,0,0,0,-inf,1
Al,0,1,5,c,mix5,2.5111,6.30565,6.34496,2.50055,0.0062
Al,0,1,5,c,mix25,12.4125,154.07,158.624,inf,0
Al,0,1,5,c,Disk,48.0969,2313.31,2537.98,inf,0
Al,0,1,5,c,Bound,0,0,0,-inf,1
Al,0,1,5,b,mix5,2.49544,6.22721,6.26506,2.4786,0.006595
Al,0,1,5,b,mix25,12.3385,152.239,156.626,inf,0
Al,0,1,5,b,Disk,47.845,2289.14,2506.02,inf,0
Al,0,1,5,b,Bound,0,0,0,-inf,1
Al,0,2,5,none,mix5,3.70021,13.6916,14.0374,3.69487,0.00011
Al,0,2,5,none,mix25,17.6947,313.101,350.935,inf,0
Al,0,2,5,none,Disk,62.6456,3924.47,5614.96,inf,0
Al,0,2,5,none,Bound,0,0,0,-inf,1
Al,0,2,5,c,mix5,3.68092,13.5492,13.8876,3.62407,0.000145
Al,0,2,5,c,mix25,17.6101,310.116,347.189,inf,0
Al,0,2,5,c,Disk,62.4021,3894.03,5555.03,inf,0
Al,0,2,5,c,Bound,0,0,0,-inf,1
Al,0,2,5,b,mix5,3.55789,12.6586,12.9531,3.59855,0.00016
Al,0,2,5,b,mix25,17.0674,291.297,323.827,inf,0
Al,0,2,5,b,Disk,60.8215,3699.25,5181.23,inf,0
Al,0,2,5,b,Bound,0,0,0,-inf,1
Al,0,3,5,none,mix5,1.24714,1.55536,1.59726,1.25646,0.104475
Al,0,3,5,none,mix25,5.9483,35.3822,39.9315,inf,0
Al,0,3,5,none,Disk,20.9447,438.679,638.903,inf,0
Al,0,3,5,none,Bound,1.17819e+08,1.38813e+16,3.53594e+27,inf,0
Al,0,3,5,c,mix5,1.18905,1.41384,1.4484,1.19925,0.115215
Al,0,3,5,c,mix25,5.6933,32.4137,36.21,inf,0
Al,0,3,5,c,Disk,20.2081,408.369,579.36,inf,0
Al,0,3,5,c,Bound,1.17262e+08,1.37504e+16,2.68135e+27,inf,0
Al,0,3,5,b,mix5,0.949668,0.90187,0.91623,0.958799,0.16883
Al,0,3,5,b,mix25,4.61124,21.2635,22.9058,inf,0
Al,0,3,5,b,Disk,16.9003,285.618,366.492,inf,0
Al,0,3,5,b,Bound,1.1525e+08,1.32826e+16,9.97659e+26,inf,0
Al,0,1,10,none,mix5,2.62268,6.87847,6.92122,2.6248,0.004335
Al,0,1,10,none,mix25,12.9653,168.1,173.03,inf,0
Al,0,1,10,none,Disk,50.2951,2529.6,2768.49,inf,0
Al,0,1,10,none,Bound,0,0,0,-inf,1
Al,0,1,10,c,mix5,2.62037,6.86632,6.90883,2.62206,0.00437
Al,0,1,10,c,mix25,12.9544,167.817,172.721,inf,0
Al,0,1,10,c,Disk,50.2582,2525.89,2763.53,inf,0
Al,0,1,10,c,Bound,0,0,0,-inf,1
Al,0,1,10,b,mix5,2.60447,6.78329,6.82419,2.6064,0.004575
Al,0,1,10,b,mix25,12.8795,165.882,170.605,inf,0
Al,0,1,10,b,Disk,50.0045,2500.45,2729.67,inf,0
Al,0,1,10,b,Bound,0,0,0,-inf,1
Al,0,2,10,none,mix5,3.7711,14.2212,14.5804,3.79107,7.5e-05
Al,0,2,10,none,mix25,18.0337,325.213,364.51,inf,0
Al,0,2,10,none,Disk,63.8464,4076.36,5832.16,inf,0
Al,0,2,10,none,Bound,0,0,0,-inf,1
Al,0,2,10,c,mix5,3.75214,14.0785,14.4303,3.70667,0.000105
Al,0,2,10,c,mix25,17.9506,322.224,360.757,inf,0
Al,0,2,10,c,Disk,63.6072,4045.88,5772.12,inf,0
Al,0,2,10,c,Bound,0,0,0,-inf,1
Al,0,2,10,b,mix5,3.63106,13.1846,13.4922,3.6425,0.000135
Al,0,2,10,b,mix25,17.4166,303.34,337.305,inf,0
Al,0,2,10,b,Disk,62.0527,3850.54,5396.88,inf,0
Al,0,2,10,b,Bound,0,0,0,-inf,1
Al,0,3,10,none,mix5,1.27492,1.62541,1.66919,1.28038,0.100205
Al,0,3,10,none,mix25,6.08077,36.9758,41.7298,inf,0
Al,0,3,10,none,Disk,21.4112,458.44,667.677,inf,0
Al,0,3,10,none,Bound,1.19855e+08,1.43652e+16,8.44501e+27,inf,0
Al,0,3,10,c,mix5,1.21798,1.48349,1.5199,1.22228,0.1108
Al,0,3,10,c,mix25,5.83091,33.9996,37.9974,inf,0
Al,0,3,10,c,Disk,20.6897,428.064,607.959,inf,0
Al,0,3,10,c,Bound,1.19183e+08,1.42046e+16,6.00159e+27,inf,0
Al,0,3,10,b,mix5,0.979939,0.960281,0.975838,0.981797,0.1631
Al,0,3,10,b,mix25,4.75597,22.6192,24.3959,inf,0
Al,0,3,10,b,Disk,17.4103,303.118,390.335,inf,0
Al,0,3,10,b,Bound,1.16968e+08,1.36816e+16,1.98646e+27,inf,0
Al,2,1,5,none,mix5,3.61861,13.0944,13.0999,3.6425,0.000135
Al,2,1,5,none,mix25,18.109,327.935,327.498,inf,0
Al,2,1,5,none,Disk,74.4995,5550.17,5239.96,inf,0
Al,2,1,5,none,Bound,0,0,0,-inf,1
Al,2,1,5,c,mix5,3.61624,13.0772,13.0825,3.66226,0.000125
Al,2,1,5,c,mix25,18.0976,327.523,327.062,inf,0
Al,2,1,5,c,Disk,74.4549,5543.54,5233,inf,0
Al,2,1,5,c,Bound,0,0,0,-inf,1
Al,2,1,5,b,mix5,3.59989,12.9592,12.963,3.6522,0.00013
Al,2,1,5,b,mix25,18.0191,324.687,324.076,inf,0
Al,2,1,5,b,Disk,74.1482,5497.95,5185.21,inf,0
Al,2,1,5,b,Bound,0,0,0,-inf,1
Al,2,2,5,none,mix5,1.52946,2.33925,2.3763,1.52849,0.063195
Al,2,2,5,none,mix25,7.42941,55.1962,59.4076,inf,0
Al,2,2,5,none,Disk,27.3011,745.351,950.522,inf,0
Al,2,2,5,none,Bound,0,0,0,-inf,1
Al,2,2,5,c,mix5,1.51716,2.30177,2.3375,1.51707,0.064625
Al,2,2,5,c,mix25,7.37354,54.3691,58.4376,inf,0
Al,2,2,5,c,Disk,27.1283,735.947,935.001,inf,0
Al,2,2,5,c,Bound,0,0,0,-inf,1
Al,2,2,5,b,mix5,1.44029,2.07444,2.10277,1.44275,0.074545
Al,2,2,5,b,mix25,7.02188,49.3068,52.5693,inf,0
Al,2,2,5,b,Disk,26.0252,677.31,841.109,inf,0
Al,2,2,5,b,Bound,0,0,0,-inf,1
Al,2,3,5,none,mix5,0.508489,0.258561,0.262672,0.518299,0.302125
Al,2,3,5,none,mix25,2.46978,6.09981,6.56679,2.48267,0.00652
Al,2,3,5,none,Disk,9.07405,82.3383,105.069,inf,0
Al,2,3,5,none,Bound,9.91388e+06,9.82851e+13,2.07686e+23,inf,0
Al,2,3,5,c,mix5,0.473071,0.223796,0.226773,0.478056,0.316305
Al,2,3,5,c,mix25,2.30777,5.32581,5.66931,2.31087,0.01042
Al,2,3,5,c,Disk,8.56592,73.375,90.709,inf,0
Al,2,3,5,c,Bound,9.86722e+06,9.7362e+13,1.65215e+23,inf,0
Al,2,3,5,b,mix5,0.346711,0.120209,0.121009,0.351331,0.36267
Al,2,3,5,b,mix25,1.71148,2.92915,3.02522,1.7135,0.04331
Al,2,3,5,b,Disk,6.559,43.0205,48.4035,inf,0
Al,2,3,5,b,Bound,9.68414e+06,9.37826e+13,6.80471e+22,inf,0
Al,2,1,10,none,mix5,3.76937,14.2081,14.2195,3.74555,9e-05
Al,2,1,10,none,mix25,18.852,355.396,355.488,inf,0
Al,2,1,10,none,Disk,77.5101,6007.82,5687.81,inf,0
Al,2,1,10,none,Bound,0,0,0,-inf,1
Al,2,1,10,c,mix5,3.76689,14.1895,14.2006,3.77501,8e-05
Al,2,1,10,c,mix25,18.8402,354.952,355.015,inf,0
Al,2,1,10,c,Disk,77.4648,6000.79,5680.24,inf,0
Al,2,1,10,c,Bound,0,0,0,-inf,1
Al,2,1,10,b,mix5,3.74987,14.0615,14.0707,3.75987,8.5e-05
Al,2,1,10,b,mix25,18.759,351.901,351.768,inf,0
Al,2,1,10,b,Disk,77.1528,5952.56,5628.28,inf,0
Al,2,1,10,b,Bound,0,0,0,-inf,1
Al,2,2,10,none,mix5,1.57614,2.48422,2.52413,1.5772,0.057375
Al,2,2,10,none,mix25,7.6534,58.5745,63.1032,inf,0
Al,2,2,10,none,Disk,28.1019,789.716,1009.65,inf,0
Al,2,2,10,none,Bound,0,0,0,-inf,1
Al,2,2,10,c,mix5,1.56377,2.44537,2.48386,1.56873,0.058355
Al,2,2,10,c,mix25,7.59735,57.7198,62.0966,inf,0
Al,2,2,10,c,Disk,27.9294,780.053,993.545,inf,0
Al,2,2,10,c,Bound,0,0,0,-inf,1
Al,2,2,10,b,mix5,1.48667,2.2102,2.24085,1.49333,0.067675
Al,2,2,10,b,mix25,7.24537,52.4954,56.0214,inf,0
Al,2,2,10,b,Disk,26.8297,719.834,896.342,inf,0
Al,2,2,10,b,Bound,0,0,0,-inf,1
Al,2,3,10,none,mix5,0.523485,0.274037,0.278451,0.522877,0.30053
Al,2,3,10,none,mix25,2.54176,6.46053,6.96127,2.53953,0.00555
Al,2,3,10,none,Disk,9.33146,87.0761,111.38,inf,0
Al,2,3,10,none,Bound,1.01002e+07,1.02014e+14,5.15733e+23,inf,0
Al,2,3,10,c,mix5,0.488042,0.238185,0.241403,0.491066,0.31169
Al,2,3,10,c,mix25,2.37994,5.6641,6.03507,2.37688,0.00873
Al,2,3,10,c,Disk,8.82582,77.8951,96.5611,inf,0
Al,2,3,10,c,Bound,1.00441e+07,1.00884e+14,3.89678e+23,inf,0
Al,2,3,10,b,mix5,0.360911,0.130257,0.131156,0.363663,0.358055
Al,2,3,10,b,mix25,1.78076,3.17111,3.27889,1.79096,0.03665
Al,2,3,10,b,Disk,6.81538,46.4494,52.4623,inf,0
Al,2,3,10,b,Bound,9.84191e+06,9.68631e+13,1.4391e+23,inf,0
TiN,0,1,5,none,mix5,3.94257,15.5439,15.694,3.80817,7e-05
TiN,0,1,5,none,mix25,19.374,375.353,392.351,inf,0
TiN,0,1,5,none,Disk,74.0912,5489.5,6277.61,inf,0
TiN,0,1,5,none,Bound,0,0,0,-inf,1
TiN,0,1,5,c,mix5,3.94025,15.5255,15.6752,3.91608,4.5e-05
TiN,0,1,5,c,mix25,19.3632,374.934,391.88,inf,0
TiN,0,1,5,c,Disk,74.0552,5484.18,6270.08,inf,0
TiN,0,1,5,c,Bound,0,0,0,-inf,1
TiN,0,1,5,b,mix5,3.92418,15.3992,15.5456,3.97629,3.5e-05
TiN,0,1,5,b,mix25,19.2885,372.046,388.64,inf,0
TiN,0,1,5,b,Disk,73.8069,5447.45,6218.24,inf,0
TiN,0,1,5,b,Bound,0,0,0,-inf,1
TiN,0,2,5,none,mix5,2.68303,7.19863,7.34513,2.69118,0.00356
TiN,0,2,5,none,mix25,12.9351,167.318,183.628,inf,0
TiN,0,2,5,none,Disk,46.6837,2179.37,2938.05,inf,0
TiN,0,2,5,none,Bound,0,0,0,-inf,1
TiN,0,2,5,c,mix5,2.66952,7.12632,7.26961,2.6801,0.00368
TiN,0,2,5,c,mix25,12.875,165.766,181.74,inf,0
TiN,0,2,5,c,Disk,46.505,2162.71,2907.84,inf,0
TiN,0,2,5,c,Bound,0,0,0,-inf,1
TiN,0,2,5,b,mix5,2.58185,6.66594,6.78982,2.58281,0.0049
TiN,0,2,5,b,mix25,12.4827,155.817,169.745,inf,0
TiN,0,2,5,b,Disk,45.3279,2054.62,2715.93,inf,0
TiN,0,2,5,b,Bound,0,0,0,-inf,1
TiN,0,3,5,none,mix5,0.895481,0.801886,0.818626,0.898085,0.18457
TiN,0,3,5,none,mix25,4.31342,18.6056,20.4657,4.41717,5e-06
TiN,0,3,5,none,Disk,15.5345,241.32,327.451,inf,0
TiN,0,3,5,none,Bound,502540,2.52547e+11,3.35034e+18,inf,0
TiN,0,3,5,c,mix5,0.854565,0.730281,0.743947,0.860343,0.1948
TiN,0,3,5,c,mix25,4.13062,17.062,18.5987,4.01281,3e-05
TiN,0,3,5,c,Disk,14.9879,224.638,297.579,inf,0
TiN,0,3,5,c,Bound,500181,2.50181e+11,2.80241e+18,inf,0
TiN,0,3,5,b,mix5,0.678911,0.460921,0.466151,0.688513,0.245565
TiN,0,3,5,b,mix25,3.32287,11.0415,11.6538,3.34259,0.000415
TiN,0,3,5,b,Disk,12.4291,154.484,186.46,inf,0
TiN,0,3,5,b,Bound,489981,2.40081e+11,1.30875e+18,inf,0
TiN,0,1,9,none,mix5,4.08563,16.6924,16.8515,4.05563,2.5e-05
TiN,0,1,9,none,mix25,20.0834,403.342,421.288,inf,0
TiN,0,1,9,none,Disk,76.9724,5924.75,6740.6,inf,0
TiN,0,1,9,none,Bound,0,0,0,-inf,1
TiN,0,1,9,c,mix5,4.0833,16.6733,16.8319,4.41717,5e-06
TiN,0,1,9,c,mix25,20.0725,402.906,420.798,inf,0
TiN,0,1,9,c,Disk,76.9364,5919.21,6732.77,inf,0
TiN,0,1,9,c,Bound,0,0,0,-inf,1
TiN,0,1,9,b,mix5,4.06717,16.5418,16.697,4.05563,2.5e-05
TiN,0,1,9,b,mix25,19.9976,399.905,417.426,inf,0
TiN,0,1,9,b,Disk,76.6874,5880.96,6678.81,inf,0
TiN,0,1,9,b,Bound,0,0,0,-inf,1
TiN,0,2,9,none,mix5,2.74795,7.55124,7.70566,2.73967,0.003075
TiN,0,2,9,none,mix25,13.246,175.456,192.642,inf,0
TiN,0,2,9,none,Disk,47.7872,2283.62,3082.27,inf,0
TiN,0,2,9,none,Bound,0,0,0,-inf,1
TiN,0,2,9,c,mix5,2.7346,7.47802,7.62917,2.73807,0.00309
TiN,0,2,9,c,mix25,13.1866,173.886,190.729,inf,0
TiN,0,2,9,c,Disk,47.611,2266.81,3051.67,inf,0
TiN,0,2,9,c,Bound,0,0,0,-inf,1
TiN,0,2,9,b,mix5,2.64783,7.01101,7.14232,2.65888,0.00392
TiN,0,2,9,b,mix25,12.7986,163.804,178.558,inf,0
TiN,0,2,9,b,Disk,46.449,2157.51,2856.93,inf,0
TiN,0,2,9,b,Bound,0,0,0,-inf,1
TiN,0,3,9,none,mix5,0.916793,0.840509,0.858134,0.925588,0.17733
TiN,0,3,9,none,mix25,4.41541,19.4958,21.4533,4.41717,5e-06
TiN,0,3,9,none,Disk,15.8963,252.692,343.254,inf,0
TiN,0,3,9,none,Bound,502691,2.52698e+11,3.35061e+18,inf,0
TiN,0,3,9,c,mix5,0.876337,0.767967,0.782454,0.877546,0.190095
TiN,0,3,9,c,mix25,4.23481,17.9336,19.5613,4.10748,2e-05
TiN,0,3,9,c,Disk,15.3572,235.843,312.982,inf,0
TiN,0,3,9,c,Bound,500330,2.5033e+11,2.80265e+18,inf,0
TiN,0,3,9,b,mix5,0.701053,0.491476,0.497184,0.702271,0.241255
TiN,0,3,9,b,mix25,3.42962,11.7623,12.4296,3.43161,0.0003
TiN,0,3,9,b,Disk,12.8124,164.159,198.874,inf,0
TiN,0,3,9,b,Bound,490126,2.40223e+11,1.30888e+18,inf,0
TiN,2,1,5,none,mix5,9.5263,90.7504,90.034,inf,0
TiN,2,1,5,none,mix25,48.4623,2348.59,2250.85,inf,0
TiN,2,1,5,none,Disk,213.434,45553.9,36013.6,inf,0
TiN,2,1,5,none,Bound,0,0,0,-inf,1
TiN,2,1,5,c,mix5,9.52562,90.7375,90.0213,inf,0
TiN,2,1,5,c,mix25,48.4587,2348.25,2250.53,inf,0
TiN,2,1,5,c,Disk,213.414,45545.7,36008.5,inf,0
TiN,2,1,5,c,Bound,0,0,0,-inf,1
TiN,2,1,5,b,mix5,9.52095,90.6484,89.9333,inf,0
TiN,2,1,5,b,mix25,48.4344,2345.89,2248.33,inf,0
TiN,2,1,5,b,Disk,213.282,45489.1,35973.3,inf,0
TiN,2,1,5,b,Bound,0,0,0,-inf,1
TiN,2,2,5,none,mix5,2.36168,5.57752,5.62578,2.36975,0.0089
TiN,2,2,5,none,mix25,11.6227,135.086,140.645,inf,0
TiN,2,2,5,none,Disk,44.4673,1977.34,2250.31,inf,0
TiN,2,2,5,none,Bound,0,0,0,-inf,1
TiN,2,2,5,c,mix5,2.35926,5.5661,5.61413,2.37709,0.008725
TiN,2,2,5,c,mix25,11.6113,134.821,140.353,inf,0
TiN,2,2,5,c,Disk,44.4282,1973.87,2245.65,inf,0
TiN,2,2,5,c,Bound,0,0,0,-inf,1
TiN,2,2,5,b,mix5,2.34263,5.48794,5.53435,2.34416,0.009535
TiN,2,2,5,b,mix25,11.5328,133.006,138.359,inf,0
TiN,2,2,5,b,Disk,44.1589,1950.01,2213.74,inf,0
TiN,2,2,5,b,Bound,0,0,0,-inf,1
TiN,2,3,5,none,mix5,0.757549,0.573881,0.579521,0.752967,0.225735
TiN,2,3,5,none,mix25,3.71963,13.8356,14.488,3.79107,7.5e-05
TiN,2,3,5,none,Disk,14.1077,199.027,231.808,inf,0
TiN,2,3,5,none,Bound,27244,7.42233e+08,1.07644e+13,inf,0
TiN,2,3,5,c,mix5,0.749742,0.562113,0.567491,0.755765,0.224895
TiN,2,3,5,c,mix25,3.68295,13.5641,14.1873,3.71902,0.0001
TiN,2,3,5,c,Disk,13.984,195.551,226.996,inf,0
TiN,2,3,5,c,Bound,27212.8,7.40538e+08,1.04799e+13,inf,0
TiN,2,3,5,b,mix5,0.701673,0.492345,0.496319,0.700925,0.241675
TiN,2,3,5,b,mix25,3.45585,11.9429,12.408,3.48076,0.00025
TiN,2,3,5,b,Disk,13.2083,174.458,198.528,inf,0
TiN,2,3,5,b,Bound,27015.3,7.29824e+08,8.84812e+12,inf,0
TiN,2,1,9,none,mix5,9.84582,96.9401,96.1729,inf,0
TiN,2,1,9,none,mix25,50.0914,2509.14,2404.32,inf,0
TiN,2,1,9,none,Disk,220.924,48807.2,38469.2,inf,0
TiN,2,1,9,none,Bound,0,0,0,-inf,1
TiN,2,1,9,c,mix5,9.84514,96.9269,96.1598,inf,0
TiN,2,1,9,c,mix25,50.0879,2508.79,2404,inf,0
TiN,2,1,9,c,Disk,220.904,48798.8,38463.9,inf,0
TiN,2,1,9,c,Bound,0,0,0,-inf,1
TiN,2,1,9,b,mix5,9.84049,96.8352,96.0692,inf,0
TiN,2,1,9,b,mix25,50.0637,2506.37,2401.73,inf,0
TiN,2,1,9,b,Disk,220.772,48740.3,38427.7,inf,0
TiN,2,1,9,b,Bound,0,0,0,-inf,1
TiN,2,2,9,none,mix5,2.4394,5.95069,6.00182,2.4387,0.00737
TiN,2,2,9,none,mix25,12.0071,144.171,150.045,inf,0
TiN,2,2,9,none,Disk,45.9925,2115.31,2400.73,inf,0
TiN,2,2,9,c,mix5,2.43697,5.93883,5.98971,2.44092,0.007325
TiN,2,2,9,c,mix25,11.9956,143.896,149.743,inf,0
TiN,2,2,9,c,Disk,45.9532,2111.69,2395.88,inf,0
TiN,2,2,9,b,mix5,2.42025,5.85762,5.90681,2.43773,0.00739
TiN,2,2,9,b,mix25,11.9168,142.011,147.67,inf,0
TiN,2,2,9,b,Disk,45.6827,2086.91,2362.72,inf,0
TiN,2,3,9,none,mix5,0.781602,0.610902,0.61688,0.777727,0.218365
TiN,2,3,9,none,mix25,3.83819,14.7317,15.422,3.79107,7.5e-05
TiN,2,3,9,none,Disk,14.5709,212.311,246.752,inf,0
TiN,2,3,9,none,Bound,27247.5,7.42425e+08,1.07644e+13,inf,0
TiN,2,3,9,c,mix5,0.773757,0.598699,0.604403,0.767692,0.221335
TiN,2,3,9,c,mix25,3.80136,14.4503,15.1101,3.8674,5.5e-05
TiN,2,3,9,c,Disk,14.4467,208.708,241.761,inf,0
TiN,2,3,9,c,Bound,27216.3,7.40729e+08,1.048e+13,inf,0
TiN,2,3,9,b,mix5,0.725375,0.52617,0.530399,0.728333,0.233205
TiN,2,3,9,b,mix25,3.57295,12.766,13.26,3.56061,0.000185
TiN,2,3,9,b,Disk,13.667,186.786,212.159,inf,0
TiN,2,3,9,b,Bound,27018.8,7.30014e+08,8.84819e+12,inf,0
