"vmin","10MeV_0.2eV","10MeV_1eV","100MeV_0.2eV","100MeV_1eV","1000MeV_0.2eV","1000MeV_1eV"
1,0,0,0,0,0,0
1.0154950161807175,0,0,0,0,0,0
1.0312301278878755,0,0,0,0,0,0
1.0472090554055413,0,0,0,0,0,0
1.0634355766636439,0,0,0,0,0,0
1.0799135281311976,0,0,0,0,0,0
1.096646805723366,0,0,0,0,0,0
1.1136393657225816,0,0,0,0,0,0
1.1308952257139369,0,0,0,0,0,0
1.1484184655350702,0,0,0,0,0,0
1.166213228240771,0,0,0,0,0,0
1.184283721082528,0,0,0,0,0,0
1.2026342165032622,0,0,0,0,0,0
1.2212690531474646,0,0,0,0,0,0
1.2401926368869938,0,0,0,0,0,0
1.2594094418627644,0,0,0,0,0,0
1.2789240115425762,0,0,0,0,0,0
1.2987409597953363,0,0,0,0,0,0
1.3188649719819254,0,0,0,0,0,0
1.3393008060629665,0,0,0,0,0,0
1.3600532937237602,0,0,0,0,0,0
1.3811273415166478,0,0,0,0,0,0
1.4025279320210793,0,0,0,0,0,0
1.424260125021654,0,0,0,0,0,0
1.446329058704415,0,0,0,0,0,0
1.4687399508716819,0,0,0,0,0,0
1.4914981001757044,0,0,0,0,0,0
1.5146088873714363,0,0,0,0,0,0
1.538077776588715,0,0,0,0,0,0
1.5619103166241588,0,0,0,0,0,0
1.5861121422530795,0,0,0,0,0,0
1.6106889755617233,0,0,0,0,0,0
1.6356466273001553,0,0,0,0,0,0
1.660990998256107,0,0,0,0,0,0
1.6867280806501113,0,0,0,0,0,0
1.712863959552255,0,0,0,0,0,0
1.739404814320885,0,0,0,0,0,0
1.7663569200636047,0,0,0,0,0,0
1.7937266491209123,0,0,0,0,0,0
1.821520472572825,0,0,0,0,0,0
1.8497449617688486,0,0,0,0,0,0
1.8784067898816574,0,0,0,0,0,0
1.907512733484843,0,0,0,0,0,0
1.937069674155115,0,0,0,0,0,0
1.9670846000993254,0,0,0,0,0,0
1.9975646078067046,0,0,0,0,0,0
2.0285169037266977,0,0,0,0,0,0
2.0599488059728017,0,0,0,0,0,0
2.0918677460527997,0,0,0,0,0,0
2.1242812706258083,0,0,0,0,0,0
2.1571970432865504,0,0,0,0,0,0
2.1906228463772712,0,0,0,0,0,0
2.2245665828277357,0,0,0,0,0,0
2.2590362780237347,0,0,0,0,0,0
2.29404008170454,0,0,0,0,0,0
2.329586269889766,0,0,0,0,0,0
2.365683246836085,0,0,0,0,0,0
2.4023395470242623,0,0,0,0,0,0
2.4395638371769803,0,0,0,0,0,0
2.4773649183079307,0,0,0,0,0,0
2.5157517278026535,0,0,0,0,0,0
2.554733341531623,0,0,0,0,0,0
2.594318975996074,0,0,0,0,0,0
2.6345179905070752,0,0,0,0,0,0
2.6753398893983733,0,0,0,0,0,0
2.7167943242735197,0,0,0,0,0,0
2.7588910962878193,0,0,0,0,0,0
2.8016401584656356,0,0,0,0,0,0
2.845051618053608,0,0,0,0,0,0
2.8891357389103254,0,0,0,0,0,0
2.9339029439330293,0,0,0,0,0,0
2.9793638175219255,0,0,0,0,0,0
3.025529108082672,0,0,0,0,0,0
3.072409730567644,0,0,0,0,0,0
3.1200167690565834,0,0,0,0,0,0
3.1683614793772246,0,0,0,0,0,0
3.217455291766536,0,0,0,0,0,0
3.267309813573194,0,0,0,0,0,0
3.3179368320019273,0,0,0,0,0,0
3.369348316900395,0,0,0,0,0,0
3.421556423589239,0,0,0,0,0,0
3.474573495735992,0,0,0,0,0,0
3.528412068273513,0,0,0,0,0,0
3.5830848703636495,0,0,0,0,0,0
3.6386048284068178,0,0,0,0,0,0
3.6949850690982182,0,0,0,0,0,0
3.752238922531404,0,0,0,0,0,0
3.810379925349945,0,0,0,0,0,0
3.869421823947923,0,0,0,0,0,0
3.929378577720018,0,0,0,0,0,0
3.9902643623619536,0,0,0,0,0,0
4.052093573222091,0,0,0,0,0,0
4.1148808287049485,0,0,0,0,0,0
4.178640973727456,0,0,0,0,0,0
4.243389083228772,0,0,0,0,0,0
4.3091404657344805,0,0,0,0,1.163531078116695e+15,0
4.3759106669760195,0,0,0,0,2.2175441793790142e+15,0
4.443715473566186,0,0,0,0,4.728886483075095e+15,0
4.512570916731599,0,0,0,0,5.591953046479065e+15,0
4.58249327610299,0,0,0,0,7.624012312479907e+15,0
4.653499083564235,0,0,0,0,1.0548486594045182e+16,0
4.725605127161015,0,0,0,0,1.4118156191556276e+16,0
4.798828455070057,0,0,0,0,1.8463473008903972e+16,0
4.873186379629853,0,0,0,0,2.3636982390174036e+16,0
4.94869648143387,0,0,0,0,2.9772210544883336e+16,0
5.025376613487146,0,0,0,0,3.7224556115234104e+16,0
5.10324490542733,0,0,0,0,4.626089368353335e+16,0
5.182319767811089,0,0,0,0,5.736622623556673e+16,0
5.262619896466973,0,0,0,0,7.036132505933417e+16,0
5.344164276915693,0,0,0,0,8.612157903620446e+16,0
5.426972188858914,0,0,0,0,1.0490065797823307e+17,0
5.5110632107375865,0,0,0,0,1.2725340728728518e+17,0
5.596457224360921,0,0,0,0,1.5384632436160726e+17,0
5.683174419607086,0,0,0,0,1.8558781047297043e+17,0
5.7712352991967375,0,0,0,0,2.2312736206268803e+17,0
5.860660683540518,0,0,0,0,2.6783936324154547e+17,0
5.951471715661671,0,0,0,0,3.209250574273148e+17,0
6.0436898661949305,0,0,0,0,3.839749606412603e+17,0
6.137336938462861,0,0,0,0,4.5891679758961984e+17,0
6.232435073630856,0,0,0,0,5.481434670516511e+17,0
6.329006755942036,0,0,0,0,6.544396543137583e+17,0
6.427074818033227,0,0,0,0,7.812764559258149e+17,0
6.526662446333334,0,0,0,0,9.329176676357106e+17,0
6.627793186545349,0,0,0,0,1.1148405093611776e+18,0
6.730490949213317,0,0,0,0,1.3339372920938335e+18,0
6.834780015375549,0,0,0,0,1.598802470319909e+18,0
6.940685042305438,0,0,0,0,1.9211795850881503e+18,0
7.048231069341223,0,0,0,0,2.3156710562083476e+18,0
7.1574435238061,0,0,0,0,2.803458758369218e+18,0
7.268348227020047,0,0,0,0,3.4135206403109407e+18,0
7.3809714004048095,0,0,0,0,4.188366660681688e+18,0
7.495339671683495,0,0,0,0,5.193422095153806e+18,0
7.611480081176205,0,0,0,0,6.536100337762201e+18,0
7.729420088193236,0,0,0,0,8.409275042512072e+18,0
7.849187577527353,0,0,0,0,1.1200528249807512e+19,0
7.970810866046626,0,0,0,0,1.5770798974051893e+19,0
8.094318709389453,0,0,0,0,2.367665803537184e+19,0
8.219740308763328,0,0,0,0,3.5450389526188335e+19,0
8.34710531784891,0,0,0,0,4.971166246217515e+19,0
8.476443849811133,0,0,0,0,6.5380255132399346e+19,0
8.607786484418895,0,0,0,0,8.19778375077447e+19,0
8.741164275275128,0,0,0,0,9.928874709366296e+19,0
8.876608757158822,0,0,0,0,1.172053346525334e+20,0
9.0141519534809,0,0,0,0,1.3566923387898774e+20,0
9.15382638385553,0,0,0,0,1.5464696743788934e+20,0
9.295665071788848,0,0,0,0,1.7411868483188906e+20,0
9.439701552486744,0,0,0,0,1.9407247523091372e+20,0
9.58596988078367,0,0,0,0,2.1450127812797297e+20,0
9.734504639194283,0,0,0,0,2.3540110147257745e+20,0
9.885340946089869,0,0,0,0,2.5676994061056593e+20,0
10.038514464001436,0,0,0,0,2.7860709272935504e+20,0
10.194061408051505,0,0,0,0,3.0091270415473266e+20,0
10.352018554516485,0,0,0,0,3.236874595502942e+20,0
10.512423249521811,0,0,0,0,3.469323600120739e+20,0
10.675313417871703,0,0,0,0,3.7064855803347016e+20,0
10.84072757201585,0,0,0,0,3.9483722937261117e+20,0
11.008704821154986,0,0,0,0,4.19499469015994e+20,0
11.17928488048752,0,0,0,0,4.446362028198497e+20,0
11.352508080599524,0,0,0,0,4.702481091803889e+20,0
11.528415377000135,0,0,0,0,4.9633554685803266e+20,0
11.707048359804784,0,0,0,0,5.228984862363063e+20,0
11.888449263568402,0,0,0,0,5.4993644210973324e+20,0
12.072660977271033,0,0,0,0,5.774484066344311e+20,0
12.259727054458164,0,0,0,0,6.054327814402028e+20,0
12.449691723538168,0,0,0,0,6.338873082052272e+20,0
12.642599898239336,0,0,0,0,6.628089971787027e+20,1.9889988017327175e+12
12.838497188228892,0,0,0,0,6.921940533052796e+20,6.437492309357069e+12
13.03742990989659,0,0,0,0,7.220377997224107e+20,1.1360098341322193e+13
13.239445097305408,0,0,0,0,7.523345985053458e+20,1.8532792843124758e+13
13.44459051331187,0,0,0,0,7.83077768619523e+20,2.6423563561796242e+13
13.652914660858764,0,0,7.306704451873285e+19,0,8.142595011154801e+20,3.619537119916966e+13
13.864466794442725,0,0,1.4869055078204077e+20,0,8.45870771670108e+20,4.793236133822311e+13
14.07929693175963,0,0,2.014275448611883e+20,0,8.779012506423124e+20,6.183733718333559e+13
14.297455865530372,0,0,2.5090877618282742e+20,0,9.103392108715741e+20,7.806332173431673e+13
14.518995175509852,0,0,3.016389196486058e+20,0,9.431714335067321e+20,9.561050417727908e+13
14.743967240682137,0,0,3.542357596858347e+20,0,9.763831122082312e+20,1.170655345458248e+14
14.972425251644468,0,0,3.9189623337111834e+20,0,1.0099577561211471e+21,1.4244296789671306e+14
15.204423223183282,0,0,4.366779034872547e+20,0,1.0438770920665467e+21,1.722647430786607e+14
15.440016007044992,0,0,4.8055005216726856e+20,0,1.078120966444114e+21,2.0717208556314366e+14
15.679259304904683,0,0,5.2384051723745473e+20,0,1.1126672473779398e+21,2.4790815890077734e+14
15.922209681535847,0,0,5.668436668723734e+20,0,1.1474917276654684e+21,2.953233652072284e+14
16.168924578184015,0,0,6.11282243923943e+20,0,1.182568029103996e+21,3.5038662293180975e+14
16.419462326147777,0,0,6.537932171780949e+20,0,1.217867508763631e+21,4.141997270516417e+14
16.673882160570116,0,0,6.977790854030732e+20,0,1.2533591677418705e+21,4.8801417444508125e+14
16.93224423444352,0,0,7.418235907685855e+20,0,1.2890095628639365e+21,5.732504211327449e+14
17.194609632832083,0,0,7.858554517137753e+20,0,1.324782721668168e+21,6.715197436349521e+14
17.461040387313936,0,0,8.298581103984416e+20,0,1.360640060818698e+21,7.846489766617795e+14
17.73159949064753,0,0,8.740980068386156e+20,0,1.3965403077882893e+21,9.147084668875188e+14
18.006350911665116,0,0,9.206109147275108e+20,0,1.4324394252123326e+21,1.0640436413089764e+15
18.285359610397034,0,0,9.641479478715603e+20,0,1.4682905366700465e+21,1.2353106476842532e+15
18.568691553430373,0,0,1.0098395264591586e+21,0,1.504043851712716e+21,1.4315165879759382e+15
18.856413729505523,0,0,1.0557123567595713e+21,0,1.5396465865959966e+21,1.6560649358377662e+15
19.148594165354513,0,0,1.1017487993654631e+21,0,1.5750428751771224e+21,1.912806807985586e+15
19.445301941784667,0,0,1.1480381420094011e+21,0,1.6101736614805653e+21,2.2060988480471558e+15
19.746607210011557,0,0,1.1949569168365983e+21,0,1.6449765609893365e+21,2.5408685821778475e+15
20.052581208244966,0,0,1.242440849443775e+21,0,1.6793856709084963e+21,2.922688219768982e+15
20.363296278531866,0,0,1.2887450484344517e+21,0,1.7133312989842582e+21,3.357858002187381e+15
20.678825883860462,0,0,1.336353035822148e+21,0,1.746739563335004e+21,3.8535003497657615e+15
20.99924462552911,0,0,1.3834505828896447e+21,0,1.7795317874177697e+21,4.417666224747039e+15
21.32462826078453,0,0,1.431024881095382e+21,0,1.8116235657823346e+21,5.059455318589394e+15
21.655053720733168,0,0,1.4780666568858277e+21,0,1.8429232900705957e+21,5.789151889159923e+15
21.990599128530228,0,0,1.5257111101598542e+21,0,1.873329764472564e+21,6.618378320890316e+15
22.331343817850474,0,0,1.5724213575655686e+21,0,1.9027282261491096e+21,7.560268763246902e+15
22.677368351645235,0,0,1.6191197821030645e+21,0,1.93098343387147e+21,8.629665525091766e+15
23.028754541190068,0,0,1.6655544749819505e+21,0,1.9579270327777737e+21,9.843341270562166e+15
23.385585465427578,0,0,1.711520182746953e+21,0,1.9833328805960915e+21,1.1220250482854568e+16
23.74794549060992,0,0,1.7569889021964032e+21,0,2.0068647243327618e+21,1.2781814143655248e+16
24.115920290245718,0,0,1.801803878707885e+21,0,2.0279547528896599e+21,1.455224212723617e+16
24.489596865355956,0,0,1.84567401415815e+21,0,2.0455157166756934e+21,1.6558898439976516e+16
24.8690635650439,0,0,1.8886467364773332e+21,0,2.0575444992876355e+21,1.8832715160937744e+16
25.25441010738353,0,0,1.9306105398721915e+21,0,2.061915548685226e+21,2.1408661771452704e+16
25.64572760063193,0,0,1.9714194251963548e+21,0,2.0584664578723702e+21,2.4326277518615856e+16
26.04310856476999,0,0,2.010932953218607e+21,0,2.0491260936134648e+21,2.7630275558743564e+16
26.446646953377275,0,0,2.0490050312539826e+21,0,2.0361806389080584e+21,3.13712288957822e+16
26.85643817584558,0,0,2.0854803657612727e+21,0,2.0210585033289818e+21,3.560634959331191e+16
27.272579119936733,0,0,2.120190013609791e+21,0,2.0044891748701703e+21,4.040037442954324e+16
27.69516817469005,0,0,2.1529435584483303e+21,0,1.9868610156470765e+21,4.582657212026056e+16
28.124305253684565,0,0,2.183514003708755e+21,0,1.9684012863923862e+21,5.196788949974335e+16
28.56009181866183,0,0,2.211606272935299e+21,0,1.9492553126388184e+21,5.891825667734833e+16
29.00263090351479,0,0,2.2367843145392254e+21,0,1.929523359261043e+21,6.678407424029429e+16
29.452027138648113,0,0,2.2582747615338585e+21,0,1.909279236063084e+21,7.568590912637933e+16
29.908386775716394,0,0,2.2743160720996822e+21,0,1.88858037776259e+21,8.576042993288805e+16
30.37181771274528,0,0,2.280008003404602e+21,0,1.8674736354874066e+21,9.716261726682146e+16
30.842429519642057,0,0,2.2682360930728296e+21,0,1.8459987671928443e+21,1.1006829040512539e+17
31.320333464101548,0,0,2.241548496838299e+21,0,1.8241906244907248e+21,1.2467699817620678e+17
31.805642537913254,0,0,2.208208547635807e+21,0,1.802080566520158e+21,1.4121532978262646e+17
32.29847148367634,0,0,2.1725029769189854e+21,0,1.7796973975037595e+21,1.5994071048566467e+17
32.79893682192833,0,0,2.1359261535160057e+21,0,1.757068001033579e+21,1.8114575794128288e+17
33.30715687869446,0,0,2.099071523685749e+21,0,1.7342177758072752e+21,2.0516328785054218e+17
33.82325181346352,0,0,2.0622149704502553e+21,0,1.7111709382469298e+21,2.3237207287898694e+17
34.347343647597604,0,0,2.0254997443130693e+21,0,1.6879507340479847e+21,2.6320347701835984e+17
34.87955629318179,0,0,1.9890065133588122e+21,0,1.6645795863572972e+21,2.9814910934025005e+17
35.42001558232088,0,0,1.9527838261333524e+21,0,1.641079199234265e+21,3.3776966720947424e+17
35.968849296890205,0,0,1.91686274063341e+21,0,1.617470629208394e+21,3.827051704653353e+17
36.526187198747294,0,0,1.8812643733638535e+21,0,1.5937743338922946e+21,4.336868260731953e+17
37.0921610604118,0,0,1.846004005201196e+21,0,1.5700102040148703e+21,4.9155080885489574e+17
37.666904696220676,0,0,1.81109340121146e+21,0,1.5461975834619672e+21,5.572543001034022e+17
38.25055399396614,0,0,1.7765421564285438e+21,0,1.5223552806731176e+21,6.31894194707782e+17
38.843246947024056,0,0,1.74235848928321e+21,0,1.498501573867037e+21,7.167289721196108e+17
39.44512368697978,0,0,1.708549712239322e+21,0,1.4746542119394833e+21,8.132043313093532e+17
40.05632651675993,0,0,1.6751225095116221e+21,1.0322762534627056e+16,1.450830412420173e+21,9.229833203124992e+17
40.676999944277235,0,0,1.6420830977039464e+21,2.9816615694850996e+16,1.4270468575376717e+21,1.0479818543161303e+18
41.30729071659683,0,0,1.6094373148129045e+21,4.529477940381795e+16,1.4033196891911448e+21,1.190410722131398e+18
41.947347854632106,0,0,1.5771906654022937e+21,8.035950799775082e+16,1.3796645034366712e+21,1.3528254422350848e+18
42.597322688377815,1.1791258551399549e+20,0,1.5453483392392736e+21,1.0433221259460811e+17,1.3560963449530742e+21,1.538185663781347e+18
43.25736889268947,2.0636604867076863e+20,0,1.513915214272433e+21,1.4355811897987747e+17,1.3326297018390864e+21,1.7499262388449362e+18
43.92764252361696,2.5409036649232092e+20,0,1.4828958508471437e+21,1.919951636105882e+17,1.3092785010081082e+21,1.9920426524350472e+18
44.60830205530116,2.9192731917739305e+20,0,1.4522944815366537e+21,2.5238299865728733e+17,1.2860561043783274e+21,2.26919423216869e+18
45.29950841744238,4.4068453212917334e+20,0,1.422114999356313e+21,3.201470701322231e+17,1.2629753060017835e+21,2.586829534322262e+18
46.001425033349186,4.279156916172962e+20,0,1.392360946086455e+21,4.003433822586354e+17,1.2400483302329426e+21,2.951339609305869e+18
46.714217858576994,5.406286008781854e+20,0,1.3630355017506252e+21,4.9891387161156416e+17,1.2172868310032992e+21,3.3702466207311007e+18
47.438055420165185,6.694087147049993e+20,0,1.3341414758514953e+21,6.180465650758728e+17,1.1947018922394732e+21,3.852437724204708e+18
48.173108856482436,8.094423895708295e+20,0,1.3056813006759246e+21,7.613933954835022e+17,1.1723040294405955e+21,4.408457497868529e+18
48.919551957689094,8.880302362301344e+20,0,1.2776570267908655e+21,9.334376710311466e+17,1.1501031924119901e+21,5.050877002553003e+18
49.677561206826915,8.964856253152665e+20,0,1.2500703207291987e+21,1.139563549634252e+18,1.1281087691369097e+21,5.794764427523893e+18
50.44731582154528,9.048740033556834e+20,0,1.2229224647871486e+21,1.3862172868840415e+18,1.1063295907563909e+21,6.65829234626282e+18
51.22899779647387,9.214398218843246e+20,0,1.1962143588073637e+21,1.6811246563309012e+18,1.0847739376174538e+21,7.663531649471961e+18
52.02279194625218,1.0940099923142836e+21,0,1.169946523794635e+21,2.0335682654388198e+18,1.0634495463416847e+21,8.837505216445539e+18
52.82888594922545,1.3829766533378752e+21,0,1.1441191071975882e+21,2.454739220820807e+18,1.0423636178604664e+21,1.0213610450296154e+19
53.647470391817954,1.1782568293830807e+21,0,1.1187318896850622e+21,2.958185489032354e+18,1.0215228263583188e+21,1.183357804430542e+19
54.478738813593736,1.27732978849973e+21,0,1.0937842932472772e+21,3.5603889309492157e+18,1.0009333290621756e+21,1.3750231605893835e+19
55.32288775301548,2.9779328928434634e+21,0,1.0692753904570671e+21,4.2815166783208074e+18,9.806007768117856e+20,1.6031481592656564e+19
56.18011679391245,1.6499070092986803e+21,0,1.0452039147340686e+21,5.146413026269286e+18,9.605303253453862e+20,1.876629364550095e+19
57.050628612668696,1.6117354142833768e+21,0,1.0215682714637523e+21,6.185929717136738e+18,9.407266472331014e+20,2.207395891874355e+19
57.934629026142126,1.8449061123194704e+21,0,9.983665498329982e+20,7.438742966068877e+18,9.211939443913382e+20,2.6119193976594543e+19
58.832327040326035,2.1467762839472033e+21,0,9.755965352538974e+20,8.953888548339976e+18,9.019359611110716e+20,3.1138244432546095e+19
59.74393489976512,2.337553017879486e+21,0,9.53255722257568e+20,1.0794387691153189e+19,8.829559975342831e+20,3.748756418032297e+19
60.66966813773669,2.2553327022399567e+21,0,9.313413277495508e+20,1.3042587951779717e+19,8.642569235140059e+20,4.574376961314704e+19
61.60974562720971,2.2171065916595314e+21,0,9.098503045278646e+20,1.5808313121851173e+19,8.458411927953987e+20,5.6932663699496526e+19
62.56438963259324,2.6205876008958e+21,0,8.887793549738226e+20,1.924184821464464e+19,8.277108574567926e+20,7.30669922649008e+19
63.53382586228696,2.3775027383883273e+21,0,8.681249448343152e+20,2.3555773907291697e+19,8.098675825525347e+20,9.77942170926988e+19
64.51828352204595,2.503895798439713e+21,0,8.478833170223417e+20,2.90643069855906e+19,7.923126609016159e+20,1.3524659551427494e+20
65.51799536917214,3.459493506029123e+21,0,8.280505053701588e+20,3.6260937894530597e+19,7.750470279687969e+20,1.8816326182404424e+20
66.53319776754567,2.8650795522357823e+21,0,8.086223482765275e+20,4.599155943924752e+19,7.580712767876976e+20,2.5800708610493507e+20
67.56413074350864,3.408814908113744e+21,0,7.895945021961192e+20,5.990370251030569e+19,7.413856728785235e+20,3.453906902562282e+20
68.61103804261539,2.903739392696856e+21,0,7.709624549253045e+20,8.16387600795412e+19,7.249901691155558e+20,4.5013030866401676e+20
69.67416718726157,3.6234335487605374e+21,0,7.527215386442714e+20,1.1770868390450641e+20,7.08884420502927e+20,5.710819488176824e+20
70.75376953520617,3.2022709783128755e+21,0,7.348669426806064e+20,1.738147594973108e+20,6.930677988201871e+20,7.060507386348466e+20
71.85010033900097,3.694992571537868e+21,0,7.173937259644252e+20,2.526527564042578e+20,6.775394071018458e+20,8.522923317126243e+20
72.96341880633994,3.124388005170767e+21,0,7.002968291495735e+20,3.55034835566359e+20,6.622980939184679e+20,1.0072093441412348e+21
74.09398816134461,3.5000832175971725e+21,0,6.835710863795145e+20,4.803129149185038e+20,6.473424674295332e+20,1.1684178505242045e+21
75.24207570679857,3.2216589832006187e+21,0,6.672112366803305e+20,6.261605801797382e+20,6.326709091811656e+20,1.333539617849227e+21
76.40795288734616,3.278495312698248e+21,0,6.512119349666872e+20,7.887211099960463e+20,6.18281587624716e+20,1.500061994862686e+21
77.59189535367105,2.675006354104669e+21,0,6.355677626497683e+20,9.6396085788787e+20,6.041724713348193e+20,1.6652389216407144e+21
78.79418302766868,2.2059369725737482e+21,0,6.202732378390246e+20,1.1484426587204133e+21,5.903413419079645e+20,1.8258999778840006e+21
80.01510016862886,1.8863101048817915e+21,0,6.05322825132201e+20,1.3389819336651574e+21,5.767858065255426e+20,1.9779906628062717e+21
81.25493544044353,1.6312401635098252e+21,0,5.907109449904545e+20,1.5323149073965195e+21,5.635033101670313e+20,2.1166213065657793e+21
82.51398197985633,1.417933159919083e+21,0,5.76431982697421e+20,1.7249569895219009e+21,5.5049114746199415e+20,2.2382430537360938e+21
83.79253746576958,1.2399329126396836e+21,0,5.6248029690308605e+20,1.913072377664451e+21,5.377464741709614e+20,2.3415890821194478e+21
85.09090418962502,1.1059062315024126e+21,0,5.488502277549159e+20,2.0920609969970151e+21,5.2526631828798027e+20,2.4267395013132146e+21
86.40938912687518,1.0208996991300962e+21,0,5.3553610462023896e+20,2.255666844978783e+21,5.130475907587764e+20,2.494496083148351e+21
87.74830400956199,9.597929571470174e+20,0,5.225322534052157e+20,2.397521192426804e+21,5.010870958109619e+20,2.5461332235528244e+21
89.10796540002063,9.087260798806964e+20,0,5.0983300347684625e+20,2.5149134577056324e+21,4.893815408936368e+20,2.5833064138572127e+21
90.48869476572482,8.637877726960399e+20,0,4.974326941955417e+20,2.6080075286822797e+21,4.779275462260999e+20,2.6080448455430017e+21
91.89081855529169,8.233261310368555e+20,0,4.8532568106660875e+20,2.678279802586619e+21,4.667216539557273e+20,2.6227746049931577e+21
93.31466827566534,7.864114617172849e+20,0,4.73506341519773e+20,2.7279255136051774e+21,4.5576033692744076e+20,2.630153110738199e+21
94.76058057049502,7.524345755968487e+20,0,4.6196908032648905e+20,2.759673715684401e+21,4.450400070674824e+20,2.6324903294718297e+21
96.22889729972898,7.209592148538153e+20,0,4.507083346653085e+20,2.776782860943659e+21,4.345570233860484e+20,2.6313208625264533e+21
97.71996562044093,6.91654776200475e+20,0,4.397185788459989e+20,2.7830112336357496e+21,4.243076996033666e+20,2.6275400690032543e+21
99.23413806890878,6.642608456700597e+20,0,4.2899432870345415e+20,2.782005781629207e+21,4.142883114056904e+20,2.621674938964183e+21
100.77177264396603,6.385664776398331e+20,0,4.185301456726548e+20,2.7763427790348207e+21,4.044951033376812e+20,2.614054029638659e+21
102.33323289164382,6.143971385918118e+20,0,4.0832064055618214e+20,2.7674738949459505e+21,3.949242953385332e+20,2.6048952247677716e+21
103.91888799112502,5.916059971715225e+20,0,3.9836047699580617e+20,2.756196763525332e+21,3.855720889300659e+20,2.594351366089201e+21
105.52911284202962,5.7006785090431346e+20,0,3.8864437465982114e+20,2.7429800145154773e+21,3.764346730651407e+20,2.5825352355527273e+21
107.16428815305359,5.496747402697768e+20,0,3.7916711215772834e+20,2.728121044800321e+21,3.675082296450664e+20,2.5695339979971614e+21
108.82480053198027,5.3033269016744e+20,0,3.699235296938266e+20,2.7118219971772054e+21,3.5878893871598436e+20,2.5554179588491806e+21
110.51104257708671,5.119592316864401e+20,0,3.6090853147121313e+20,2.6942287587206056e+21,3.5027298335292555e+20,2.5402460895383074e+21
112.22341296996657,4.944814800116733e+20,0,3.5211708785753175e+20,2.6754523663296606e+21,3.41956554242058e+20,2.524069627978858e+21
113.9623165697916,4.778346186014737e+20,0,3.435442373236363e+20,2.65558144706299e+21,3.338358539707212e+20,2.5069344860291056e+21
115.72816450903252,4.619606864669453e+20,0,3.351850881661684e+20,2.634689791532402e+21,3.259071010353346e+20,2.488882891816247e+21
117.52137429066467,4.468075957219514e+20,0,3.270348200248268e+20,2.612841138668269e+21,3.1816653357769235e+20,2.4699545267141896e+21
119.34236988687861,4.3232832685977285e+20,0,3.190886852048274e+20,2.590092288645718e+21,3.106104128593005e+20,2.4501873199950285e+21
121.19158183932102,4.184802631218117e+20,0,3.113420098148661e+20,2.566495174696118e+21,3.0323502648448575e+20,2.4296180064662947e+21
123.06944736088799,4.0522463507205476e+20,0,3.03790194730525e+20,2.5420982655014886e+21,2.960366913818971e+20,2.408282516898181e+21
124.97641043909687,3.92526053456876e+20,0,2.964287163928873e+20,2.5169475253759283e+21,2.890117565549329e+20,2.3862162485822164e+21
126.91292194105871,3.803521134939153e+20,7.500125885535356e+20,2.8925312745174313e+20,2.4910870755786956e+21,2.8215660561060502e+20,2.363454248800385e+21
128.8794397200775,3.6867305747256974e+20,1.618753516904571e+21,2.8225905726250366e+20,2.4645596497278853e+21,2.7546765907690937e+20,2.3400313343326023e+21
130.87642872390185,3.574614853475498e+20,2.430302056911551e+21,2.7544221224563658e+20,2.4374069050949795e+21,2.6894137651818293e+20,2.3159821636025532e+21
132.90436110465316,3.4669210512872794e+20,3.1252058945308894e+21,2.6879837611710117e+20,2.4096696317284246e+21,2.6257425845801193e+20,2.2913412735694107e+21
134.96371633045774,3.363415164973988e+20,3.850440183172296e+21,2.6232340999798918e+20,2.3813878884422213e+21,2.5636284811896806e+20,2.266143090325011e+21
137.0549812988079,3.263880223396337e+20,4.440680944309994e+21,2.56013252411195e+20,2.3526010861168118e+21,2.5030373298788726e+20,2.2404219201174328e+21
139.1786504516808,3.168114638734674e+20,5.016318982341038e+21,2.49863919172722e+20,2.3233480329364761e+21,2.4439354621608768e+20,2.2142119259091627e+21
141.33522589244006,3.075930758248671e+20,5.343840229731112e+21,2.438715031848179e+20,2.2936669521687735e+21,2.3862896786251884e+20,2.1875470933903863e+21
143.52521750454886,2.987153587265838e+20,5.546681212819763e+21,2.3803217413790846e+20,2.2635954802736654e+21,2.3300672598860936e+20,2.1604611894974231e+21
145.74914307212276,2.9016196591035646e+20,5.333861334210294e+21,2.3234217812796375e+20,2.2331706511231736e+21,2.2752359761253486e+20,2.1329877158197409e+21
148.00752840235108,2.8191760316367303e+20,4.968039845729849e+21,2.2679783719560646e+20,2.2024288706639409e+21,2.221764095311008e+20,2.1051598587834157e+21
150.30090744981345,2.739679393479508e+20,4.6487951717109203e+21,2.213955487930428e+20,2.171405885294886e+21,2.1696203901641438e+20,2.0770104381065506e+21
152.6298224427248,2.6629952654125967e+20,4.3871037383646165e+21,2.1613178518455756e+20,2.1401367464465866e+21,2.1187741439496238e+20,2.0485718547228066e+21
154.99482401113477,2.588997284877002e+20,4.1661098880714654e+21,2.110030927860468e+20,2.1086557732598246e+21,2.0691951551595876e+20,2.019876039128941e+21
157.39647131711482,2.5175665631659255e+20,3.9743237171331397e+21,2.0600609144883036e+20,2.0769965148138284e+21,2.020853741157302e+20,1.9909544009212004e+21
159.8353321869613,2.4485911064510598e+20,3.8043673315801783e+21,2.0113747369265044e+20,2.0451917130115195e+21,1.973720740847163e+20,1.961837780130177e+21
162.31198324544854,2.3819652930360613e+20,3.6513152034228504e+21,1.963940038925726e+20,2.0132732669636649e+21,1.9277675164329424e+20,1.9325564008381997e+21
164.82701005216117,2.31758940028406e+20,3.5117407529240693e+21,1.9177251742423705e+20,1.981272199505307e+21,1.8829659543235002e+20,1.9031398274556478e+21
167.38100723993864,2.2553691755541502e+20,3.383174704767236e+21,1.8726991977163126e+20,1.9492186263137375e+21,1.83928846524467e+20,1.873616923949371e+21
169.9745786554662,2.1952154462328898e+20,3.2637845398534855e+21,1.8288318560139457e+20,1.917141727966287e+21,1.796707983611769e+20,1.8440158162382349e+21
172.6083375020432,2.1370437645850483e+20,3.1521762980599746e+21,1.78609357807374e+20,1.8850697251710642e+21,1.7551979662120953e+20,1.8143638579105099e+21
175.2829064845642,2.0807740836914823e+20,3.047267120243476e+21,1.7444554652897722e+20,1.8530298573191924e+21,1.7147323902543328e+20,1.7846875993664415e+21
177.99891795674563,2.026330461207283e+20,2.948200445262593e+21,1.703889281466429e+20,1.8210483644382624e+21,1.6752857508230444e+20,1.755012760438087e+21
180.75701407063553,1.9736407880725732e+20,2.854287909062441e+21,1.664367442575634e+20,1.7891504725708481e+21,1.6368330577940457e+20,1.7253642065075485e+21
183.55784692843844,1.922636539652108e+20,2.764968516277745e+21,1.625863006345881e+20,1.757360382556571e+21,1.5993498322427652e+20,1.6957659281021542e+21
186.40207873669218,1.8732525470767356e+20,2.6797793094139694e+21,1.5883496617106758e+20,1.725701262159134e+21,1.562812102396406e+20,1.6662410239250203e+21
189.2903819628365,1.8254267868169758e+20,2.5983338861911275e+21,1.5518017181421788e+20,1.6941952414498082e+21,1.5271963991640516e+20,1.6368116872486925e+21
192.22343949420494,1.779100186742367e+20,2.520306394014932e+21,1.5161940948942235e+20,1.6628634113349e+21,1.492479751279177e+20,1.607499195580904e+21
195.20194479948074,1.734216447114891e+20,2.445419422754223e+21,1.4815023101769938e+20,1.6317258250953926e+21,1.4586396800955867e+20,1.578323903495288e+21
198.22660209265612,1.690721875134606e+20,2.373434721222651e+21,1.4477024702848957e+20,1.6008015027922558e+21,1.4256541940646306e+20,1.549305238502869e+21
201.29812649953038,1.6485652318045035e+20,2.3041459914452954e+21,1.4147712586965946e+20,1.5701084383792574e+21,1.3935017829269465e+20,1.5204616998295036e+21
204.41724422678882,1.6076975900121144e+20,2.2373732337025713e+21,1.3826859251657651e+20,1.5396636093570052e+21,1.3621614116490507e+20,1.4918108599552636e+21
207.5846927337005,1.5680722028401787e+20,2.1729582640034428e+21,1.351424274819431e+20,1.509482988796181e+21,1.3316125141297675e+20,1.4633693687627933e+21
210.80122090647836,1.529644381220018e+20,2.1107611283857122e+21,1.3209646572792111e+20,1.4795815595543634e+21,1.301834986704732e+20,1.4351529601375737e+21
214.06758923533934,1.4923713801305614e+20,2.050657210602475e+21,1.2912859558205238e+20,1.4499733305097516e+21,1.2728091814740517e+20,1.4071764608591643e+21
217.384569994308,1.4562122926252578e+20,1.9925348811836115e+21,1.26236757658226e+20,1.4206713546347698e+21,1.2445158994733625e+20,1.379453801619244e+21
220.75294742380805,1.421127951039238e+20,1.936293573012623e+21,1.2341894378398423e+20,1.3916877487346934e+21,1.2169363837137736e+20,1.3519980300028307e+21
224.17351791608093,1.3870808347914941e+20,1.8818421957315236e+21,1.2067319593526986e+20,1.363033714679161e+21,1.1900523121062157e+20,1.3248213252684946e+21
227.64709020347905,1.3540349842525508e+20,1.8290978213891476e+21,1.1799760517964826e+20,1.3347195619582733e+21,1.1638457902948429e+20,1.2979350147661273e+21
231.17448554967513,1.321955920197417e+20,1.7779845887796692e+21,1.1539031062891579e+20,1.3067547313999952e+21,1.1382993444119667e+20,1.2713495918323599e+21
234.75653794383626,1.2908105684081462e+20,1.7284327852690988e+21,1.1284949840201127e+20,1.279147819891175e+21,1.1133959137748314e+20,1.2450747350077633e+21
238.39409429780557,1.2605671890297753e+20,1.6803780735585244e+21,1.1037340059894764e+20,1.2519066059505124e+21,1.0891188435370605e+20,1.2191193284241088e+21
242.08801464633743,1.2311953103191346e+20,1.6337608374828778e+21,1.0796029428650821e+20,1.2250380760086725e+21,1.065451877312313e+20,1.1934914832153678e+21
245.8391723504401,1.2026656664576583e+20,1.588525626097204e+21,1.0560850049628786e+20,1.1985484512575475e+21,1.0423791497790222e+20,1.1681985598098976e+21
249.64845430386447,1.174950139128367e+20,1.54462067932616e+21,1.0331638323570344e+20,1.172443214938315e+21,1.0198851792822269e+20,1.1432471909690038e+21
253.51676114279385,1.1480217025827735e+20,1.501997521616184e+21,1.0108234851241122e+20,1.1467271399450626e+21,9.979548604433754e+19,1.1186433054426682e+21
257.4450074587844,1.1218543719468048e+20,1.4606106125343054e+21,9.89048433726436e+19,1.1214043166287449e+21,9.765734567883614e+19,1.0943921521189993e+21
261.43412201500314,1.0964231545360862e+20,1.420417045252772e+21,9.678235495378336e+19,1.0964781806935094e+21,9.55726593401687e+19,1.0704983245510083e+21
265.4850479658174,1.0717040039697e+20,1.3813762854571732e+21,9.47134095515498e+19,1.0719515410853851e+21,9.354002496191282e+19,1.046965785751891e+21
269.5987430797862,1.0476737768890232e+20,1.343449944504159e+21,9.269657170208806e+19,1.0478266077807364e+21,9.155807517646727e+19,1.0237978931557171e+21
273.77617996610843,1.0243101921036619e+20,1.3066015816983668e+21,9.073044327917755e+19,1.024105019389262e+21,8.96254765941828e+19,1.0009974236483053e+21
278.0183463045784,1.0015917920009922e+20,1.2707965314080472e+21,8.881366260681333e+19,1.0007878704938384e+21,8.774092908821642e+19,9.78566598578686e+20
282.32624507910407,9.794979060683923e+19,1.2360017514338436e+21,8.694490358724965e+19,9.778757386562066e+20,8.590316508609628e+19,9.56507108669537e+20
286.70089481484587,9.58008616389277e+19,1.202185689616546e+21,8.512287484470506e+19,9.553687110247513e+20,8.411094886864396e+19,9.348201387517765e+20
291.14332981902794,9.371047249846547e+19,1.1693181661410526e+21,8.334631888478364e+19,9.332664104869698e+20,8.236307587624919e+19,9.135063922527075e+20
295.6546004254819,9.16767722881641e+19,1.1373702693844344e+21,8.161401126967925e+19,9.115680213156144e+20,8.065837202363906e+19,8.925661153768545e+20
300.23577324297815,8.969797607994011e+19,1.1063142634810333e+21,7.992475980921584e+19,8.902723142636537e+20,7.899569302299523e+19,8.719991209218998e+20
304.8879314074085,8.777236213510798e+19,1.0761235060488398e+21,7.82774037677285e+19,8.693776710688155e+20,7.73739237162262e+19,8.518048116794741e+20
309.61217483787186,8.589826926677847e+19,1.0467723747488363e+21,7.667081308674195e+19,8.488821083339737e+20,7.579197741637835e+19,8.319822033756498e+20
314.4096204967317,8.407409433574936e+19,1.0182362015400481e+21,7.510388762345062e+19,8.28783300754882e+20,7.42487952588647e+19,8.12529947112023e+20
319.28140265370166,8.229828987180815e+19,9.904912136543302e+20,7.357555640493603e+19,8.090786036714793e+20,7.274334556228871e+19,7.934463512719559e+20
324.2286731540231,8.05693618129425e+19,9.63514480451239e+20,7.20847768980117e+19,7.897650749235712e+20,7.127462319964045e+19,7.747294028635687e+20
329.2526016907971,7.888586735547859e+19,9.3728386542903e+20,7.06305342946432e+19,7.708394959959612e+20,6.984164897948182e+19,7.56376788273419e+20
334.3543760815392,7.724641290865983e+19,9.117779827662132e+20,6.921184081283796e+19,7.522983924419854e+20,6.844346903777673e+19,7.383859134107522e+20
339.53520254901616,7.564965214762972e+19,8.869761578521001e+20,6.7827735012835434e+19,7.341380535780394e+20,6.707915424056174e+19,7.207539232259874e+20
344.79630600643657,7.409428415918835e+19,8.62858391336447e+20,6.647728112853781e+19,7.163545514451293e+20,6.5747799596591055e+19,7.034777205889797e+20
350.13893034705774,7.257905167507694e+19,8.394053262898887e+20,6.515956841398015e+19,6.989437590364264e+20,6.444852368149775e+19,6.865539845197191e+20
355.56433873828433,7.110273938790348e+19,8.165982181196388e+20,6.387371050469466e+19,6.819013677926583e+20,6.318046807253015e+19,6.699791877638721e+20
361.07381392032033,6.966417234513522e+19,7.944189069304632e+20,6.261884479386327e+19,6.652229043698818e+20,6.194279679413568e+19,6.537496137104045e+20
366.6686585094489,6.826221441689691e+19,7.728497920601328e+20,6.1394131822989754e+19,6.489037466861686e+20,6.073469577468019e+19,6.37861372650915e+20
372.35019530601465,6.689576683358151e+19,7.518738085524999e+20,6.01987546870206e+19,6.329391392561766e+20,5.95553723138839e+19,6.223104173827137e+20
378.1197676071745,6.556376678954527e+19,7.314744053606992e+20,5.903191845364025e+19,6.173242078241414e+20,5.84040545615764e+19,6.070925581597914e+20
383.978739524497,6.426518610939629e+19,7.116355250984756e+20,5.789284959663704e+19,6.02053973307703e+20,5.7279991006777336e+19,5.922034769981106e+20
389.9284963064804,6.299902997360098e+19,6.923415851797486e+20,5.678079544307249e+19,5.8712336506625976e+20,5.618244997861595e+19,5.776387413441485e+20
395.9704446660723,6.176433570034612e+19,6.735774602058219e+20,5.5695023634107425e+19,5.725272335089066e+20,5.511071915698813e+19,5.633938171151565e+20
402.10601311325917,6.056017158077882e+19,6.553284654764609e+20,5.463482159924828e+19,5.5826036205814284e+20,5.406410509503274e+19,5.4946408112382444e+20
408.33665229281274,5.938563576492706e+19,6.37580341515697e+20,5.35994960438899e+19,5.4431747848640384e+20,5.304193275172857e+19,5.358448328997046e+20
414.66383532726974,5.823985519575946e+19,6.203192395160773e+20,5.258837244979249e+19,5.306932656432098e+20,5.204354503545081e+19,5.225313059205297e+20
421.08905816522434,5.7121984589011935e+19,6.035317076163321e+20,5.160079458846876e+19,5.173823715916668e+20,5.1068302358041756e+19,5.095186782693425e+20
427.6138399350174,5.6031205456527974e+19,5.872046779372325e+20,5.063612404714608e+19,5.043794191731521e+20,5.011558219912157e+19,4.9680208273151944e+20
434.23972330390905,5.496672517100548e+19,5.713254543091176e+20,4.96937397671279e+19,4.9167901501981957e+20,4.918477868151176e+19,4.843766163504956e+20
440.9682748428132,5.392777607016333e+19,5.558817006321511e+20,4.877303759432097e+19,4.7927575803461724e+20,4.827530215590889e+19,4.7223734945559334e+20
447.80108539668583,5.2913614598450364e+19,5.408614298170914e+20,4.787342984177371e+19,4.671642473589392e+20,4.738657879665029e+19,4.603793341832293e+20
454.73977046065016,5.1923520484518404e+19,5.262529932602311e+20,4.699434486390635e+19,4.553390898478427e+20,4.65180502069244e+19,4.487976125058748e+20
461.7859705619535,5.095679595279702e+19,5.120450708114151e+20,4.613522664229025e+19,4.437949070732595e+20,4.5669173034335715e+19,4.374872237899348e+20
468.9413516478395,5.00127649675718e+19,4.982266611986206e+20,4.529553438270114e+19,4.325263418751028e+20,4.483941859569261e+19,4.2644321189758855e+20
476.2076054794301,4.9090772508078195e+19,4.847870728767013e+20,4.447474212326515e+19,4.2152806448056546e+20,4.402827251187339e+19,4.156606318539522e+20
483.5864500317144,4.819018387317108e+19,4.7171591527145236e+20,4.36723383534025e+19,4.107947782113736e+20,4.323523435199761e+19,4.051345560957015e+20
491.0796298997313,4.731038401423317e+19,4.5900309039342944e+20,4.288782564338867e+19,4.003212247988479e+20,4.245981728669484e+19,3.948600803213561e+20
498.6889167110486,4.645077689502185e+19,4.4663878479872544e+20,4.212072028424477e+19,3.901021893261832e+20,4.1701547750988685e+19,3.848323289602983e+20
506.416109544631,4.561078487723381e+19,4.346134618765032e+20,4.137055193776749e+19,3.801325048172827e+20,4.095996511544806e+19,3.750464602790743e+20
514.2630353562008,4.478984813061709e+19,4.229178544452515e+20,4.063686329637059e+19,3.704070564909273e+20,4.023462136659774e+19,3.654976711433919e+20
522.2315494101903,4.398742406649972e+19,4.115429576417984e+20,3.991920975261604e+19,3.609207856989765e+20,3.9525080795981234e+19,3.5618120145351456e+20
530.3235357183821,4.320298679368645e+19,4.0048002208884045e+20,3.921715907796302e+19,3.516686935666387e+20,3.883091969675243e+19,3.4709233826991813e+20
538.5409074853535,4.243602659566511e+19,3.897205473282928e+20,3.8530291110713926e+19,3.426458443527295e+20,3.815172606953813e+19,3.382264196473866e+20
546.8856075608177,4.1686049428155654e+19,3.792562755091935e+20,3.785819745270619e+19,3.3384736854708945e+20,3.748709933540038e+19,3.295788381940602e+20
555.3596088989738,4.095257643604667e+19,3.6907918532005796e+20,3.720048117451557e+19,3.2526846572208665e+20,3.6836650056650076e+19,3.211450443716901e+20
563.9649150249801,4.023514348878872e+19,3.5918148615661257e+20,3.6556756528984453e+19,3.169044071544495e+20,3.619999966547088e+19,3.129205495533529e+20
572.7035605086488,3.9533300733379576e+19,3.495556125167689e+20,3.5926648672616583e+19,3.087505382332631e+20,3.5576780199187714e+19,3.049009288543882e+20
581.5776114454851,3.884661216407061e+19,3.401942186153465e+20,3.5309793394708926e+19,3.008022806690461e+20,3.4966634043108266e+19,2.970818237513938e+20
590.5891659451756,3.817465520797577e+19,3.310901732117029e+20,3.470583685382074e+19,2.9305513451860627e+20,3.4369213679515636e+19,2.8945894450300282e+20
599.7403546276523,3.751702032576981e+19,3.2223655464374436e+20,3.411443532133824e+19,2.8550468003907515e+20,3.3784181443240542e+19,2.8202807238739712e+20
609.0333411268374,3.687331062672022e+19,3.1362664606209094e+20,3.3535254931725705e+19,2.7814657938399733e+20,3.3211209283628085e+19,2.747850617682137e+20
618.4703226021938,3.624314149728654e+19,3.0525393085816e+20,3.2967971439363645e+19,2.7097657815339113e+20,3.26499785322892e+19,2.677258420014526e+20
628.0535302582082,3.562614024255771e+19,2.9711208827973363e+20,3.2412269981419483e+19,2.6399050680828363e+20,3.2100179676133233e+19,2.608464191935364e+20
637.7852298719156,3.502194573984628e+19,2.8919498922721398e+20,3.1867844846606512e+19,2.571842819592186e+20,3.156151213626833e+19,2.5414287782059265e+20
647.6677223286038,3.4430208103733686e+19,2.8149669222301588e+20,3.133439924949752e+19,2.505539075367408e+20,3.103368405150496e+19,2.476113822176158e+20
657.7033441658142,3.3850588361934713e+19,2.7401143954556322e+20,3.0811645110042903e+19,2.440954758497361e+20,3.051641206702517e+19,2.4124817794192726e+20
667.8944681257752,3.3282758141342056e+19,2.6673365351801713e+20,3.029930283801468e+19,2.3780516853610096e+20,3.0009421126837907e+19,2.3504959301712986e+20
678.2435037163962,3.272639936364832e+19,2.5965793294004876e+20,2.9797101122175922e+19,2.3167925740745366e+20,2.951244427194617e+19,2.2901203906051316e+20
688.7528977809479,3.2181203949974872e+19,2.5277904964881596e+20,2.930477672367293e+19,2.2571410518675128e+20,2.9025222440736907e+19,2.2313201228922978e+20
699.4251350765794,3.164687353395689e+19,2.4609194519250823e+20,2.8822074273692328e+19,2.199061661351961e+20,2.8547504273865867e+19,2.174060944065998e+20
710.2627388617918,3.112311918276293e+19,2.395917275965539e+20,2.8348746074783146e+19,2.1425198656020464e+20,2.807904592358739e+19,2.1183095335785094e+20
721.2682714930157,3.060966112556246e+19,2.332736681986639e+20,2.7884551905908478e+19,2.087482051930251e+20,2.7619610864385683e+19,2.0640334394477252e+20
732.4443350304379,3.0106228488994337e+19,2.2713319852425593e+20,2.7429258830797e+19,2.0339155341910475e+20,2.7168969708444824e+19,2.0112010828338125e+20
743.793571853209,2.961255903918227e+19,2.211659071685572e+20,2.6982641009444336e+19,1.9817885533946325e+20,2.6726900023054852e+19,1.959781760838252e+20
755.3186652841885,2.9128398929948963e+19,2.153675366456579e+20,2.654447951256925e+19,1.9310702763511448e+20,2.6293186150909202e+19,1.909745647227303e+20
767.0223402243646,2.8653502456818467e+19,2.0973398015812433e+20,2.611456213890967e+19,1.8817307920047338e+20,2.586761903295921e+19,1.861063790781949e+20
778.9073637971126,2.8187631816530428e+19,2.042612782335239e+20,2.5692683235131265e+19,1.8337411050430497e+20,2.544999603378313e+19,1.8137081108317333e+20
790.9765460024291,2.7730556871739912e+19,1.9894561516645345e+20,2.5278643518217245e+19,1.7870731262996863e+20,2.504012076916849e+19,1.7676513895313457e+20
803.2327403813044,2.7282054920667374e+19,1.937833151966901e+20,2.487224990034971e+19,1.7416996593887435e+20,2.4637802935642874e+19,1.722867260292018e+20
815.6788446903945,2.6841910471463944e+19,1.8877083834612204e+20,2.447331531601923e+19,1.697594382940373e+20,2.4242858142657438e+19,1.679330191780321e+20
828.3178015871407,2.6409915021107212e+19,1.839047758296385e+20,2.408165855150769e+19,1.6547318277381656e+20,2.3855107746226754e+19,1.637015466774502e+20
841.152599325511,2.598586683866655e+19,1.7918184494864407e+20,2.3697104076503953e+19,1.613087347999799e+20,2.347437868555045e+19,1.5958991551406624e+20
854.186272462512,2.556957075280787e+19,1.7459888337100046e+20,2.3319481878024905e+19,1.572637086003169e+20,2.3100503319887643e+19,1.555958080137347e+20
867.421902575665,2.516083794344249e+19,1.701528426987503e+20,2.2948627296464785e+19,1.5333579292388082e+20,2.2733319270190395e+19,1.5171697772516308e+20
880.862618991584,2.4759485737431216e+19,1.6584078122590083e+20,2.258438086395293e+19,1.495227459284859e+20,2.2372669259872686e+19,1.4795124447688606e+20
894.5115995258474,2.4365337408315777e+19,1.6165985579381005e+20,2.2226588144931906e+19,1.4582238916506187e+20,2.2018400959899095e+19,1.4429648853409371e+20
908.3720712343395,2.3978221980020343e+19,1.5760731266254166e+20,2.1875099579126555e+19,1.4223260059426057e+20,2.1670366835490423e+19,1.4075064379185812e+20
922.4473111762278,2.3597974034546414e+19,1.536804773341858e+20,2.152977032675464e+19,1.3875130658692175e+20,2.132842399401742e+19,1.373116899575366e+20
936.7406471887624,2.3224433523631063e+19,1.4987674328973987e+20,2.119046011647113e+19,1.3537647288430518e+20,2.0992434036532396e+19,1.3397764369939746e+20
951.2554586740877,2.2857445584409014e+19,1.4619355963626023e+20,2.0857033095524983e+19,1.3210609452611917e+20,2.0662262911453348e+19,1.3074654877168108e+20
965.9951773982381,2.2496860359125045e+19,1.4262841770662019e+20,2.0529357682812555e+19,1.289381847967111e+20,2.03377807704025e+19,1.2761646516423667e+20
980.9632883025192,2.214253281888344e+19,1.3917883671143391e+20,2.020730642456323e+19,1.2587076329188339e+20,2.0018861826455945e+19,1.245854573818523e+20
996.1633303274562,2.179432259153101e+19,1.3584234861204337e+20,1.9890755852792197e+19,1.2290184327188447e+20,1.9705384216112906e+19,1.2165158201763036e+20
1011.5988972495171,2.145209379370463e+19,1.3261648246427063e+20,1.9579586346831454e+19,1.2002941853926004e+20,1.9397229863020515e+19,1.18812874856418e+20
1027.273638530794,2.111571486704909e+19,1.29498748573105e+20,1.927368199761611e+19,1.1725145016077715e+20,1.909428434493388e+19,1.160673378274194e+20
1043.1912601818535,2.078505841874354e+19,1.2648662289436621e+20,1.8972930475360145e+19,1.1456585343763885e+20,1.8796436763853545e+19,1.1341292620523651e+20
1059.3555256379539,2.0460001066254516e+19,1.2357753221370447e+20,1.8677222900172964e+19,1.1197048560986631e+20,1.850357961938981e+19,1.1084753654177887e+20
1075.770256648846,2.014042328648671e+19,1.2076884071610629e+20,1.8386453716016222e+19,1.0946313485031042e+20,1.8215608684725223e+19,1.083689958781575e+20
1092.439334182356,1.9826209269232062e+19,1.1805783861717216e+20,1.810052056802216e+19,1.0704151114981038e+20,1.7932422885797122e+19,1.0597505283141799e+20
1109.3666993419633,1.951724677504811e+19,1.1544173354632536e+20,1.7819324183102632e+19,1.047032397034495e+20,1.7653924184704608e+19,1.0366337115891705e+20
1126.5563542986158,1.9213426997508833e+19,1.1291764533714418e+20,1.7542768254044449e+19,1.0244585736822233e+20,1.7380017465430465e+19,1.0143152636103903e+20
1144.0123632369634,1.8914644429870174e+19,1.1048260478065302e+20,1.7270759327020175e+19,1.002668126644914e+20,1.7110610423439303e+19,9.92770057889248e+19
1161.7388533162605,1.8620796736104505e+19,1.0813355672958686e+20,1.700320669261077e+19,9.816346963668802e+19,1.684561345828625e+19,9.719721256337555e+19
1179.7400156461636,1.8331784626365487e+19,1.058673677116557e+20,1.6740022280326824e+19,9.613311567921027e+19,1.658493957002806e+19,9.51894734083801e+19
1198.0201062776403,1.8047511736749392e+19,1.0368083793501032e+20,1.6481120556609155e+19,9.417297318840336e+19,1.6328504259536753e+19,9.325105025747537e+19
1216.5834472092379,1.7767884513415297e+19,1.0157071727732859e+20,1.6226418426369364e+19,9.228021464577425e+19,1.6076225430386205e+19,9.137915523871929e+19
1235.4344274089374,1.7492812100963883e+19,9.953372457501026e+19,1.5975835137987723e+19,9.045198050167367e+19,1.5828023296662954e+19,8.957096841512278e+19
1254.5775038518539,1.722220623503344e+19,9.756656930537811e+19,1.5729292191746556e+19,8.868539904102004e+19,1.5583820291954516e+19,8.78236574681053e+19
1274.017202574003,1.6955981139050656e+19,9.56659746105746e+19,1.5486713251768037e+19,8.697760729748365e+19,1.534354098382241e+19,8.613439840443236e+19
1293.758119742399,1.6694053425056643e+19,9.382870056324529e+19,1.524802406120698e+19,8.532577205054703e+19,1.5107111988457224e+19,8.450039633030175e+19
1313.8049227417416,1.6436341998556205e+19,9.20515666224524e+19,1.5013152360909609e+19,8.37271099925219e+19,1.4874461892764416e+19,8.291890539754114e+19
1334.1623512779306,1.6182767967260774e+19,9.033147236124225e+19,1.4782027811137395e+19,8.217890627567177e+19,1.4645521176277197e+19,8.138724713928153e+19
1354.8352184986868,1.5933254553654776e+19,8.866541574136866e+19,1.4554581916712421e+19,8.067853082415052e+19,1.442022213663687e+19,7.990282659180673e+19
1375.8284121315294,1.568772701128583e+19,8.705050843756798e+19,1.4330747955171494e+19,7.92234519943253e+19,1.4198498820908587e+19,7.846314579648188e+19
1397.1468956393987,1.544611254470418e+19,8.548398794512887e+19,1.411046090788089e+19,7.781124736863977e+19,1.398028695586678e+19,7.70658144654367e+19
1418.7957093941711,1.5208340232871346e+19,8.396322641682078e+19,1.3893657394358395e+19,7.643961165122162e+19,1.3765523884397183e+19,7.570855778737973e+19
1440.7799718683657,1.4974340955991513e+19,8.248573635235501e+19,1.368027560919691e+19,7.510636178393525e+19,1.355414850242941e+19,7.438922148674519e+19
1463.104880845319,1.4744047325670064e+19,8.104917339682406e+19,1.3470255261984055e+19,7.380943951591306e+19,1.3346101201542148e+19,7.310577437207045e+19
1485.7757146481047,1.4517393618187213e+19,7.965133659287368e+19,1.3263537519844477e+19,7.254691173265488e+19,1.314132380978941e+19,7.185630866836839e+19
1508.7978333874935,1.4294315710898117e+19,7.82901664783103e+19,1.306006495249083e+19,7.1316968890166575e+19,1.2939759540133822e+19,7.063903848460616e+19
1532.1766802292636,1.407475102153664e+19,7.69637414333585e+19,1.2859781480067602e+19,7.011792190908808e+19,1.2741352937377292e+19,6.945229675642756e+19
1555.9177826811333,1.3858638450380425e+19,7.567027266841246e+19,1.2662632323091757e+19,6.894819787026835e+19,1.2546049829626857e+19,6.829453100865251e+19
1580.0267538996443,1.3645918325126097e+19,7.440809821162154e+19,1.2468563954860945e+19,6.780633482643474e+19,1.2353797281034994e+19,6.716429824328502e+19
1604.5092940172851,1.3436532348400177e+19,7.317567621372399e+19,1.2277524056206885e+19,6.669097600716802e+19,1.2164543547302136e+19,6.606025922890204e+19
1629.3711914901937,1.3230423547718445e+19,7.197157784072121e+19,1.208946147213971e+19,6.560086365343755e+19,1.1978238033514711e+19,6.498117242403442e+19
1654.61832446673,1.3027536227861217e+19,7.079447997774947e+19,1.1904326170733912e+19,6.453483267764626e+19,1.1794831252589232e+19,6.392588772577508e+19
1680.2566621772528,1.282781592552538e+19,6.964315792276262e+19,1.1722069204018311e+19,6.3491804305483506e+19,1.1614274787778787e+19,6.289334020176216e+19
1706.2922663454472,1.2631209366189783e+19,6.8516478208250405e+19,1.1542642670376475e+19,6.247077982096499e+19,1.1436521254573439e+19,6.188254392101198e+19
1732.731292621502,1.243766442297667e+19,6.74133916539136e+19,1.1365999679243534e+19,6.147083450595732e+19,1.126152426714214e+19,6.089258597808517e+19
1759.5799920375086,1.2247130077541253e+19,6.633292672356147e+19,1.1192094317006547e+19,6.0491111838574854e+19,1.1089238403933415e+19,5.992262076986549e+19
1786.8447124853958,1.2059556382858686e+19,6.527418323488259e+19,1.1020881614992142e+19,5.953081799447515e+19,1.0919619176023273e+19,5.897186457145953e+19
1814.5319002177873,1.1874894427732572e+19,6.423632645113876e+19,1.0852317518551562e+19,5.858921667687116e+19,1.0752622997216692e+19,5.8039590436311605e+19
1842.6481013720907,1.1693096303048014e+19,6.321858156837507e+19,1.068635885798014e+19,5.766562428866026e+19,1.058820715437574e+19,5.712512343188892e+19
1871.1999635182187,1.151411506966247e+19,6.222022859999267e+19,1.0522963320482267e+19,5.675940544844541e+19,1.042632978174541e+19,5.6227836217451315e+19
1900.1942372302908,1.1337904727757726e+19,6.1240597651795706e+19,1.0362089423824531e+19,5.586996884600703e+19,1.0266949832937822e+19,5.534714495210539e+19
1929.6377776826812,1.1164420187641194e+19,6.02790645743121e+19,1.0203696490852831e+19,5.499676342548522e+19,1.0110027056642484e+19,5.448250552911809e+19
1959.537546270797,1.099361724201805e+19,5.933504697501703e+19,1.004774462554418e+19,5.413927488249299e+19,9.95552197302354e+18,5.363341011878138e+19
1989.9006122569858,1.0825452539465005e+19,5.8408000570200826e+19,9.894194689957628e+18,5.32970224573506e+19,9.803395851526947e+18,5.279938400405814e+19
2020.7341544419264,1.0659883559177818e+19,5.7497415854906384e+19,9.743008282302693e+18,5.2469556006213075e+19,9.653610687927486e+18,5.197998268813657e+19
2052.0454628619336,1.0496868586843537e+19,5.660281506850173e+19,9.594147716001882e+18,5.165645333078805e+19,9.506129184957362e+18,5.117478926018904e+19
2083.841940512546,1.0336366691693007e+19,5.572374943379247e+19,9.44757599983376e+18,5.085731774771508e+19,9.360914732020808e+18,5.0383411995044045e+19
2116.1311050988447,1.0178337704523133e+19,5.485979664777567e+19,9.303256818742577e+18,5.0071775878397166e+19,9.217931387147147e+18,4.9605482172421054e+19
2148.920590812872,1.0022742196727996e+19,5.401055860328249e+19,9.161154515661395e+18,4.929947564147272e+19,9.07714385791372e+18,4.884065209370786e+19
2182.2181501385935,9.869541460266412e+18,5.31756593216882e+19,9.021234074224344e+18,4.8540084430818296e+19,8.938517484602762e+18,4.808859328363677e+19
2216.031655684845,9.718697488520206e+18,5.2354743078078e+19,8.883461101817307e+18,4.779328746230408e+19,8.802018224678359e+18,4.734899485901549e+19
2250.369102046663,9.570172957945457e+18,5.1547472701545095e+19,8.74780181405979e+18,4.7058786275310854e+19,8.66761263600853e+18,4.662156204813271e+19
2285.238607695464,9.423931210517946e+18,5.07535280346042e+19,8.614223019092623e+18,4.633629737347657e+19,8.535267862299874e+18,4.590601484930835e+19
2320.6484168985066,9.279936237015566e+18,4.9972604536949015e+19,8.482692103403306e+18,4.562555099355065e+19,8.404951618770493e+18,4.520208681537249e+19
2356.6069016681045,9.138152660834613e+18,4.920441201995983e+19,8.353177017440658e+18,4.4926289988556644e+19,8.276632178127183e+18,4.450952395089682e+19
2393.122563741043,8.998545722593596e+18,4.844867349958661e+19,8.225646262436538e+18,4.4238268816194445e+19,8.150278357389118e+18,4.382808371318408e+19
2430.2040365886496,8.86108126537919e+18,4.77051241563954e+19,8.100068877300679e+18,4.356125262124316e+19,8.025859505036284e+18,4.315753410659107e+19
2467.8600874580347,8.725725720324438e+18,4.697351039236602e+19,7.976414426449161e+18,4.289501640374326e+19,7.903345489108101e+18,4.24976528613592e+19
2506.099619444945,8.592446093262791e+18,4.625358897524811e+19,7.85465298774507e+18,4.223934426430499e+19,7.782706685001724e+18,4.1848226687865586e+19
2544.931673598733,8.461209951277688e+18,4.554512626200777e+19,7.734755140983376e+18,4.159402871933659e+19,7.663913964876653e+18,4.120905060182903e+19
2584.365431059965,8.331985410319308e+18,4.484789749365924e+19,7.616691957054614e+18,4.095887007960641e+19,7.546938685705908e+18,4.057992730918031e+19
2624.4102152311248,8.204741123003594e+18,4.416168615466025e+19,7.500434987223065e+18,4.033367588554232e+19,7.431752679847857e+18,3.9960666649693905e+19
2665.0754939809726,8.079446266591371e+18,4.348628339060575e+19,7.385956252710471e+18,3.971826039421768e+19,7.318328244498028e+18,3.9351085090619965e+19
2706.37088188304,7.956070532243211e+18,4.282148747856431e+19,7.273228235378328e+18,3.911244411317269e+19,7.206638131654908e+18,3.875100526522117e+19
2748.306142488839,7.83458411355727e+18,4.216710334501554e+19,7.16222386744191e+18,3.851605337588456e+19,7.096655539990097e+18,3.816025555623423e+19
2790.8911906362705,7.714957696533663e+18,4.152294212679656e+19,7.052916522831318e+18,3.79289199555423e+19,6.988354103708947e+18,3.757866971152101e+19
2834.1360947938,7.597162449031041e+18,4.0888820770878054e+19,6.945280008078322e+18,3.73508807133212e+19,6.881707885926662e+18,3.7006086499754e+19
2878.0510794409843,7.481170011289108e+18,4.02645616693708e+19,6.839288553769018e+18,3.6781777277526897e+19,6.776691368065885e+18,3.644234939109265e+19
2922.6465274858524,7.366952486081439e+18,3.964999232624965e+19,6.734916806206256e+18,3.622145575093204e+19,6.673279443455454e+18,3.58873062708258e+19
2967.932982719765,7.25448242987166e+18,3.904494505290741e+19,6.632139819224226e+18,3.5669766443661386e+19,6.571447408406526e+18,3.5340809174055707e+19
3013.9211523102967,7.1437328436166e+18,3.844925668968404e+19,6.530933046589764e+18,3.5126563629001548e+19,6.471170954357599e+18,3.480271404532186e+19
3060.62190933275,7.034677164332097e+18,3.786276835104855e+19,6.431272334335785e+18,3.4591705320119853e+19,6.372426162543983e+18,3.4272880520465007e+19
3108.0462953409183,6.927289256726609e+18,3.728532519206143e+19,6.333133913307596e+18,3.406505306562724e+19,6.275189492405902e+18,3.375117171972258e+19
3156.2055229776433,6.821543404786166e+18,3.6716776194282693e+19,6.236494392151888e+18,3.354647176231675e+19,6.179437778537337e+18,3.3237454067600056e+19
3205.1109786258503,6.717414304482792e+18,3.615697396916337e+19,6.141330750152746e+18,3.303582948316787e+19,6.085148222354355e+18,3.273159712251228e+19
3254.774225100652,6.614877055477256e+18,3.5605774577376584e+19,6.047620330877628e+18,3.253299731990715e+19,5.992298386105811e+18,3.2233473420641305e+19
3305.2070043831673,6.513907153941481e+18,3.506303736264427e+19,5.955340835392389e+18,3.2037849237845033e+19,5.900866183426638e+18,3.174295833065399e+19
3356.42124039671,6.414480485624245e+18,3.452862479860143e+19,5.864470315606072e+18,3.1550261942347174e+19,5.810829878049017e+18,3.1259929927324344e+19
3408.429041825959,6.316573318249969e+18,3.4002402347672457e+19,5.774987168747344e+18,3.1070114756284006e+19,5.722168073282821e+18,3.0784268865530417e+19
3461.242704979878,6.220162295182815e+18,3.3484238330719175e+19,5.68687013033801e+18,3.059728950614971e+19,5.634859708975875e+18,3.0315858271956464e+19
3514.87471669893,6.125224428155931e+18,3.2974003806570496e+19,5.600098269394364e+18,3.0131670417871634e+19,5.548884053059242e+18,2.98545836385601e+19
3569.3377573073735,6.031737091316226e+18,3.247157246049396e+19,5.514650981539541e+18,2.967314401962667e+19,5.464220698611824e+18,2.9400332730354065e+19
3624.6447036112954,5.939678014741507e+18,3.1976820500887798e+19,5.430507984400623e+18,2.9221599052726555e+19,5.380849555916303e+18,2.8952995495266427e+19
3680.8086319431027,5.849025278278012e+18,3.1489626563325055e+19,5.347649311695994e+18,2.8776926387781546e+19,5.298750848710119e+18,2.851246398245241e+19
3737.842821253191,5.759757304797958e+18,3.1009871621447918e+19,5.266055307263347e+18,2.833901894811145e+19,5.217905108126544e+18,2.8078632267159286e+19
3795.760756249486,5.671852855684292e+18,3.053743890401097e+19,5.185706620878743e+18,2.790777163809735e+19,5.138293166692004e+18,2.76513963778243e+19
3854.5761305857027,5.585291023095382e+18,3.0072213817558495e+19,5.10658420270441e+18,2.7483081275735593e+19,5.059896156221921e+18,2.7230654233794474e+19
3914.302850098941,5.500051227426507e+18,2.9614083874294116e+19,5.028669297704865e+18,2.706484653115792e+19,4.98269549914747e+18,2.6816305581081047e+19
3974.9550360974504,5.416113207920537e+18,2.916293862456964e+19,4.951943442116019e+18,2.6652967867734487e+19,4.906672905273005e+18,2.6408251935063073e+19
4036.547028699403,5.333457020519541e+18,2.8718669593802326e+19,4.876388457255226e+18,2.6247347488268276e+19,4.831810369236796e+18,2.6006396530354213e+19
4099.0933902233255,5.252063030434369e+18,2.828117022321291e+19,4.801986445314054e+18,2.5847889283527295e+19,4.758090160881413e+18,2.5610644265064743e+19
4162.608908631107,5.171911909035504e+18,2.7850335814221373e+19,4.728719785085683e+18,2.5454498784598733e+19,4.685494826319892e+18,2.5220901658543673e+19
4227.1086010243425,5.092984626260966e+18,2.7426063476151914e+19,4.656571127468675e+18,2.506708311800376e+19,4.614007179182065e+18,2.4837076804657484e+19
4292.607717194863,5.015262448251616e+18,2.7008252076942e+19,4.58552339048392e+18,2.4685550963101778e+19,4.54361029811762e+18,2.4459079330177876e+19
4359.121743230276,4.93872693084196e+18,2.6596802196661514e+19,4.515559755100215e+18,2.4309812512124023e+19,4.4742875227537295e+18,2.408682035695677e+19
4426.666405175344,4.863359914879358e+18,2.61916160834868e+19,4.446663661931134e+18,2.3939779432920916e+19,4.4060224491690173e+18,2.3720212462542365e+19
4495.257672750173,4.789143522876893e+18,2.5792597612204184e+19,4.378818805495104e+18,2.357536483237343e+19,4.338798925522781e+18,2.3359169647525564e+19
4564.91176312593,4.716060153250771e+18,2.539965224465444e+19,4.3120091314328013e+18,2.3216483223371297e+19,4.272601047215198e+18,2.3003607298738e+19
4635.645144759111,4.644092476267023e+18,2.5012686992327557e+19,4.2462188321558707e+18,2.286305049212325e+19,4.207413155015961e+18,2.2653442161642783e+19
4707.474541285216,4.573223429510807e+18,2.4631610380711674e+19,4.1814323430291804e+18,2.25149838678667e+19,4.1432198302340946e+18,2.2308592307206115e+19
4780.416935472744,4.5034362129712635e+18,2.425633241530455e+19,4.1176343374803773e+18,2.2172201893462057e+19,4.0800058902896983e+18,2.196897710500451e+19
4854.489573238477,4.434714287154193e+18,2.3886764549273346e+19,4.0548097246306627e+18,2.1834624397883142e+19,4.0177563836871977e+18,2.1634517193084703e+19
4929.709967724929,4.3670413655805194e+18,2.352281965247282e+19,3.992943645425387e+18,2.1502172469241643e+19,3.9564565923986673e+18,2.1305134457189597e+19
5006.095903441069,4.300401414540435e+18,2.3164411981804933e+19,3.9320214682130867e+18,2.1174768429836042e+19,3.8960920200622413e+18,2.0980751999898575e+19
5083.665440467118,4.2347786438317123e+18,2.2811457152844812e+19,3.872028785225896e+18,2.0852335811422917e+19,3.8366483938421233e+18,2.0661294119469175e+19
5162.436918724508,4.170157509409049e+18,2.2463872112566596e+19,3.8129514094553134e+18,2.0534799331906126e+19,3.778111658834617e+18,2.0346686285829722e+19
5242.428962312076,4.106522705094824e+18,2.2121575113211666e+19,3.754775372284162e+18,2.022208487269071e+19,3.7204679765939456e+18,2.0036855121311883e+19
5323.660483909361,4.0438591589545836e+18,2.178448568700982e+19,3.697486917188001e+18,1.991411945715203e+19,3.6637037190971725e+18,1.973172837497533e+19
5406.15068924818,3.982152030858597e+18,2.1452524621941068e+19,3.6410724993556813e+18,1.9610831229776495e+19,3.607805467225364e+18,1.943123490214993e+19
5489.919081653476,3.9213867089866117e+18,2.112561393826948e+19,3.585518780244967e+18,1.931214943571894e+19,3.5527600079598684e+18,1.9135304651804172e+19
5574.985466654523,3.8615488074178176e+18,2.0803676865907966e+19,3.53081262835468e+18,1.9018004401460654e+19,3.4985543288378706e+18,1.8843868635869622e+19
5661.369956667608,3.8026241572862377e+18,2.0486637822584525e+19,3.4769411081978204e+18,1.8728327515945853e+19,3.445175616188916e+18,1.855685891999786e+19
5749.092975751198,3.74459880917078e+18,2.017442239255267e+19,3.4238914846859817e+18,1.8443051212227617e+19,3.39261125452806e+18,1.8274208602729742e+19
5838.175264434909,3.6874590268921697e+18,1.986695730608425e+19,3.371651218722038e+18,1.8162108949498722e+19,3.340848818535082e+18,1.7995851793199897e+19
5928.63788462319,3.631191287649677e+18,1.956417041954497e+19,3.3202079591838285e+18,1.7885435196122927e+19,3.289876075862737e+18,1.772172360554001e+19
6020.502224575039,3.575782270810377e+18,1.9265990696015e+19,3.2695495472526034e+18,1.761296541285801e+19,3.2396809752818806e+18,1.7451760127235318e+19
6113.790003960871,3.5212188645166996e+18,1.8972348186482352e+19,3.2196640081955594e+18,1.7344636036245862e+19,3.1902516580304666e+18,1.7185898416825657e+19
6208.523278997752,3.467488154795104e+18,1.8683174011508744e+19,3.1705395510735365e+18,1.708038446322535e+19,3.1415764358240737e+18,1.6924076478368604e+19
6304.724447664191,3.414577426170833e+18,1.8398400343354788e+19,3.122164563378552e+18,1.682014903486451e+19,3.0936438102783754e+18,1.666623325432985e+19
6402.41625499571,3.3624741588733496e+18,1.811796038876565e+19,3.074527610918568e+18,1.6563869022181888e+19,3.0464424513868943e+18,1.6412308603611048e+19
6501.621798462555,3.3111660234368343e+18,1.7841788371790526e+19,3.027617435092479e+18,1.631148461031111e+19,2.999961203650183e+18,1.6162243289613554e+19
6602.364533430646,3.2606408806818944e+18,1.756981951734104e+19,2.981422947461154e+18,1.6062936885388333e+19,2.954189080770474e+18,1.5915978967655981e+19
6704.668278707146,3.2108867737906186e+18,1.7301990035124492e+19,2.935933230095536e+18,1.5818167819117079e+19,2.909115267332498e+18,1.5673458170145057e+19
6808.557222172054,3.1618919337898424e+18,1.7038237103711652e+19,2.8911375309294556e+18,1.5577120255630416e+19,2.864729109074793e+18,1.5434624291605277e+19
6914.055926496948,3.113644770119154e+18,1.6778498855089773e+19,2.8470252620772925e+18,1.533973789842145e+19,2.821020118742896e+18,1.5199421575661201e+19
7021.189334952401,3.066133864719125e+18,1.6522714359694203e+19,2.803586000041425e+18,1.510596529602342e+19,2.7779779644522906e+18,1.4967795104229343e+19
7129.982777305366,3.01934798203655e+18,1.6270823611494558e+19,2.7608094746824724e+18,1.4875747829970713e+19,2.7355924730741734e+18,1.4739690781368338e+19
7240.461975807946,2.973276051396375e+18,1.602276751349324e+19,2.7186855771683963e+18,1.464903170165298e+19,2.6938536319662546e+18,1.451505532503813e+19
7352.6530512789695,2.9279071743354537e+18,1.5778487863644037e+19,2.677204350376588e+18,1.442576392003064e+19,2.652751573247929e+18,1.4293836248214743e+19
7466.582529279736,2.883230621001189e+18,1.5537927340787059e+19,2.6363559950036705e+18,1.4205892288981916e+19,2.6122765840213386e+18,1.4075981854504421e+19
7582.277346385585,2.8392358220840637e+18,1.5301029491193561e+19,2.5961308500791235e+18,1.3989365396169239e+19,2.5724191014779607e+18,1.3861441222944055e+19
7699.764856554514,2.795912374892578e+18,1.506773871500049e+19,2.556519413960293e+18,1.377613260000048e+19,2.5331697026531753e+18,1.3650164191668853e+19
7819.072837594543,2.7532500247989166e+18,1.4838000253066115e+19,2.5175123189756206e+18,1.3566144019322778e+19,2.494519114922805e+18,1.3442101355961696e+19
7940.229497731275,2.7112386906069453e+18,1.4611760174241874e+19,2.4791003527231206e+18,1.3359350521210958e+19,2.4564582017888384e+18,1.323720404807788e+19
8063.263482277228,2.6698684258798356e+18,1.438896536259416e+19,2.441274426318365e+18,1.315570370975833e+19,2.418977969237198e+18,1.3035424330703473e+19
8188.203880404512,2.6291294539305646e+18,1.4169563504908755e+19,2.404025613053744e+18,1.295515591571358e+19,2.382069559615857e+18,1.2836714988171821e+19
8315.08023202239,2.589012138687149e+18,1.3953503078544245e+19,2.3673451043583616e+18,1.27576601849633e+19,2.3457242460344253e+18,1.2641029509684302e+19
8443.922534761537,2.5495069904739983e+18,1.3740733339429159e+19,2.3312242186010527e+18,1.2563170268132325e+19,2.3099334474184284e+18,1.2448322082887594e+19
8574.761251066404,2.510604661773111e+18,1.3531204310201061e+19,2.2956544382579712e+18,1.2371640610384278e+19,2.2746886976091156e+18,1.2258547583851362e+19
8707.627315397463,2.4722959619425654e+18,1.3324866768642193e+19,2.2606273430081697e+18,1.2183026340471632e+19,2.239981669782744e+18,1.2071661564005468e+19
8842.552141545202,2.4345718164016266e+18,1.3121672236118233e+19,2.2261346587198666e+18,1.1997283261421793e+19,2.2058041679019868e+18,1.188762024329853e+19
8979.567630057278,2.397423319844418e+18,1.292157296660713e+19,2.192168233305309e+18,1.1814367839658811e+19,2.1721480989348657e+18,1.1706380498136623e+19
9118.706175780859,2.360841682387997e+18,1.2724521935456186e+19,2.1587200364865728e+18,1.1634237196065978e+19,2.139005521241575e+18,1.152789985280688e+19
9260.000675521787,2.324818253682928e+18,1.2530472828543232e+19,2.125782169821913e+18,1.1456849095262116e+19,2.1063686001474263e+18,1.13521364688341e+19
9403.484535822448,2.2893445010354184e+18,1.2339380031308558e+19,2.0933468324020585e+18,1.1282161936916201e+19,2.0742296117649969e+18,1.117904913658753e+19
9549.191680860156,2.25441205566196e+18,1.215119861918412e+19,2.0614063729990374e+18,1.1110134746333975e+19,2.042580978343179e+18,1.1008597265020561e+19
9697.156560467854,2.220012643832257e+18,1.1965884345943812e+19,2.0299532334662257e+18,1.0940727164869659e+19,2.0114152048541115e+18,1.0840740875733985e+19
9847.414158279249,2.1861381336881823e+18,1.1783393634278052e+19,1.9989799842713388e+18,1.0773899440464597e+19,1.9807249347224105e+18,1.067544058790214e+19
10000.00000000001,2.15278052903085e+18,1.160368356588049e+19,1.9684793147267261e+18,1.0609612419199291e+19,1.950502900667447e+18,1.0512657614168986e+19
