1,2.1039749460714464e-13
2,1.272146401935355e-13
3,5.5000247454612625e-14
4,1.700290822688802e-14
5,3.758484685420494e-15
6,5.940640667179032e-16
7,6.714039199259659e-17
8,5.425667277088936e-18
9,3.133499724256395e-19
10,1.2772996812372278e-20
11,2.0107369901185022e-22
12,1.0316396950177239e-25
13,1.0312391071150814e-25
14,1.030807210233206e-25
15,1.0303441720354316e-25
16,1.0298501716293316e-25
17,1.0293253993620552e-25
18,1.0287700566030307e-25
19,1.0281843555143307e-25
20,1.0275685188090184e-25
21,1.026922779497794e-25
22,1.0262473806242999e-25
23,1.0255425749894396e-25
24,1.0248086248651012e-25
25,1.0240458016976755e-25
26,1.0232543858017882e-25
27,1.022434666044678e-25
28,1.0215869395216581e-25
29,1.0207115112231314e-25
30,1.019808693693628e-25
31,1.0188788066833535e-25
32,1.0179221767927522e-25
33,1.0169391371105985e-25
34,1.0159300268461377e-25
35,1.0148951909558216e-25
36,1.013834979765175e-25
37,1.0127497485863574e-25
38,1.0116398573319834e-25
39,1.0105056701257656e-25
40,1.0093475549105748e-25
41,1.0081658830544836e-25
42,1.0069610289553996e-25
43,1.0057333696448651e-25
44,1.0044832843916343e-25
45,1.0032111543056104e-25
46,1.0019173619427513e-25
47,1.0006022909115293e-25
48,9.992663254815489e-26
49,9.979098501949057e-26
50,9.96533249480876e-26
51,9.951369072745183e-26
52,9.937212066397571e-26
53,9.922865293975172e-26
54,9.908332557594662e-26
55,9.893617639679019e-26
56,9.878724299423311e-26
57,9.863656269332498e-26
58,9.848417251836366e-26
59,9.833010915986466e-26
60,9.817440894239884e-26
61,9.801710779334266e-26
62,9.785824121258679e-26
63,9.769784424324301e-26
64,9.753595144339055e-26
65,9.737259685889934e-26
66,9.720781399736497e-26
67,9.704163580318923e-26
68,9.687409463383659e-26
69,9.670522223729506e-26
70,9.653504973076699e-26
71,9.636360758061322e-26
72,9.619092558357108e-26
73,9.601703284926386e-26
74,9.584195778401728e-26
75,9.566572807599525e-26
76,9.548837068166449e-26
77,9.530991181359544e-26
78,9.513037692960285e-26
79,9.49497907232282e-26
80,9.476817711556226e-26
81,9.458555924840399e-26
82,9.440195947874862e-26
83,9.421739937459591e-26
84,9.403189971206674e-26
85,9.384548047381255e-26
86,9.365816084870194e-26
87,9.346995923276334e-26
88,9.328089323136322e-26
89,9.309097966259494e-26
90,9.290023456185199e-26
91,9.270867318755677e-26
92,9.251631002801541e-26
93,9.23231588093647e-26
94,9.212923250457821e-26
95,9.19345433434947e-26
96,9.173910282383156e-26
97,9.154292172314449e-26
98,9.134601011169241e-26
99,9.114837736616634e-26
100,9.095003218423945e-26
101,9.075098259989456e-26
102,9.055123599948403e-26
103,9.035079913847727e-26
104,9.014967815884962e-26
105,8.994787860706603e-26
106,8.974540545261313e-26
107,8.954226310703218e-26
108,8.933845544340614e-26
109,8.913398581625379e-26
110,8.892885708178348e-26
111,8.872307161846043e-26
112,8.85166313478407e-26
113,8.830953775562645e-26
114,8.810179191289693e-26
115,8.789339449747057e-26
116,8.768434581535501e-26
117,8.747464582224136e-26
118,8.726429414500136e-26
119,8.705329010314662e-26
120,8.684163273020993e-26
121,8.662932079501041e-26
122,8.641635282276543e-26
123,8.620272711601319e-26
124,8.598844177531183e-26
125,8.577349471968198e-26
126,8.555788370676119e-26
127,8.534160635264105e-26
128,8.512466015135736e-26
129,8.490704249400818e-26
130,8.468875068747357e-26
131,8.446978197271437e-26
132,8.425013354262758e-26
133,8.402980255943912e-26
134,8.380878617161469e-26
135,8.358708153027283e-26
136,8.336468580508458e-26
137,8.31415961996465e-26
138,8.29178099663154e-26
139,8.269332442049441e-26
140,8.246813695436202e-26
141,8.224224505003678e-26
142,8.201564629217251e-26
143,8.178833837997952e-26
144,8.156031913866977e-26
145,8.13315865303243e-26
146,8.110213866418327e-26
147,8.087197380636011e-26
148,8.064109038898226e-26
149,8.040948701876271e-26
150,8.017716248500675e-26
151,7.994411576706079e-26
152,7.97103460412097e-26
153,7.947585268703123e-26
154,7.924063529321595e-26
155,7.900469366286328e-26
156,7.876802781826352e-26
157,7.853063800517741e-26
158,7.829252469662569e-26
159,7.805368859620042e-26
160,7.781413064091198e-26
161,7.757385200358488e-26
162,7.733285409481674e-26
163,7.709113856451465e-26
164,7.684870730302388e-26
165,7.660556244186387e-26
166,7.63617063540865e-26
167,7.611714165427275e-26
168,7.587187119818211e-26
169,7.562589808207163e-26
170,7.537922564169909e-26
171,7.513185745102655e-26
172,7.488379732063958e-26
173,7.463504929589751e-26
174,7.438561765483013e-26
175,7.413550690579578e-26
176,7.388472178491601e-26
177,7.363326725330101e-26
178,7.338114849408075e-26
179,7.312837090925558e-26
180,7.287494011638009e-26
181,7.262086194509412e-26
182,7.236614243351335e-26
183,7.211078782449291e-26
184,7.185480456177585e-26
185,7.15981992860388e-26
186,7.134097883084607e-26
187,7.108315021852358e-26
188,7.082472065596316e-26
189,7.056569753036755e-26
190,7.030608840494599e-26
191,7.004590101456975e-26
192,6.978514326139642e-26
193,6.952382321047179e-26
194,6.926194908531709e-26
195,6.899952926350949e-26
196,6.873657227226282e-26
197,6.847308678401547e-26
198,6.820908161203176e-26
199,6.794456570602276e-26
200,6.76795481477922e-26
201,6.741403814691236e-26
202,6.714804503643483e-26
203,6.68815782686409e-26
204,6.661464741083487e-26
205,6.634726214118453e-26
206,6.607943224461196e-26
207,6.581116760873766e-26
208,6.554247821988063e-26
209,6.527337415911683e-26
210,6.500386559839815e-26
211,6.473396279673359e-26
212,6.446367609643428e-26
213,6.419301591942366e-26
214,6.392199276361373e-26
215,6.365061719934833e-26
216,6.337889986591393e-26
217,6.31068514681185e-26
218,6.283448277293864e-26
219,6.256180460623483e-26
220,6.228882784953489e-26
221,6.201556343688539e-26
222,6.174202235177038e-26
223,6.146821562409714e-26
224,6.119415432724813e-26
225,6.091984957519854e-26
226,6.064531251969821e-26
227,6.037055434751748e-26
228,6.009558627775562e-26
229,5.982041955921054e-26
230,5.954506546780916e-26
231,5.926953530409678e-26
232,5.899384039078426e-26
233,5.871799207035185e-26
234,5.844200170270818e-26
235,5.81658806629031e-26
236,5.788964033889315e-26
237,5.761329212935771e-26
238,5.733684744156534e-26
239,5.7060317689288e-26
240,5.678371429076225e-26
241,5.650704866669597e-26
242,5.623033223831902e-26
243,5.595357642547678e-26
244,5.567679264476482e-26
245,5.539999230770377e-26
246,5.512318681895265e-26
247,5.484638757455984e-26
248,5.456960596024997e-26
249,5.429285334974587e-26
250,5.40161411031241e-26
251,5.3739480565203e-26
252,5.346288306396224e-26
253,5.318635990899256e-26
254,5.290992238997472e-26
255,5.263358177518664e-26
256,5.235734931003788e-26
257,5.208123621563e-26
258,5.180525368734266e-26
259,5.152941289344389e-26
260,5.12537249737239e-26
261,5.097820103815191e-26
262,5.0702852165554703e-26
263,5.0427689402316644e-26
264,5.015272376110013e-26
265,4.987796621958602e-26
266,4.9603427719233297e-26
267,4.9329119164057306e-26
268,4.9055051419426263e-26
269,4.8781235310875184e-26
270,4.8507681622936904e-26
271,4.823440109798974e-26
272,4.796140443512118e-26
273,4.7688702289007463e-26
274,4.741630526880835e-26
275,4.7144223937076955e-26
276,4.6872468808684245e-26
277,4.660105034975775e-26
278,4.63299789766345e-26
279,4.605926505482762e-26
280,4.5788918898006534e-26
281,4.5518950766990445e-26
282,4.5249370868754976e-26
283,4.4980189355451687e-26
284,4.4711416323440496e-26
285,4.444306181233456e-26
286,4.4175135804057787e-26
287,4.390764822191466e-26
288,4.364060892967235e-26
289,4.3374027730655e-26
290,4.310791436685015e-26
291,4.284227851802724e-26
292,4.2577129800868007e-26
293,4.2312477768108973e-26
294,4.204833190769572e-26
295,4.178470164194921e-26
296,4.152159632674381e-26
297,4.1259025250697516e-26
298,4.0996997634373595e-26
299,4.0735522629494576e-26
300,4.0474609318167846e-26
301,4.021426671212338e-26
302,3.995450375196315e-26
303,3.9695329306422873e-26
304,3.9436752171645424e-26
305,3.9178781070466597e-26
306,3.8921424651712686e-26
307,3.866469148951048e-26
308,3.8408590082609136e-26
309,3.815312885371458e-26
310,3.789831614883597e-26
311,3.764416023664464e-26
312,3.739066930784527e-26
313,3.7137851474559626e-26
314,3.6885714769722833e-26
315,3.6634267146491935e-26
316,3.6383516477667435e-26
317,3.613347055512709e-26
318,3.588413708927278e-26
319,3.5635523708489855e-26
320,3.538763795861953e-26
321,3.51404873024439e-26
322,3.4894079119184134e-26
323,3.46484207040114e-26
324,3.440351926757106e-26
325,3.415938193551959e-26
326,3.391601574807499e-26
327,3.3673427659580026e-26
328,3.3431624538078875e-26
329,3.319061316490682e-26
330,3.2950400234293463e-26
331,3.2710992352978896e-26
332,3.247239603984352e-26
333,3.2234617725551105e-26
334,3.1997663752205185e-26
335,3.1761540373018987e-26
336,3.152625375199864e-26
337,3.1291809963640105e-26
338,3.1058214992639223e-26
339,3.0825474733615655e-26
340,3.0593594990849946e-26
341,3.0362581478034437e-26
342,3.01324398180374e-26
343,2.990317554268094e-26
344,2.967479409253229e-26
345,2.9447300816708645e-26
346,2.922070097269551e-26
347,2.899499972617867e-26
348,2.8770202150889405e-26
349,2.854631322846351e-26
350,2.8323337848313504e-26
351,2.810128080751451e-26
352,2.7880146810703364e-26
353,2.765994046999129e-26
354,2.7440666304889884e-26
355,2.72223287422504e-26
356,2.700493211621645e-26
357,2.678848066818981e-26
358,2.6572978546809723e-26
359,2.635842980794507e-26
360,2.6144838414700015e-26
361,2.593221106549942e-26
362,2.5720555570187808e-26
363,2.5509875505074914e-26
364,2.5300174321430098e-26
365,2.5091455380666686e-26
366,2.4883721954380213e-26
367,2.4676977224399938e-26
368,2.4471224282853725e-26
369,2.4266466132246167e-26
370,2.406270568554974e-26
371,2.3859945766309221e-26
372,2.3658189108758878e-26
373,2.345743835795275e-26
374,2.3257696069907552e-26
375,2.30589647117585e-26
376,2.2861246661927568e-26
377,2.2664544210304447e-26
378,2.2468859558439784e-26
379,2.2274194819750943e-26
380,2.2080552019739752e-26
381,2.1887933096222603e-26
382,2.169633989957245e-26
383,2.1505774192972765e-26
384,2.1316237652683234e-26
385,2.112773186831728e-26
386,2.0940258343130925e-26
387,2.0753818494323372e-26
388,2.0568413653348736e-26
389,2.0384045066239054e-26
390,2.0200713893938385e-26
391,2.0018421212647874e-26
392,1.98371680141817e-26
393,1.9656955206333582e-26
394,1.947778361325417e-26
395,1.9299653975838458e-26
396,1.9122566952123978e-26
397,1.89465231176988e-26
398,1.8771522966119855e-26
399,1.8597566909340904e-26
400,1.8424655278150572e-26
401,1.8252788322619745e-26
402,1.808196621255864e-26
403,1.7912189037983082e-26
404,1.7743456809590115e-26
405,1.7575769459242574e-26
406,1.740912684046256e-26
407,1.7243528728933777e-26
408,1.7078974823012316e-26
409,1.691546474424611e-26
410,1.6752998037902463e-26
411,1.6591574173503935e-26
412,1.6431192545372108e-26
413,1.6271852473179334e-26
414,1.611355320250796e-26
415,1.5956293905417352e-26
416,1.5800073681018124e-26
417,1.5644891556053667e-26
418,1.549074648548876e-26
419,1.5337637353105079e-26
420,1.5185562972103408e-26
421,1.5034522085712583e-26
422,1.4884513367804724e-26
423,1.4735535423516863e-26
424,1.4587586789878635e-26
425,1.4440665936445916e-26
426,1.429477126594034e-26
427,1.4149901114894284e-26
428,1.4006053754301625e-26
429,1.386322739027347e-26
430,1.3721420164699312e-26
431,1.358063015591299e-26
432,1.3440855379363683e-26
433,1.3302093788291362e-26
434,1.316434327440693e-26
435,1.302760166857659e-26
436,1.2891866741510521e-26
437,1.2757136204455454e-26
438,1.2623407709891236e-26
439,1.2490678852231067e-26
440,1.2358947168525204e-26
441,1.2228210139168263e-26
442,1.2098465188609482e-26
443,1.1969709686066371e-26
444,1.1841940946240931e-26
445,1.1715156230039021e-26
446,1.1589352745291964e-26
447,1.146452764748086e-26
448,1.1340678040463118e-26
449,1.1217800977201054e-26
450,1.1095893460492555e-26
451,1.097495244370362e-26
452,1.0854974831502428e-26
453,1.0735957480595088e-26
454,1.061789720046267e-26
455,1.0500790754099552e-26
456,1.0384634858752733e-26
457,1.0269426186662209e-26
458,1.0155161365802009e-26
459,1.0041836980621947e-26
460,9.929449572789908e-27
461,9.817995641934325e-27
462,9.707471646387055e-27
463,9.59787400392617e-27
464,9.489199092518817e-27
465,9.381443251063687e-27
466,9.274602780133301e-27
467,9.168673942715747e-27
468,9.063652964955735e-27
469,8.959536036894957e-27
470,8.856319313211605e-27
471,8.753998913958715e-27
472,8.652570925301568e-27
473,8.55203140025353e-27
474,8.452376359410832e-27
475,8.353601791685485e-27
476,8.255703655036803e-27
477,8.1586778772009e-27
478,8.06252035641849e-27
479,7.96722696216059e-27
480,7.872793535851996e-27
481,7.779215891592696e-27
482,7.686489816876605e-27
483,7.594611073308206e-27
484,7.503575397316225e-27
485,7.41337850086483e-27
486,7.324016072161877e-27
487,7.235483776364318e-27
488,7.147777256280527e-27
489,7.060892133069488e-27
490,6.974824006936747e-27
491,6.889568457827049e-27
492,6.805121046113516e-27
493,6.721477313283286e-27
494,6.638632782619476e-27
495,6.556582959879504e-27
496,6.475323333969582e-27
497,6.394849377615183e-27
498,6.315156548027647e-27
499,6.236240287566648e-27
500,6.158096024398478e-27
501,6.08071917315009e-27
502,6.0041051355587865e-27
503,5.9282493011175645e-27
504,5.853147047715859e-27
505,5.778793742275811e-27
506,5.7051847413838046e-27
507,5.6323153919173776e-27
508,5.560181031667284e-27
509,5.4887769899547225e-27
510,5.4180985882435985e-27
511,5.348141140747865e-27
512,5.278899955033794e-27
513,5.2103703326170276e-27
514,5.1425475695546384e-27
515,5.0754269570317944e-27
516,5.009003781943182e-27
517,4.943273327469164e-27
518,4.87823087364635e-27
519,4.813871697932953e-27
520,4.750191075768423e-27
521,4.687184281127739e-27
522,4.624846587069845e-27
523,4.563173266280814e-27
524,4.502159591610916e-27
525,4.441800836606288e-27
526,4.382092276034669e-27
527,4.323029186405436e-27
528,4.264606846483724e-27
529,4.2068205377986826e-27
530,4.1496655451459306e-27
531,4.093137157083941e-27
532,4.0372306664245766e-27
533,3.981941370717602e-27
534,3.9272645727291e-27
535,3.87319558091399e-27
536,3.81972970988244e-27
537,3.766862280860104e-27
538,3.7145886221424006e-27
539,3.662904069542504e-27
540,3.611803966833462e-27
541,3.561283666183903e-27
542,3.511338528587623e-27
543,3.461963924287235e-27
544,3.4131552331913376e-27
545,3.364907845285638e-27
546,3.3172171610378675e-27
547,3.270078591796513e-27
548,3.2234875601832867e-27
549,3.1774395004793784e-27
550,3.1319298590056078e-27
551,3.086954094496226e-27
552,3.0425076784666026e-27
553,2.998586095574676e-27
554,2.9551848439761997e-27
555,2.9122994356737644e-27
556,2.869925396859751e-27
557,2.828058268252937e-27
558,2.7866936054290777e-27
559,2.7458269791451646e-27
560,2.705453975657792e-27
561,2.665570197035117e-27
562,2.626171261462867e-27
563,2.5872528035442386e-27
564,2.5488104745935415e-27
565,2.5108399429241176e-27
566,2.4733368941298076e-27
567,2.4362970313606883e-27
568,2.399716075592713e-27
569,2.363589765891312e-27
570,2.327913859669121e-27
571,2.29268413293769e-27
572,2.2578963805534626e-27
573,2.223546416457536e-27
574,2.189630073910009e-27
575,2.1561432057181018e-27
576,2.1230816844587564e-27
577,2.0904414026953473e-27
578,2.0582182731886855e-27
579,2.026408229102311e-27
580,1.995007224202191e-27
581,1.9640112330506832e-27
582,1.9334162511949657e-27
583,1.9032182953499083e-27
584,1.8734134035753943e-27
585,1.8439976354482012e-27
586,1.814967072228359e-27
587,1.7863178170201526e-27
588,1.7580459949278377e-27
589,1.730147753205768e-27
590,1.7026192614035853e-27
591,1.675456711505883e-27
592,1.648656318066796e-27
593,1.6222143183394185e-27
594,1.596126972400087e-27
595,1.5703905632675871e-27
596,1.5450013970173824e-27
597,1.5199558028907782e-27
598,1.4952501333992196e-27
599,1.4708807644236846e-27
600,1.446844095309209e-27
601,1.4231365489546504e-27
602,1.3997545718976646e-27
603,1.3766946343950196e-27
604,1.3539532304982569e-27
605,1.3315268781247118e-27
606,1.3094121191240321e-27
607,1.2876055193401475e-27
608,1.2661036686688046e-27
609,1.2449031811107419e-27
610,1.2240006948204238e-27
611,1.2033928721505478e-27
612,1.183076399692262e-27
613,1.1630479883112087e-27
614,1.1433043731794097e-27
615,1.1238423138030523e-27
616,1.104658594046211e-27
617,1.0857500221506616e-27
618,1.0671134307516443e-27
619,1.0487456768898162e-27
620,1.0306436420193422e-27
621,1.0128042320122258e-27
622,9.95224377158886e-28
623,9.779010321650628e-28
624,9.608311761451408e-28
625,9.44011812611845e-28
626,9.274399694624568e-28
627,9.111126989615782e-28
628,8.950270777204437e-28
629,8.791802066729257e-28
630,8.635692110481996e-28
631,8.481912403401754e-28
632,8.330434682737387e-28
633,8.181230927678481e-28
634,8.034273358955189e-28
635,7.889534438407993e-28
636,7.746986868527322e-28
637,7.606603591964346e-28
638,7.468357791012311e-28
639,7.332222887060277e-28
640,7.198172540018324e-28
641,7.066180647716647e-28
642,6.936221345276673e-28
643,6.808269004457002e-28
644,6.6822982329731885e-28
645,6.558283873792441e-28
646,6.436201004403617e-28
647,6.316024936063622e-28
648,6.197731213019205e-28
649,6.081295611706435e-28
650,5.966694139927298e-28
651,5.853903036004139e-28
652,5.742898767912644e-28
653,5.633658032393355e-28
654,5.526157754042987e-28
655,5.42037508438537e-28
656,5.316287400922622e-28
657,5.213872306167413e-28
658,5.113107626656418e-28
659,5.0139714119454185e-28
660,4.916441933586923e-28
661,4.8204976840903455e-28
662,4.726117375865249e-28
663,4.633279940148558e-28
664,4.541964525915836e-28
665,4.452150498776545e-28
666,4.363817439855467e-28
667,4.276945144658148e-28
668,4.191513621923853e-28
669,4.107503092463307e-28
670,4.0248939879843785e-28
671,3.9436669499045885e-28
672,3.8638028281509845e-28
673,3.785282679948488e-28
674,3.708087768596632e-28
675,3.6321995622351405e-28
676,3.5575997325987907e-28
677,3.484270153762071e-28
678,3.4121929008741263e-28
679,3.3413502488838307e-28
680,3.2717246712559613e-28
681,3.2032988386791484e-28
682,3.1360556177646157e-28
683,3.069978069737766e-28
684,3.0050494491218415e-28
685,2.9412532024145955e-28
686,2.8785729667579458e-28
687,2.816992568601334e-28
688,2.756496022358945e-28
689,2.6970675290614e-28
690,2.63869147500163e-28
691,2.5813524303759167e-28
692,2.5250351479205645e-28
693,2.46972456154369e-28
694,2.41540578495308e-28
695,2.36206411028075e-28
696,2.309685006703514e-28
697,2.258254119061073e-28
698,2.2077572664706845e-28
699,2.158180440939931e-28
700,2.109509805977267e-28
701,2.0617316952002187e-28
702,2.0148326109426975e-28
703,1.9687992228605402e-28
704,1.9236183665362207e-28
705,1.8792770420829942e-28
706,1.8357624127484057e-28
707,1.7930618035174822e-28
708,1.7511626997164316e-28
709,1.710052745616597e-28
710,1.6697197430384706e-28
711,1.6301516499574885e-28
712,1.591336579110072e-28
713,1.5532627966015164e-28
714,1.5159187205155196e-28
715,1.4792929195249226e-28
716,1.443374111505299e-28
717,1.4081511621503202e-28
718,1.3736130835895995e-28
719,1.3397490330093761e-28
720,1.3065483112762594e-28
721,1.2740003615638148e-28
722,1.2420947679825128e-28
723,1.210821254213232e-28
724,1.1801696821447538e-28
725,1.1501300505146182e-28
726,1.1206924935543562e-28
727,1.0918472796392847e-28
728,1.0635848099419827e-28
729,1.0358956170910901e-28
730,1.0087703638344857e-28
731,9.821998417076588e-29
732,9.561749697069072e-29
733,9.306867929679176e-29
734,9.057264814499323e-29
735,8.812853286250458e-29
736,8.573547501736566e-29
737,8.339262826853714e-29
738,8.109915823662465e-29
739,7.885424237516782e-29
740,7.665706984258177e-29
741,7.450684137475868e-29
742,7.240276915823325e-29
743,7.03440767041156e-29
744,6.832999872259449e-29
745,6.635978099818954e-29
746,6.443268026566828e-29
747,6.25479640866487e-29
748,6.070491072696857e-29
749,5.890280903470188e-29
750,5.714095831896144e-29
751,5.541866822941768e-29
752,5.373525863657254e-29
753,5.209005951278733e-29
754,5.048241081405933e-29
755,4.89116623625907e-29
756,4.737717373012459e-29
757,4.587831412208024e-29
758,4.441446226244917e-29
759,4.298500627952173e-29
760,4.158934359239369e-29
761,4.0226880798303343e-29
762,3.889703356076158e-29
763,3.7599226498524814e-29
764,3.6332893075373495e-29
765,3.5097475490721e-29
766,3.38924245710726e-29
767,3.271719966232099e-29
768,3.1571268522840975e-29
769,3.045410721749075e-29
770,2.9365200012431375e-29
771,2.8304039270770307e-29
772,2.727012534912445e-29
773,2.6262966494963134e-29
774,2.528207874487031e-29
775,2.4326985823650545e-29
776,2.3397219044258735e-29
777,2.2492317208643327e-29
778,2.1611826509438863e-29
779,2.0755300432514865e-29
780,1.992229966039321e-29
781,1.9112391976540516e-29
782,1.8325152170529207e-29
783,1.7560161944042115e-29
784,1.6817009817796224e-29
785,1.6095291039278168e-29
786,1.5394607491360966e-29
787,1.4714567601840473e-29
788,1.4054786253751406e-29
789,1.3414884696615613e-29
790,1.2794490458533707e-29
791,1.2193237259113482e-29
792,1.1610764923311762e-29
793,1.1046719296106513e-29
794,1.0500752157993511e-29
795,9.972521141421174e-30
796,9.461689648005723e-30
797,8.967926766627316e-30
798,8.490907192376067e-30
799,8.030311146353857e-30
800,7.585824296288128e-30
