0,0.
1,0.
2,0.
3,0.
4,0.
5,0.
6,0.
7,0.
8,0.
9,0.
10,0.
11,0.
12,0.
13,0.
14,0.
15,0.
16,0.
17,0.
18,0.
19,0.
20,0.
21,0.
22,0.
23,0.
24,0.
25,0.
26,0.
27,0.
28,0.
29,0.
30,0.
31,0.
32,0.
33,0.
34,0.
35,0.
36,0.
37,0.
38,0.
39,0.
40,0.
41,0.
42,0.
43,0.
44,0.
45,0.
46,0.
47,0.
48,0.
49,0.
50,0.
51,0.
52,0.
53,0.
54,0.
55,0.
56,0.
57,0.
58,0.
59,0.
60,0.
61,0.3062720659221899
62,0.5543926982832188
63,0.7514273938262858
64,0.8591365837095457
65,0.9042251964162955
66,0.9309673886887047
67,0.9489805864920947
68,0.9831792769819717
69,0.9793119328897583
70,0.9888813785791171
71,0.995729235204862
72,1.0008982641958206
73,1.0010611686400095
74,0.985580888951686
75,0.9255209428966504
76,0.7795339851327866
77,0.5740466061414743
78,0.3824097645329984
79,0.24198904112356615
80,0.15383193807529658
81,0.10306322795402408
82,0.0741423368613822
83,0.05672939013217582
84,0.04532703999719953
85,0.037278925997811234
86,0.03128392048996075
87,0.02664942861745848
88,0.022969848962009324
89,0.019988528872568176
90,0.01753365190963834
91,0.015485328002492619
92,0.013757159341069566
93,0.012285238483009836
94,0.011021258532709272
95,0.009928029149921021
96,0.008976463890792189
97,0.008143500818604767
98,0.007410633623509118
99,0.006762852843230772
100,0.006187869004346306
101,0.005675533554907821
102,0.005217401099673218
103,0.004806394232127784
104,0.00443654395611377
105,0.004102786541240897
106,0.0038008030215280807
107,0.003526891273709816
108,0.003277863239630855
109,0.00305096173579082
110,0.002843792653144072
111,0.002654269346397888
112,0.002480566749592168
113,0.0023210833063182137
114,0.0021744092193148198
115,0.002039299841255436
116,0.001914653271978396
117,0.0017994914157514732
118,0.0016929438989248384
119,0.001594234363472383
120,0.0015026687428364382
121,0.0014176251987116798
122,0.0013385454551036984
123,0.001264927312340958
124,0.0011963181611409262
125,0.0011323093471879723
126,0.00107253126142682
127,0.001016649051534613
128,0.0009643588666912243
129,0.0009153845615155911
130,0.0008694747964305834
131,0.000826400481193632
132,0.0007859525162380383
133,0.0007479397930951839
134,0.0007121874207292251
135,0.0006785351493071772
136,0.0006468359668901809
137,0.0006169548478912529
138,0.0005887676350030063
139,0.0005621600387293402
140,0.0005370267407409279
141,0.0005132705890488834
142,0.0004908018745290079
143,0.00046953767963790744
144,0.00044940129130454943
145,0.00043032167095853645
146,0.0004122329755080476
147,0.00039507412381895057
148,0.0003787884038881152
149,0.0003633231164627728
150,0.00034862925134691294
151,0.0003346611930625296
152,0.00032137645290628675
153,0.00030873542477227885
154,0.00029670116239872236
155,0.00028523917595040275
156,0.0002743172460733337
157,0.0002639052537545417
158,0.00025397502449616083
159,0.0002445001854668258
160,0.000235456034430077
161,0.00022681941937379067
162,0.00021856862786954782
163,0.00021068328529100244
164,0.00020314426110273464
165,0.00019593358251145123
166,0.00018903435483729112
167,0.00018243068802453172
168,0.00017610762876890093
169,0.00017005109778368585
170,0.00016424783177430803
171,0.00015868532972964725
172,0.0001533518031739617
173,0.0001482361300561531
174,0.00014332781198128403
175,0.00013861693451626942
176,0.00013409413032485328
177,0.0001297505449085943
178,0.00012557780474983538
179,0.00012156798766986036
180,0.00011771359523224347
181,0.00011400752703455949
182,0.00011044305674585591
183,0.00010701380975840632
184,0.00010371374233346029
185,0.0001005371221303783
186,0.00009747851001775915
187,0.00009453274307267966
188,0.0000916949186833737
189,0.0000889603796739609
190,0.0000863247003810459
191,0.0000837836736129151
192,0.0000813332984302273
193,0.00007896976869086334
194,0.00007668946230629924
195,0.00007448893115991462
196,0.00007236489164269615
197,0.00007031421576511041
198,0.00006833392280464189
199,0.00006642117145499867
200,0.00006457325244289823
201,0.00006278758158176339
202,0.00006106169323356046
203,0.00005939323415265717
204,0.00005777995768684442
205,0.00005621971831243976
206,0.0000547104664824074
207,0.00005325024376796166
208,0.0000518371782741985
209,0.00005046948031379074
210,0.000049145438322476545
211,0.00004786341500042
212,0.00004662184366699375
213,0.00004541922481525445
214,0.00004425412285380628
215,0.00004312516302551849
216,0.00004203102849174908
217,0.000040970457572652995
218,0.00003994224113451771
219,0.00003894522011492419
220,0.00003797828317807437
221,0.00003704036449269231
222,0.00003613044162559861
223,0.00003524753354370089
224,0.000034390698718919286
225,0.000033559033329879386
226,0.000032751669554863266
227,0.00003196777395106477
228,0.000031206545915151164
229,0.00003046721622087488
230,0.000029749045629305882
231,0.00002905132356764036
232,0.000028373366872993123
233,0.000027714518597706678
234,0.000027074146872541966
235,0.000026451643825016637
236,0.00002584642454972922
237,0.000025257926127900984
238,0.000024685606693813828
239,0.00002412894454502997
240,0.000023587437295025216
241,0.00002306060106533812
242,0.000022547969715161413
243,0.000022049094107108772
244,0.000021563541406678282
245,0.00002109089441372347
246,0.000020630750924775616
247,0.000020182723124342596
248,0.000019746437003315195
249,0.000019321531804326508
250,0.00001890765949130324
251,0.00001850448424299314
252,0.000018111681968839327
253,0.00001772893984647256
254,0.000017355955879189308
255,0.00001699243847310372
256,0.000016638106032430986
257,0.00001629268657267056
258,0.000015955917350160487
259,0.00001562754450758023
260,0.00001530732273486456
261,0.00001499501494414573
262,0.000014690391958888201
263,0.000014393232215771878
264,0.000014103321479221704
265,0.000013820452567990253
266,0.000013544425092862394
267,0.000013275045205583767
268,0.00001301212535760093
269,0.000012755484069157956
270,0.000012504945707836704
271,0.000012260340275662134
272,0.00001202150320543188
273,0.000011788275164668669
274,0.00001156050186787837
275,0.0000113380338962264
276,0.000011120726524164667
277,0.000010908439553239563
278,0.000010701037152207146
279,0.000010498387703704832
280,0.000010300363656603902
281,0.000010106841384392686
282,9.917701048867451e-6
283,9.732826469316759e-6
284,9.552104996342571e-6
285,9.37542739105171e-6
286,9.202687708478718e-6
287,9.033783185415002e-6
288,8.868614132877377e-6
289,8.707083832166764e-6
290,8.5490984351218e-6
291,8.394566868079942e-6
292,8.243400739240757e-6
293,8.095514249713545e-6
294,7.950824107651248e-6
295,7.809249445692791e-6
296,7.67071174133346e-6
297,7.535134740266117e-6
298,7.40244438247216e-6
299,7.272568731047001e-6
300,7.145437903511701e-6
301,7.020984005720255e-6
302,6.899141068024031e-6
303,6.779844983775328e-6
304,6.663033449956042e-6
305,6.548645909991312e-6
306,6.436623498641667e-6
307,6.326908988513513e-6
308,6.219446738944759e-6
309,6.114182646206601e-6
310,6.011064095695885e-6
311,5.910039915800393e-6
312,5.8110603330805276e-6
313,5.714076929482496e-6
314,5.619042600536889e-6
315,5.525911515086907e-6
316,5.434639076815576e-6
317,5.345181886424515e-6
318,5.257497705637227e-6
319,5.171545421873086e-6
320,5.087285014918243e-6
321,5.004677523707255e-6
322,4.923685015000187e-6
323,4.8442705527599786e-6
324,4.766398168732488e-6
325,4.690032833514456e-6
326,4.615140429296308e-6
327,4.541687722969657e-6
328,4.469642340222045e-6
329,4.398972740607315e-6
330,4.3296481933643e-6
331,4.26163875383408e-6
332,4.194915240965797e-6
333,4.129449215312905e-6
334,4.065212957697122e-6
335,4.0021794488365505e-6
336,3.940322349233999e-6
337,3.879615980051926e-6
338,3.8200353043813825e-6
339,3.761555909139591e-6
340,3.7041539875018836e-6
341,3.6478063221263984e-6
342,3.592490268512804e-6
343,3.538183739116196e-6
344,3.48486518798962e-6
345,3.4325135957585142e-6
346,3.3811084551089327e-6
347,3.3306297567496545e-6
348,3.281057975750112e-6
349,3.2323740584485915e-6
350,3.184559409507149e-6
351,3.1375958794624387e-6
352,3.0914657528441706e-6
353,3.0461517363258667e-6
354,3.0016369474535875e-6
355,2.9579049036668506e-6
356,2.914939511583237e-6
357,2.8727250566561446e-6
358,2.8312461931404722e-6
359,2.790487934338084e-6
360,2.7504356431468905e-6
361,2.7110750227941243e-6
362,2.6723921080222615e-6
363,2.634373256407857e-6
364,2.59700513989771e-6
365,2.56027473670321e-6
366,2.5241693232949133e-6
367,2.488676466892953e-6
368,2.4537840176875375e-6
369,2.4194801018858237e-6
370,2.3857531143844755e-6
371,2.352591712173904e-6
372,2.319984807444837e-6
373,2.287921561292296e-6
374,2.2563913772475374e-6
375,2.2253838953295187e-6
376,2.194888986056185e-6
377,2.1648967446181247e-6
378,2.1353974853145618e-6
379,2.106381736010436e-6
380,2.077840232987882e-6
381,2.049763915647504e-6
382,2.0221439214724335e-6
383,1.994971581334802e-6
384,1.96823841449987e-6
385,1.9419361242351852e-6
386,1.9160565931328094e-6
387,1.8905918787946335e-6
388,1.8655342097835136e-6
389,1.840875981065228e-6
390,1.8166097503899518e-6
391,1.7927282342251828e-6
392,1.7692243037876285e-6
393,1.7460909816421659e-6
394,1.7233214378337132e-6
395,1.7009089865028668e-6
396,1.6788470824248673e-6
397,1.6571293175562304e-6
398,1.6357494181378243e-6
399,1.614701241133186e-6
400,1.5939787714081215e-6
401,1.5735761186307527e-6
402,1.55348751435202e-6
403,1.533707309286775e-6
404,1.5142299703662726e-6
405,1.4950500781540927e-6
406,1.4761623241986198e-6
407,1.4575615084143187e-6
408,1.4392425367082312e-6
409,1.4212004185035288e-6
410,1.4034302642734187e-6
411,1.3859272832950179e-6
412,1.368686781500668e-6
413,1.3517041591949583e-6
414,1.3349749088476872e-6
415,1.3184946131077483e-6
416,1.3022589428080459e-6
417,1.2862636549165804e-6
418,1.2705045905075242e-6
419,1.2549776731727747e-6
420,1.2396789068214628e-6
421,1.2246043742453328e-6
422,1.2097502350038632e-6
423,1.1951127240915662e-6
424,1.1806881500102654e-6
425,1.166472893257542e-6
426,1.152463404736625e-6
427,1.1386562042073765e-6
428,1.1250478787605332e-6
429,1.1116350814180611e-6
430,1.0984145296118873e-6
431,1.0853830038590274e-6
432,1.072537346332446e-6
433,1.0598744595676995e-6
434,1.0473913051809638e-6
435,1.035084902663139e-6
436,1.0229523278670189e-6
437,1.010990712121253e-6
438,9.991972409526656e-7
439,9.875691527934994e-7
440,9.761037380843207e-7
441,9.647983379047318e-7
442,9.536503432409562e-7
443,9.426571935761383e-7
444,9.318163762416361e-7
445,9.211254250188152e-7
446,9.105819194953973e-7
447,9.001834839184628e-7
448,8.899277864085451e-7
449,8.798125378652797e-7
450,8.698354912741914e-7
451,8.599944407109207e-7
452,8.502872205560509e-7
453,8.407117046079776e-7
454,8.312658053137365e-7
455,8.219474730715161e-7
456,8.127546952268489e-7
457,8.036854954721201e-7
458,7.947379331886975e-7
459,7.85910102521272e-7
460,7.772001318148542e-7
461,7.686061828939726e-7
462,7.601264503911727e-7
463,7.517591609959944e-7
464,7.435025730135103e-7
465,7.35354975444219e-7
466,7.2731468782187e-7
467,7.193800589924864e-7
468,7.115494671312301e-7
469,7.038213187148246e-7
470,6.961940482522787e-7
471,6.886661175476817e-7
472,6.812360152315733e-7
473,6.739022563520558e-7
474,6.666633816483261e-7
475,6.595179571177218e-7
476,6.524645735767658e-7
477,6.455018462427887e-7
478,6.386284140303794e-7
479,6.318429392264393e-7
480,6.251441072438702e-7
481,6.185306257567929e-7
482,6.120012244917165e-7
483,6.055546550199387e-7
484,5.991896898261652e-7
485,5.929051224430718e-7
486,5.866997666309841e-7
487,5.805724562885324e-7
488,5.745220449146189e-7
489,5.685474052558261e-7
490,5.626474289806325e-7
491,5.568210262943091e-7
492,5.510671256247046e-7
493,5.453846731712392e-7
494,5.397726327231587e-7
495,5.342299852540556e-7
496,5.287557286175147e-7
497,5.233488771691578e-7
498,5.18008461585285e-7
499,5.127335283544445e-7
500,5.075231398173979e-7
501,5.023763735219946e-7
502,4.972923220918671e-7
503,4.92270093068745e-7
504,4.873088083977547e-7
505,4.824076043631672e-7
506,4.775656312286286e-7
507,4.7278205302022753e-7
508,4.6805604723126586e-7
509,4.633868045842393e-7
510,4.58773528893455e-7
511,4.5421543664516934e-7
512,4.4971175697596294e-7
513,4.4526173130354223e-7
514,4.4086461308453584e-7
515,4.3651966770427217e-7
516,4.322261721553304e-7
517,4.2798341505221926e-7
518,4.237906961066155e-7
519,4.196473261067804e-7
520,4.155526267587351e-7
521,4.115059303349225e-7
522,4.075065796804077e-7
523,4.035539278884928e-7
524,3.9964733821700506e-7
525,3.9578618369470624e-7
526,3.9196984733570955e-7
527,3.88197721514696e-7
528,3.84469208243076e-7
529,3.807837185380689e-7
530,3.771406727761325e-7
531,3.7353950006656385e-7
532,3.699796384218972e-7
533,3.6646053437024995e-7
534,3.629816430344585e-7
535,3.595424277778246e-7
536,3.561423602281911e-7
537,3.5278091999443903e-7
538,3.494575946236279e-7
539,3.461718795118823e-7
540,3.4292327747740453e-7
541,3.397112991914103e-7
542,3.3653546233745504e-7
543,3.3339529218265236e-7
544,3.302903208879772e-7
545,3.272200877873939e-7
546,3.2418413899007205e-7
547,3.211820275129789e-7
548,3.1821331293364856e-7
549,3.1527756142897067e-7
550,3.12374345660773e-7
551,3.0950324451994495e-7
552,3.06663843216465e-7
553,3.0385573308677694e-7
554,3.010785114506136e-7
555,2.983317815554779e-7
556,2.9561515253249434e-7
557,2.929282392084235e-7
558,2.9027066200103305e-7
559,2.876420469205407e-7
560,2.850420254340832e-7
561,2.824702343915656e-7
562,2.799263158584659e-7
563,2.7740991711730735e-7
564,2.7492069056093385e-7
565,2.7245829361190274e-7
566,2.700223885917352e-7
567,2.676126427500698e-7
568,2.652287280351541e-7
569,2.628703211800803e-7
570,2.605371034880624e-7
571,2.582287608035512e-7
572,2.559449834996376e-7
573,2.5368546639076913e-7
574,2.514499085016206e-7
575,2.492380132191244e-7
576,2.470494881277136e-7
577,2.4488404490995845e-7
578,2.42741399348599e-7
579,2.4062127122304505e-7
580,2.3852338418113004e-7
581,2.3644746587800258e-7
582,2.3439324765563415e-7
583,2.3236046471309794e-7
584,2.3034885590475202e-7
585,2.283581636870018e-7
586,2.263881341106461e-7
587,2.244385168473842e-7
588,2.2250906491934568e-7
589,2.2059953479143456e-7
590,2.1870968636088736e-7
591,2.1683928276837722e-7
592,2.14988090380432e-7
593,2.1315587885865333e-7
594,2.1134242100112362e-7
595,2.0954749268455326e-7
596,2.07770872837217e-7
597,2.0601234345451571e-7
598,2.04271689504675e-7
599,2.0254869880120414e-7
600,2.0084316211835022e-7
601,1.991548729958719e-7
602,1.9748362785390751e-7
603,1.9582922576711522e-7
604,1.9419146862289495e-7
605,1.9257016081380568e-7
606,1.9096510955660728e-7
607,1.8937612445536723e-7
608,1.878030178439477e-7
609,1.8624560443100743e-7
610,1.847037014673397e-7
611,1.8317712863908756e-7
612,1.81665707976026e-7
613,1.8016926390073495e-7
614,1.7868762319827633e-7
615,1.7722061485201106e-7
616,1.7576807020169962e-7
617,1.7432982278582853e-7
618,1.7290570823604302e-7
619,1.7149556454800366e-7
620,1.7009923160804311e-7
621,1.6871655159596796e-7
622,1.6734736860192388e-7
623,1.6599152886330392e-7
624,1.6464888054478578e-7
625,1.6331927386558743e-7
626,1.62002560918241e-7
627,1.6069859569681495e-7
628,1.5940723419655113e-7
629,1.5812833413560515e-7
630,1.5686175518536348e-7
631,1.5560735875211849e-7
632,1.543650080675198e-7
633,1.5313456806854098e-7
634,1.5191590545615124e-7
635,1.507088886345013e-7
636,1.4951338776477117e-7
637,1.4832927446110482e-7
638,1.4715642217845911e-7
639,1.459947059016663e-7
640,1.4484400218968154e-7
641,1.4370418916482758e-7
642,1.425751464876147e-7
643,1.4145675543407962e-7
644,1.4034889861748316e-7
645,1.3925146026069237e-7
646,1.3816432597317278e-7
647,1.3708738280224004e-7
648,1.3602051927743286e-7
649,1.3496362522658923e-7
650,1.339165919418903e-7
651,1.3287931201504397e-7
652,1.3185167936132214e-7
653,1.3083358930283118e-7
654,1.298249383607465e-7
655,1.2882562436166666e-7
656,1.2783554648124233e-7
657,1.2685460502045993e-7
658,1.2588270157076629e-7
659,1.2491973893954436e-7
660,1.2396562113026444e-7
661,1.2302025330450222e-7
662,1.2208354182180854e-7
663,1.2115539409565236e-7
664,1.202357187880594e-7
665,1.1932442558365816e-7
666,1.1842142538774738e-7
667,1.1752663003119833e-7
668,1.1663995251202859e-7
669,1.1576130689139296e-7
670,1.148906082063397e-7
671,1.1402777261916939e-7
672,1.1317271715807613e-7
673,1.1232536006273023e-7
674,1.1148562028085087e-7
675,1.1065341798677077e-7
676,1.0982867416959926e-7
677,1.0901131085441559e-7
678,1.0820125090169536e-7
679,1.0739841809151179e-7
680,1.0660273729503143e-7
681,1.0581413405390788e-7
682,1.0503253492701427e-7
683,1.042578672812605e-7
684,1.03490059351488e-7
685,1.0272904027050961e-7
686,1.0197473998226486e-7
687,1.0122708920648138e-7
688,1.0048601958397393e-7
689,9.975146342061491e-8
690,9.902335397662794e-8
691,9.830162518056707e-8
692,9.758621177895418e-8
693,9.687704921841856e-8
694,9.61740738511094e-8
695,9.547722256571345e-8
696,9.4786433191723e-8
697,9.410164409887417e-8
698,9.34227944928672e-8
699,9.274982426741867e-8
700,9.20826739323765e-8
701,9.142128482805584e-8
702,9.076559879643582e-8
703,9.011555849377837e-8
704,8.94711071917042e-8
705,8.883218873627066e-8
706,8.819874777586589e-8
707,8.757072942573084e-8
708,8.694807960930013e-8
709,8.633074461808431e-8
710,8.571867162781451e-8
711,8.511180822454188e-8
712,8.451010273843135e-8
713,8.391350388266213e-8
714,8.332196116843645e-8
715,8.273542454421254e-8
716,8.215384453599029e-8
717,8.157717232839101e-8
718,8.10053595646995e-8
719,8.043835844684752e-8
720,7.987612167066352e-8
721,7.931860260301711e-8
722,7.876575495031248e-8
723,7.821753309714279e-8
724,7.767389189501256e-8
725,7.713478656918466e-8
726,7.660017303064266e-8
727,7.607000761446865e-8
728,7.554424706511321e-8
729,7.502284871541145e-8
730,7.45057702999357e-8
731,7.399297009243022e-8
732,7.34844067205917e-8
733,7.298003939370858e-8
734,7.247982764229711e-8
735,7.198373153313389e-8
736,7.149171155325564e-8
737,7.100372866297572e-8
738,7.051974410862888e-8
739,7.003971970759928e-8
740,6.956361769503727e-8
741,6.90914005332788e-8
742,6.86230313808504e-8
743,6.815847350780479e-8
744,6.769769083871798e-8
745,6.724064745686391e-8
746,6.678730807724453e-8
747,6.63376375210271e-8
748,6.589160127892046e-8
749,6.544916494954636e-8
750,6.501029470818731e-8
751,6.457495697271034e-8
752,6.414311860754179e-8
753,6.371474672309869e-8
754,6.328980888168751e-8
755,6.286827294613617e-8
756,6.24501071338892e-8
757,6.203527998985971e-8
758,6.16237604728591e-8
759,6.121551769289497e-8
760,6.081052129161584e-8
761,6.040874111930332e-8
762,6.001014733220593e-8
763,5.9614710500333e-8
764,5.9222401390476204e-8
765,5.883319118147803e-8
766,5.8447051279757446e-8
767,5.8063953395109766e-8
768,5.768386963039268e-8
769,5.7306772276344504e-8
770,5.6932633902293446e-8
771,5.6561427454040715e-8
772,5.619312617862063e-8
773,5.582770345137694e-8
774,5.546513303608318e-8
775,5.510538899725861e-8
776,5.474844559476217e-8
777,5.439427736782938e-8
778,5.404285916681977e-8
779,5.369416602317653e-8
780,5.3348173370143394e-8
781,5.300485671511206e-8
782,5.266419196188231e-8
783,5.232615517249543e-8
784,5.1990722703769444e-8
785,5.165787111396208e-8
786,5.1327577287259216e-8
787,5.0999818262392935e-8
788,5.067457133024978e-8
789,5.0351813999245664e-8
790,5.003152408032515e-8
791,4.971367951034129e-8
792,4.9398258571175915e-8
793,4.908523962551255e-8
794,4.8774601378308095e-8
795,4.8466322668812314e-8
796,4.816038263347215e-8
797,4.7856760518416284e-8
798,4.755543581701206e-8
799,4.7256388287382894e-8
800,4.695959787901329e-8
