0.,0.
0.25,0.
0.5,0.
0.75,0.
1.,0.
1.25,0.
1.5,0.
1.75,0.
2.,0.
2.25,0.
2.5,0.
2.75,0.
3.,0.
3.25,0.
3.5,0.
3.75,0.
4.,0.
4.25,0.
4.5,0.
4.75,0.
5.,0.
5.25,0.
5.5,0.
5.75,0.
6.,0.
6.25,0.
6.5,0.
6.75,0.
7.,0.
7.25,0.
7.5,0.
7.75,0.
8.,0.
8.25,0.
8.5,0.
8.75,0.
9.,0.
9.25,0.
9.5,0.
9.75,0.
10.,0.
10.25,0.
10.5,0.
10.75,0.
11.,0.
11.25,0.
11.5,0.
11.75,0.
12.,0.
12.25,2.1794810874386651e-7
12.5,0.000030148327881804037
12.75,0.0007682128954879995
13.,0.010033472533482973
13.25,0.0695422887684906
13.5,0.2664569504339353
13.75,0.6034318069623592
14.,0.8957214944123058
14.25,1.0004103720382194
14.5,0.9691630061076171
14.75,0.9016832002672126
15.,0.844471964016592
15.25,0.8032988005400042
15.5,0.7718454793768241
15.75,0.7488969738026888
16.,0.7400201255067992
16.25,0.7483770935678085
16.5,0.7673776830336164
16.75,0.7834531447939549
17.,0.7854314161779009
17.25,0.7708963470162713
17.5,0.7445789320122262
17.75,0.7127602652092099
18.,0.6794683791333219
18.25,0.6459236693795142
18.5,0.6117452078590455
18.75,0.5764374760364259
19.,0.5402918667343743
19.25,0.5044724788009135
19.5,0.4704709075523408
19.75,0.439469421459959
20.,0.41199932710347437
20.25,0.38796462239699875
20.5,0.36689003702982126
20.75,0.3481914998989639
21.,0.33135055445618594
21.25,0.3159762471797094
21.5,0.30179681723493024
21.75,0.2886256252607459
22.,0.2763310623477806
22.25,0.26481481936103174
22.5,0.25399982866374643
22.75,0.24382310820866923
23.,0.23423138602595786
23.25,0.22517913703123285
23.5,0.2166262213920259
23.75,0.20853739566158924
24.,0.20088105866838282
24.25,0.1936287819420727
24.5,0.1867552368242802
24.75,0.18023712473540707
25.,0.17405326866924023
25.25,0.16818449807526603
25.5,0.16261336372083846
25.75,0.15732351734855293
26.,0.15230025129387614
26.25,0.14753010957574247
26.5,0.14300039835095846
26.75,0.13869967209864886
27.,0.1346173610929129
27.25,0.13074369650502426
27.5,0.12706973291541176
27.75,0.12358704113454137
28.,0.12028811892215593
28.25,0.11716597470749153
28.5,0.11421397736648026
28.75,0.11142651036160318
29.,0.10879794359989078
29.25,0.10632343041364586
29.5,0.10399839591030569
29.75,0.10181896335951571
30.,0.09978142415847147
30.25,0.09788251953851287
30.5,0.0961191359253306
30.75,0.09448912961854074
31.,0.09299009464759377
31.25,0.09162076060127677
31.5,0.09037929586979364
31.75,0.08926509387309044
32.,0.08827745747820831
32.25,0.08741661495081426
32.5,0.08668321297493668
32.75,0.08607876119108415
33.,0.08560509785768036
33.25,0.0852652444543682
33.5,0.08506284011917233
33.75,0.08500311607144921
34.,0.08509118897682823
34.25,0.08533460349890906
34.5,0.08573954154573349
34.75,0.08631364444063586
35.,0.08706201816432567
35.25,0.08799018865938431
35.5,0.08910048373204234
35.75,0.09039248601992729
36.,0.09186048627928849
36.25,0.09349514773736178
36.5,0.09528224246293888
36.75,0.09720368581199777
37.,0.09923531177695832
37.25,0.10135049624115583
37.5,0.1035206829400841
37.75,0.10571680190574291
38.,0.10791115908216667
38.25,0.11008022172242592
38.5,0.11220608599781334
38.75,0.11428000455613381
39.,0.11630493479539246
39.25,0.11829806677201855
39.5,0.12029164918058806
39.75,0.12233640361680219
40.,0.12450393954877413
40.25,0.12688491088899828
40.5,0.12959272881432096
40.75,0.13276528626454903
41.,0.13656379315827724
41.25,0.14117193857114999
41.5,0.1467986096099866
41.75,0.15367081804980365
42.,0.1620364406978096
42.25,0.17215721236458859
42.5,0.18429400950831826
42.75,0.19872104499552434
43.,0.21569532216495174
43.25,0.23543882553177328
43.5,0.258168171019498
43.75,0.28402540314466107
44.,0.31307085035805937
44.25,0.3453295240565712
44.5,0.38066921910983076
44.75,0.41884281884681457
45.,0.4595424085914099
45.25,0.5022395223075216
45.5,0.546322479463291
45.75,0.5911354190194086
46.,0.6358219264169102
46.25,0.6795688982493447
46.5,0.7215849630425217
46.75,0.7610027967749714
47.,0.79714373805563
47.25,0.8294315503944827
47.5,0.8573519208690783
47.75,0.8806524711676212
48.,0.8992007878766405
48.25,0.9129924104869714
48.5,0.9222356158641094
48.75,0.9272063776575455
49.,0.9282776352387532
49.25,0.9259177931040834
49.5,0.9205858923895178
49.75,0.9127662151170668
50.,0.9029351444588926
50.25,0.8915100909779192
50.5,0.878882248473489
50.75,0.8653887153324185
51.,0.851301450085548
51.25,0.8368531993862742
51.5,0.8222249361822752
51.75,0.8075519056605391
52.,0.7929405514669126
52.25,0.7784658986141965
52.5,0.7641795293053893
52.75,0.7501182368927307
53.,0.7363047387176855
53.25,0.7227527582400503
53.5,0.7094698915877847
53.75,0.6964590137823564
54.,0.6837202915280537
54.25,0.6712518918836324
54.5,0.6590507104294759
54.75,0.6471128948683176
55.,0.6354342745851976
55.25,0.6240104358074301
55.5,0.6128365102885887
55.75,0.6019080968822819
56.,0.5912203886640005
56.25,0.5807686007305259
56.5,0.5705482029619722
56.75,0.5605541169099654
57.,0.5507818964885228
57.25,0.5412262535251505
57.5,0.5318822801060906
57.75,0.522744980676096
58.,0.5138087654117377
58.25,0.5050687980178169
58.5,0.4965192465915027
58.75,0.4881549033330633
59.,0.47997037193776515
59.25,0.47196011746661043
59.5,0.4641192545655454
59.75,0.45644235237124653
60.,0.4489246918733287
60.25,0.44156148528876416
60.5,0.43434816949831045
60.75,0.4272805955659563
61.,0.4203545465651219
61.25,0.4135662520598464
61.5,0.4069119885563922
61.75,0.40038824032811804
62.,0.3939916764606871
62.25,0.3877190204414473
62.5,0.3815672210943834
62.75,0.375533190907274
63.,0.36961398537468765
63.25,0.3638067508295298
63.5,0.3581087133217658
63.75,0.35251718076352845
64.,0.34702953338001435
64.25,0.3416432480397695
64.5,0.3363558933479587
64.75,0.331165145488553
65.,0.32606874051311285
65.25,0.321064518592318
65.5,0.3161503949272642
65.75,0.31132439900304465
66.,0.30658461779803037
66.25,0.3019291933775322
66.5,0.2973563454847172
66.75,0.29286434951470053
67.,0.28845156461286936
67.25,0.284116322906493
67.5,0.27985702531941486
67.75,0.2756721092923183
68.,0.2715600522664372
68.25,0.2675193576123489
68.5,0.26354852822468033
68.75,0.25964611756711015
69.,0.2558107090645986
69.25,0.25204093227090757
69.5,0.2483354182347836
69.75,0.24469284019307774
70.,0.24111191173859467
70.25,0.23759138317588294
70.5,0.23413004446292768
70.75,0.23072670297343356
71.,0.2273802129133431
71.25,0.2240894625477278
71.5,0.22085337512117478
71.75,0.21767090096578767
72.,0.21454101921779772
72.25,0.21146274043139493
72.5,0.20843510007265803
72.75,0.20545716055024052
73.,0.2025280012035976
73.25,0.199646726874128
73.5,0.1968124603910186
73.75,0.1940243435151527
74.,0.1912815338592384
74.25,0.18858320496685618
74.5,0.18592854389523147
74.75,0.18331675288961816
75.,0.18074704874537886
75.25,0.17821865997800415
75.5,0.1757308280122369
75.75,0.17328280632090418
76.,0.17087385993342113
76.25,0.16850326280470326
76.5,0.1661703094013733
76.75,0.16387430237011372
77.,0.16161455754783777
77.25,0.15939040344665278
77.5,0.15720118223677704
77.75,0.15504624146431792
78.,0.15292495665011122
78.25,0.15083671362564371
78.5,0.14878091145079636
78.75,0.1467569642225857
79.,0.14476430106848992
79.25,0.14280236052781473
79.5,0.1408706011518738
79.75,0.13896850360066626
80.,0.13709555636820728
80.25,0.13525126262882387
80.5,0.13343513889119532
80.75,0.13164671314870746
81.,0.12988551835598208
81.25,0.1281511174669907
81.5,0.12644307261978235
81.75,0.12476095519430362
82.,0.12310434613995597
82.25,0.12147283297654529
82.5,0.11986600406452631
82.75,0.11828346375942791
83.,0.11672481844358566
83.25,0.11518967233408403
83.5,0.11367764078947612
83.75,0.11218833927213817
84.,0.11072138477596176
84.25,0.10927639855679132
84.5,0.10785300759166798
84.75,0.10645083472060865
85.,0.10506951049734549
85.25,0.10370867280992706
85.5,0.10236796038410323
85.75,0.10104701553471633
86.,0.099745488658503
86.25,0.09846303270572238
86.5,0.09719929845049505
86.75,0.09595396425166923
87.,0.09472670572811323
87.25,0.09351720607426844
87.5,0.09232515754490822
87.75,0.0911502605908048
88.,0.08999221424343971
88.25,0.08885074229019865
88.5,0.08772557733067786
88.75,0.08661645563909791
89.,0.08552312265621986
89.25,0.08444533186381908
89.5,0.08338284128737385
89.75,0.08233541367567201
90.,0.08130283607547023
90.25,0.08028489156420184
90.5,0.07928136777791765
90.75,0.0782920593226652
91.,0.07731676235610381
91.25,0.07635527269932642
91.5,0.07540739963772572
91.75,0.07447295611512457
92.,0.07355174723882404
92.25,0.0726435877893815
92.5,0.07174828555726719
92.75,0.07086565418096717
93.,0.06999550316747861
93.25,0.06913765129146103
93.5,0.06829191052091865
93.75,0.06745809322453655
94.,0.06663601456442378
94.25,0.06582548309683359
94.5,0.06502631683146877
94.75,0.06423832215495416
95.,0.06346132666893914
95.25,0.0626951281838834
95.5,0.06193956322621498
95.75,0.06119442732031348
96.,0.060459562066623486
96.25,0.059734769689578214
96.5,0.05901989253675179
96.75,0.05831474391416352
97.,0.057619165158745995
97.25,0.05693298410746903
97.5,0.056256041034253204
97.75,0.055588180897097536
98.,0.05492924273657692
98.25,0.054279090931630296
98.5,0.053637562491528956
98.75,0.05300454238368214
99.,0.05237986577332541
99.25,0.05176343797939785
99.5,0.05115509386449756
99.75,0.05055475212525547
100.,0.049962263076256314
100.25,0.04937754258852708
100.5,0.04880046081563212
100.75,0.048230930088841786
101.,0.04766883907597222
101.25,0.04711409640375455
101.5,0.046566606880102966
101.75,0.04602627515289636
102.,0.045493019589058034
102.25,0.04496674170027707
102.5,0.04444737025716838
102.75,0.0439348037641721
103.,0.04342897797571321
103.25,0.042929789792076394
103.5,0.042437178030160866
103.75,0.04195104371852076
104.,0.041471319355444874
104.25,0.040997912943404435
104.5,0.040530751587028686
104.75,0.04006974849306743
105.,0.039614825073253195
105.25,0.039165896013938405
105.5,0.03872288061460206
105.75,0.03828569742261686
106.,0.037854261456129586
106.25,0.03742849050764142
106.5,0.037008297677713096
106.75,0.0365936043917803
107.,0.03618432354965479
107.25,0.035780375069613374
107.5,0.03538166754991608
107.75,0.034988124466237155
108.,0.034599661612533035
108.25,0.03421619805095089
108.5,0.033837648578500884
108.75,0.033463930747930366
109.,0.033094968517057025
109.25,0.03273068304080775
109.5,0.03237099650886949
109.75,0.03201582416392658
110.,0.031665096537392606
110.25,0.03131874113127777
110.5,0.030976685800348628
110.75,0.030638856503138953
111.,0.030305178818832296
111.25,0.029975593342133778
111.5,0.029650034764588273
111.75,0.029328439400228137
112.,0.029010736511834452
112.25,0.028696871493802407
112.5,0.028386790199174852
112.75,0.02808043676930883
113.,0.027777755253290085
113.25,0.027478684622984223
113.5,0.027183185846419555
113.75,0.026891210626283656
114.,0.02660271239228773
114.25,0.026317638875944276
114.5,0.026035949518707593
114.75,0.02575760770478093
115.,0.025482573096641502
115.25,0.02521080627778118
115.5,0.024942259521743615
115.75,0.024676907172429402
116.,0.024414713523888458
116.25,0.02415564374065506
116.5,0.023899659532406473
116.75,0.023646727728426253
117.,0.023396820373229425
117.25,0.023149905101874486
117.5,0.022905949919526093
117.75,0.022664917170726277
118.,0.022426781629258
118.25,0.02219151253175901
118.5,0.021959078635557353
118.75,0.021729447077716686
119.,0.021502585835931898
119.25,0.021278466891199194
119.5,0.021057058919354867
119.75,0.020838330520761686
120.,0.020622247912697685
120.25,0.02040878162401315
120.5,0.020197900502252494
120.75,0.019989572814507073
121.,0.01978376621559079
121.25,0.019580448012618722
121.5,0.01937958765356407
121.75,0.01918115301207193
122.,0.01898511194509803
122.25,0.018791431674119043
122.5,0.01860008061535929
122.75,0.018411027011787467
123.,0.018224238351987155
123.25,0.018039682835723447
123.5,0.01785732848872857
123.75,0.017677144130752057
124.,0.017499098227031305
124.25,0.017323159433377193
124.5,0.017149296490796048
124.75,0.016977478580781174
125.,0.01680767516317323
125.25,0.016639855858628354
125.5,0.016473990569365646
125.75,0.016310047921376563
126.,0.016147999943299584
126.25,0.015987817558405684
126.5,0.015829472071537412
126.75,0.015672935171039175
127.,0.015518178989091646
127.25,0.015365176116148252
127.5,0.01521389957502947
127.75,0.015064322866379343
128.,0.01491641997437575
128.25,0.01477016469223146
128.5,0.014625530910424815
128.75,0.01448249592386631
129.,0.014341035886424994
129.25,0.014201127526049339
129.5,0.014062748158558952
129.75,0.01392587568784908
130.,0.0137904886170665
130.25,0.013656566052358498
130.5,0.013524087708807286
130.75,0.01339303390716594
131.,0.013263383815304586
131.25,0.013135119400624897
131.5,0.013008224103962955
131.75,0.012882680653514127
132.,0.012758472347346611
132.25,0.012635583038658492
132.5,0.01251399711824058
132.75,0.01239369949627122
133.,0.012274675579391572
133.25,0.012156911249327858
133.5,0.012040392837406565
133.75,0.011925104809998543
134.,0.011811036368862828
134.25,0.011698175446788252
134.5,0.011586509920925003
134.75,0.011476027976756533
135.,0.011366718080744641
135.25,0.011258568955229992
135.5,0.011151569542565137
135.75,0.011045708990677373
136.,0.01094097661533996
136.25,0.010837361638844323
136.5,0.010734852487389349
136.75,0.010633440458425281
137.,0.010533115333374204
137.25,0.010433866942472678
137.5,0.010335685168051197
137.75,0.010238559931354486
138.,0.010142481150626331
138.25,0.010047438786981115
138.5,0.009953422770008035
138.75,0.00986042304021481
139.,0.009768429190639825
139.25,0.009677431069097207
139.5,0.009587419102390665
139.75,0.009498383114734799
140.,0.009410312960230014
140.25,0.009323198467112829
140.5,0.00923702939517953
140.75,0.009151795599369185
141.,0.009067486792503004
141.25,0.008984092803536176
141.5,0.008901603413376064
141.75,0.008820008161846832
142.,0.008739297117665013
142.25,0.008659460035053303
142.5,0.008580486866922988
142.75,0.008502367443732312
143.,0.008425091589720745
143.25,0.008348649423038566
143.5,0.008273030648510543
143.75,0.008198225560805506
144.,0.008124224137236416
144.25,0.0080510164615724
144.5,0.007978592957661845
144.75,0.007906943469098142
145.,0.007836058853889435
145.25,0.007765929248777198
145.5,0.0076965451370846144
145.75,0.007627897427647784
146.,0.00755997602531308
146.25,0.007492772453732857
146.5,0.007426276983918456
146.75,0.007360480647148501
147.,0.007295374765145469
147.25,0.007230949442931773
147.5,0.0071671969501249325
147.75,0.0071041075903366625
148.,0.007041673112208702
148.25,0.0069798851803199264
148.5,0.006918734167667157
148.75,0.0068582131297638205
149.,0.006798312252194329
149.25,0.0067390242215743905
149.5,0.0066803409063816545
149.75,0.006622253066354454
150.,0.006564754581317577
150.25,0.006507835358422415
150.5,0.006451489295106495
150.75,0.006395708285807033
151.,0.006340483678229334
151.25,0.006285810166366452
151.5,0.006231677246418038
151.75,0.0061780803309997665
152.,0.006125011150053377
152.25,0.006072461906700221
152.5,0.006020428060010194
152.75,0.0059688986316541875
153.,0.005917870833618703
153.25,0.005867336062816922
153.5,0.005817287675271987
153.75,0.005767721649119576
154.,0.0057186270205177355
154.25,0.005670002536138519
154.5,0.005621839304108736
154.75,0.005574132098466803
155.,0.005526877017122957
155.25,0.005480064047282802
155.5,0.005433692705723423
155.75,0.005387754060619933
156.,0.005342244468039196
156.25,0.005297159952095752
156.5,0.005252491786088506
156.75,0.005208239982633781
157.,0.005164395693719798
157.25,0.0051209568661452305
157.5,0.005077919312631017
157.75,0.00503527580435245
158.,0.004993026553314303
158.25,0.00495116295708894
158.5,0.004909684384455294
158.75,0.004868586376650605
159.,0.004827863246635339
159.25,0.004787515127023574
159.5,0.004747533832864361
159.75,0.004707919828771622
160.,0.004668668406210848
160.25,0.004629775292056328
160.5,0.0045912403159795055
160.75,0.004553055862647507
161.,0.004515223066087379
161.25,0.004477737057329033
161.5,0.004440594713147763
161.75,0.004403795399202696
162.,0.00436733223055171
162.25,0.004331206509382413
162.5,0.004295413353291098
162.75,0.0042599504512220296
163.,0.004224816427639881
163.25,0.0041900058415305745
163.5,0.0041555191063525595
163.75,0.004121351684821953
164.,0.004087501736075636
164.25,0.004053967275492044
164.5,0.0040207439670841135
164.75,0.003987831383763602
165.,0.003955225340357886
165.25,0.0039229241773612354
165.5,0.003890925471621864
165.75,0.003859225660864602
166.,0.0038278236039171834
166.25,0.00379671545627062
166.5,0.003765899537974303
166.75,0.0037353731591611957
167.,0.0037051332540547015
167.25,0.0036751781354978754
167.5,0.0036455042743459305
167.75,0.0036161098603280047
168.,0.003586992085688698
168.25,0.003558148181942532
168.5,0.0035295760883875425
168.75,0.0035012725572434304
169.,0.003473235619763943
169.25,0.0034454624635393127
169.5,0.0034179504901038263
169.75,0.0033906974199928836
170.,0.0033637002564972035
170.25,0.0033369568935008942
170.5,0.0033104645860698332
170.75,0.0032842208453363587
171.,0.003258223285186019
171.25,0.003232469163910721
171.5,0.003206956245788662
171.75,0.0031816819200430556
172.,0.0031566437792273317
172.25,0.0031318394202878505
172.5,0.0031072663099494377
172.75,0.00308292217340996
173.,0.003058804533166556
173.25,0.003034911054520571
173.5,0.003011239404751037
173.75,0.002987787206031464
174.,0.0029645521989417815
174.25,0.002941532045642299
174.5,0.0029187245149719983
174.75,0.0028961273536854933
175.,0.00287373829370061
175.25,0.0028515551793797662
175.5,0.002829575799580948
175.75,0.0028077979928097636
176.,0.002786219609954708
176.25,0.002764838543165006
176.5,0.002743652706624164
176.75,0.0027226599581964164
177.,0.002701858297454788
177.25,0.002681245687658136
177.5,0.002660820085516774
177.75,0.002640579484255386
178.,0.0026205219443961366
178.25,0.002600645520600329
178.5,0.002580948193056599
178.75,0.002561428110572541
179.,0.002542083395417834
179.25,0.002522912132290786
179.5,0.0025039124102474515
179.75,0.0024850824757624446
180.,0.00246642051188791
180.25,0.0024479245894218566
180.5,0.002429592996990479
180.75,0.0024114240115359277
181.,0.0023934158418092355
181.25,0.0023755666143715896
181.5,0.002357874779775133
181.75,0.0023403386403274148
182.,0.0023229563321655895
182.25,0.002305726250782736
182.5,0.002288646840912723
182.75,0.002271716435333326
183.,0.002254933118215085
183.25,0.0022382955829007784
183.5,0.00222180223976326
183.75,0.0022054512790757965
184.,0.0021892411494715785
184.25,0.0021731704952410815
184.5,0.0021572377852061633
184.75,0.0021414409729669146
185.,0.0021257790394270002
185.25,0.0021102505014427473
185.5,0.0020948536118152797
185.75,0.0020795867998539136
186.,0.002064448959919722
186.25,0.002049438660874257
186.5,0.002034553826967046
186.75,0.0020197935844607656
187.,0.0020051566298983745
187.25,0.001990641310153375
187.5,0.0019762459487469982
187.75,0.0019619697546859587
188.,0.0019478114010724134
188.25,0.0019337688165178674
188.5,0.0019198412056986049
188.75,0.0019060275006736694
189.,0.001892326194876814
189.25,0.0018787354189390686
189.5,0.0018652547621319227
189.75,0.001851883011568311
190.,0.0018386181629893232
190.25,0.0018254594162352682
190.5,0.0018124059979756633
190.75,0.001799456611016234
191.,0.0017866091247204271
191.25,0.001773863555715754
191.5,0.0017612188167580554
191.75,0.001748673050825959
192.,0.0017362253688072483
192.25,0.0017238753364851634
192.5,0.0017116219221899051
192.75,0.0016994627058761606
193.,0.0016873981393457724
193.25,0.0016754272692479475
193.5,0.001663548464043395
193.75,0.0016517606805404798
194.,0.0016400638352119768
194.25,0.0016284570513752377
194.5,0.001616938071955173
194.75,0.0016055073132042205
195.,0.0015941640972460033
195.25,0.0015829070735958208
195.5,0.001571735016452785
195.75,0.001560648159775246
196.,0.0015496457557517595
196.25,0.0015387258532073898
196.5,0.001527888674568379
196.75,0.0015171338255516144
197.,0.0015064602546136878
197.25,0.001495866569817689
197.5,0.001485353244821371
197.75,0.0014749196434050201
198.,0.0014645641602338828
198.25,0.0014542867722702505
198.5,0.0014440873175945576
198.75,0.0014339650199891672
199.,0.0014239183783708084
199.25,0.001413947997176854
199.5,0.001404053326010469
199.75,0.0013942330974603947
200.,0.0013844870429059806
200.25,0.0013748151533780253
200.5,0.001365216871275586
200.75,0.0013556906678928783
201.,0.0013462371609920102
201.25,0.0013368558569321193
201.5,0.0013275457790572376
201.75,0.001318306455335597
202.,0.0013091379410389526
202.25,0.0013000397626977593
202.5,0.0012910106327535201
202.75,0.0012820508961625926
203.,0.0012731601508934225
203.25,0.0012643376419187993
203.5,0.001255582759935919
203.75,0.001246895546069473
204.,0.0012382755449971297
204.25,0.0012297217633363178
204.5,0.001221234219710693
204.75,0.001212812579062637
205.,0.0012044562358741189
205.25,0.0011961645136025318
205.5,0.0011879373850614936
205.75,0.0011797743985265084
206.,0.0011716747735532468
206.25,0.0011636382952415947
206.5,0.0011556646442553195
206.75,0.0011477533039573418
207.,0.001139903589127306
207.25,0.0011321153791763261
207.5,0.0011243882202078507
207.75,0.0011167214739573178
208.,0.0011091147804471366
208.25,0.0011015678062783868
208.5,0.0010940800815816653
208.75,0.0010866509520068132
209.,0.0010792802039859964
209.25,0.0010719673826115187
209.5,0.0010647119392672168
209.75,0.0010575134398972624
210.,0.0010503715268245324
210.25,0.0010432857469643761
210.5,0.001036255516410161
210.75,0.001029280526711203
211.,0.0010223603335551576
211.25,0.0010154944442840122
211.5,0.0010086824000733751
211.75,0.001001923822307931
212.,0.0009952182657124338
212.25,0.0009885652211396887
212.5,0.0009819643111537975
212.75,0.0009754151080399741
213.,0.0009689171564864305
213.25,0.0009624700026051349
213.5,0.0009560732568686599
213.75,0.0009497264880104414
214.,0.0009434292370211363
214.25,0.0009371811031697109
214.5,0.0009309816739085653
214.75,0.000924830522551225
215.,0.0009187272153148481
215.25,0.0009126713630057072
215.5,0.000906662553171271
215.75,0.0009007003635385294
216.,0.0008947843961403671
216.25,0.000888914255461917
216.5,0.0008830895400382979
216.75,0.0008773098422019379
217.,0.0008715747823971068
217.25,0.00086588396993529
217.5,0.0008602370124249941
217.75,0.0008546335276862761
218.,0.0008490731395967145
218.25,0.0008435554705873103
218.5,0.0008380801405731571
218.75,0.0008326467854940495
219.,0.000827255037813093
219.25,0.0008219045314533682
219.5,0.0008165949053843736
219.75,0.0008113258044453181
220.,0.0008060968742051544
220.25,0.0008009077613257
220.5,0.0007957581203210428
220.75,0.0007906476069078935
221.,0.0007855758791658394
221.25,0.0007805425985719849
221.5,0.0007755474314223664
221.75,0.0007705900459354508
222.,0.000765670112727224
222.25,0.0007607873070522368
222.5,0.0007559413067892422
222.75,0.0007511317925137606
223.,0.000746358447717861
223.25,0.0007416209597588255
223.5,0.0007369190184735563
223.75,0.0007322523164186647
224.,0.0007276205495483366
224.25,0.0007230234166840241
224.5,0.0007184606193816078
224.75,0.0007139318619405874
225.,0.0007094368518892869
225.25,0.0007049752993331383
225.5,0.0007005469170921939
225.75,0.0006961514208539528
226.,0.0006917885290577116
226.25,0.0006874579627750632
226.5,0.0006831594456791827
226.75,0.0006788927042416272
227.,0.0006746574674577757
227.25,0.0006704534668868706
227.5,0.0006662804366676586
227.75,0.0006621381134871694
228.,0.0006580262365057548
228.25,0.0006539445473336663
228.5,0.0006498927900688788
228.75,0.0006458707112027786
229.,0.0006418780596060961
229.25,0.0006379145865139231
229.5,0.0006339800455043924
229.75,0.000630074192452119
230.,0.00062619678550335
230.25,0.0006223475850683032
230.5,0.0006185263537772458
230.75,0.0006147328564737586
231.,0.0006109668601238788
231.25,0.0006072281334680407
231.5,0.0006035164481266342
231.75,0.0005998315774452461
232.,0.0005961732968369404
232.25,0.0005925413837557895
232.5,0.0005889356176722752
232.75,0.0005853557800506959
233.,0.0005818016543248538
233.25,0.0005782730258697826
233.5,0.0005747696819772664
233.75,0.000571291411829953
234.,0.0005678380064778868
234.25,0.0005644092588129744
234.5,0.0005610049635459344
234.75,0.0005576249171816707
235.,0.000554268917995141
235.25,0.0005509367660089189
235.5,0.0005476282629684221
235.75,0.0005443432123192825
236.,0.0005410814191851699
236.25,0.0005378426903436692
236.5,0.0005346268342047118
236.75,0.000531433660788271
237.,0.0005282629817022026
237.25,0.0005251146101206719
237.5,0.0005219883607630564
237.75,0.0005188840498724666
238.,0.0005158014951954325
238.25,0.0005127405159616617
238.5,0.0005097009328638137
238.75,0.0005066825680375948
239.,0.0005036852450437653
239.25,0.0005007087851503341
239.5,0.0004977530179619574
239.75,0.0004948177712037686
240.,0.0004919028739246966
240.25,0.0004890081565082146
240.5,0.00048613345065649197
240.75,0.0004832785893755262
241.,0.00048044340695753776
241.25,0.0004776277389696562
241.5,0.0004748314222377475
241.75,0.0004720542948341675
242.,0.0004692961960649915
242.25,0.00046655696645775245
242.5,0.0004638364477510738
242.75,0.00046113448288259684
243.,0.0004584509159806082
243.25,0.0004557855923544016
243.5,0.0004531383584855775
243.75,0.00045050906202073927
244.,0.0004478975517650307
244.25,0.0004453036776746057
244.5,0.0004427272908531548
244.75,0.0004401682435455376
245.,0.00043762638913593565
245.25,0.0004351015821423671
245.5,0.0004325936782167647
245.75,0.00043010253414164457
246.,0.000427628007830617
246.25,0.00042516995832755195
246.5,0.00042272824580708994
246.75,0.00042030273157695554
247.,0.00041789327807914
247.25,0.00041549973624306424
247.5,0.00041312198115228677
247.75,0.00041075988006664555
248.,0.00040841329999480514
248.25,0.0004060821091022502
248.5,0.0004037661767164294
248.75,0.0004014653733335771
249.,0.0003991795706246486
249.25,0.0003969086414431454
249.5,0.00039465245983119016
249.75,0.0003924109010275272
250.,0.00039018384147622084
250.25,0.0003879711588329731
250.5,0.0003857727319745108
250.75,0.00038358844100570496
251.,0.0003814181672691816
251.25,0.00037926179335156173
251.5,0.0003771192030933207
251.75,0.00037499028159532417
252.,0.0003728749152269119
252.25,0.0003707729916339316
252.5,0.0003686843997445916
252.75,0.00036660902977764443
253.,0.00036454677324695924
253.25,0.0003624975229684547
253.5,0.0003604611730653616
253.75,0.00035843761897178336
254.,0.0003564267574375035
254.25,0.00035442848653141195
254.5,0.0003524427056427723
254.75,0.00035046931548438645
255.,0.0003485082180923486
255.25,0.00034655929632479047
255.5,0.00034462246999691687
255.75,0.00034269765016862287
256.,0.0003407847442187695
256.25,0.00033888366084072654
256.5,0.0003369943100385293
256.75,0.0003351166031202882
257.,0.0003332504526909331
257.25,0.0003313957726437381
257.5,0.00032955247815146
257.75,0.00032772048565531277
258.,0.0003258997128535464
258.25,0.0003240900786897135
258.5,0.0003222915033370126
258.75,0.00032050390818567334
259.,0.0003187272158264445
259.25,0.0003169613500331265
259.5,0.00031520623574581507
259.75,0.00031346179905212846
260.,0.00031172796716708853
260.25,0.00031000466841334974
260.5,0.0003082918321990599
260.75,0.0003065893889971141
261.,0.00030489727032102163
261.25,0.0003032154087023194
261.5,0.00030154373766623656
261.75,0.00029988219170613714
262.,0.000298230706260092
262.25,0.0002965892176833846
262.5,0.0002949576632236181
262.75,0.0002933359809934641
263.,0.0002917241099442051
263.25,0.0002901219741432573
263.5,0.00028852952398552927
263.75,0.0002869467073843046
264.,0.00028537346640277806
264.25,0.0002838097438042233
264.5,0.0002822554830240041
264.75,0.00028071062814332705
265.,0.0002791751238615143
265.25,0.00027764891547036523
265.5,0.0002761319488274858
265.75,0.00027462417033046876
266.,0.000273125526891168
266.25,0.00027163596591155684
266.5,0.00027015543525840804
266.75,0.0002686838832403988
267.,0.0002672212585842669
267.25,0.0002657675104120205
267.5,0.0002643225882200878
267.75,0.0002628864418569676
268.,0.0002614590215039121
268.25,0.0002600402776542815
268.5,0.0002586301610957401
268.75,0.0002572286228914174
269.,0.0002558356143633135
269.25,0.0002544510870755455
269.5,0.00025307499281931813
269.75,0.00025170728359786583
270.,0.00025034791161341187
270.25,0.00024899682925365487
270.5,0.0002476539890799609
270.75,0.0002463193438165484
271.,0.00024499284634014865
271.25,0.00024367444401769868
271.5,0.000242364092681118
271.75,0.00024106174929558317
272.,0.00023976736723711558
272.25,0.00023848089999537156
272.5,0.00023720230116709904
272.75,0.00023593152445281978
273.,0.00023466852365249137
273.25,0.0002334132526622493
273.5,0.00023216566547261129
273.75,0.00023092571616605993
274.,0.0002296933589163893
274.25,0.0002284685479877058
274.5,0.000227251237734774
274.75,0.00022604138260309673
275.,0.00022483893713008167
275.25,0.00022364385594658153
275.5,0.00022245609377870865
275.75,0.00022127560544941746
276.,0.0002201023458821322
276.25,0.00021893627010281564
276.5,0.00021777733324384438
276.75,0.00021662549054699332
277.,0.00021548069736714265
277.25,0.00021434290917667726
277.5,0.00021321208156922095
277.75,0.00021208817026403942
278.,0.0002109711311104364
278.25,0.00020986092009218568
278.5,0.00020875749333235902
278.75,0.0002076608070974219
279.,0.00020657081780300953
279.25,0.0002054874810651766
279.5,0.00020441075385214296
279.75,0.0002033405939761149
280.,0.00020227695847632388
280.25,0.00020121980456433612
280.5,0.0002001690896291492
280.75,0.00019912477124105525
281.,0.00019808680715652978
281.25,0.00019705515532161296
281.5,0.00019602977387682134
281.75,0.00019501062116080171
282.,0.0001939976557140122
282.25,0.0001929908362826377
282.5,0.0001919901218218542
282.75,0.00019099547149946993
283.,0.00019000684469914627
283.25,0.0001890242010231743
283.5,0.00018804750029534383
283.75,0.00018707670256428916
284.,0.0001861117681053675
284.25,0.0001851526574232017
284.5,0.00018419933125398246
284.75,0.00018325175056758014
285.,0.00018230987656934268
285.25,0.00018137367070184373
285.5,0.0001804430946463213
285.75,0.0001795181103241307
286.,0.0001785986798981345
286.25,0.00017768476577371668
286.5,0.00017677633059963503
286.75,0.00017587333726874765
287.,0.00017497574891892393
287.25,0.00017408352885929575
287.5,0.00017319664071312587
287.75,0.0001723150484622769
288.,0.00017143871622458942
288.25,0.00017056760836493741
288.5,0.0001697016894942386
288.75,0.0001688409244698279
289.,0.00016798527839454705
289.25,0.00016713471661697894
289.5,0.00016628920473054309
289.75,0.00016544870857301727
290.,0.00016461319422568765
290.25,0.00016378262801288956
290.5,0.00016295697650099626
290.75,0.0001621362064975973
291.,0.00016132028505050388
291.25,0.00016050917944648984
291.5,0.00015970285721073464
291.75,0.00015890128610522594
292.,0.00015810443412799376
292.25,0.00015731226951119933
292.5,0.00015652476072078878
292.75,0.0001557418764544059
293.,0.00015496358564063369
293.25,0.0001541898574370626
293.5,0.00015342066122938925
293.75,0.00015265596662973317
294.,0.00015189574347520453
294.25,0.0001511399618266196
294.5,0.00015038859196652696
294.75,0.00014964160439847124
295.,0.0001488989698447153
295.25,0.0001481606592427832
295.5,0.0001474266437466036
295.75,0.00014669689473246637
296.,0.00014597138378322626
296.25,0.00014525008269331363
296.5,0.00014453296346664685
296.75,0.0001438199983156575
297.,0.0001431111596591066
297.25,0.00014240642012124593
297.5,0.0001417057525293021
297.75,0.000141009129912739
298.,0.00014031652550142948
298.25,0.0001396279127238336
298.5,0.00013894326520596045
298.75,0.00013826255676916788
299.,0.00013758576142918527
299.25,0.00013691285339439678
299.5,0.00013624380706415187
299.75,0.00013557859702761758
300.,0.0001349171980616994
300.25,0.0001342595851300131
300.5,0.0001336057333812687
300.75,0.000132955618147836
301.,0.00013230921494397654
301.25,0.00013166649946468598
301.5,0.00013102744758429168
301.75,0.00013039203535471507
302.,0.00012976023900406492
302.25,0.00012913203493560558
302.5,0.00012850739972578292
302.75,0.00012788631012342443
303.,0.00012726874304776613
303.25,0.00012665467558733445
303.5,0.00012604408499870327
303.75,0.00012543694870497342
304.,0.0001248332442946363
304.25,0.0001242329495196867
304.5,0.0001236360422949202
304.75,0.00012304250069628632
305.,0.00012245230296163793
305.25,0.00012186542748560884
305.5,0.00012128185281976495
305.75,0.00012070155767192273
306.,0.00012012452090465405
306.25,0.00011955072153421664
306.5,0.00011898013872897076
306.75,0.00011841275180876919
307.,0.00011784854024314202
307.25,0.00011728748365042928
307.5,0.0001167295617963467
307.75,0.0001161747545930475
308.,0.00011562304209788131
308.25,0.00011507440451193959
308.5,0.00011452882217932129
308.75,0.0001139862755857704
309.,0.00011344674535743448
309.25,0.0001129102122599919
309.5,0.0001123766571974979
309.75,0.00011184606121087664
310.,0.00011131840547746494
310.25,0.00011079367130945649
310.5,0.00011027184015297535
310.75,0.00010975289358699662
311.,0.00010923681332229204
311.25,0.00010872358120040174
311.5,0.00010821317919267546
311.75,0.00010770558939882255
312.,0.0001072007940465681
312.25,0.00010669877549010083
312.5,0.00010619951620912283
312.75,0.0001057029988082183
313.,0.0001052092060153613
313.25,0.00010471812068145353
313.5,0.0001042297257791106
313.75,0.00010374400440145742
314.,0.00010326093976163167
314.25,0.00010278051519156075
314.5,0.00010230271414100672
314.75,0.0001018275201767752
315.,0.00010135491698193161
315.25,0.00010088488835407218
315.5,0.00010041741820584979
315.75,0.00009995249056295065
316.,0.00009949008956291142
316.25,0.0000990301994559513
316.5,0.00009857280460229117
316.75,0.00009811788947191327
317.,0.00009766543864430256
317.25,0.0000972154368066355
317.5,0.0000967678687535814
317.75,0.00009632271938611038
318.,0.00009587997371101726
318.25,0.00009543961683951608
318.5,0.0000950016339875429
318.75,0.00009456601047327497
319.,0.0000941327317178206
319.25,0.0000937017832440826
319.5,0.00009327315067499012
319.75,0.00009284681973414814
320.,0.00009242277624430349
320.25,0.00009200100612608994
320.5,0.00009158149539857388
320.75,0.00009116423017791646
321.,0.00009074919667503262
321.25,0.0000903363811979528
321.5,0.0000899257701494223
321.75,0.00008951735002385257
322.,0.00008911110741196072
322.25,0.00008870702899610053
322.5,0.00008830510154771664
322.75,0.00008790531193384294
323.,0.00008750764711011342
323.25,0.0000871120941186282
323.5,0.00008671864009642517
323.75,0.00008632727226597696
324.,0.00008593797793423449
324.25,0.00008555074450193484
324.5,0.00008516555945198008
324.75,0.00008478241035048901
325.,0.0000844012848557377
325.25,0.000084022170705111
325.5,0.0000836450557181359
325.75,0.00008326992780488918
326.,0.00008289677495090564
326.25,0.00008252558522401257
326.5,0.00008215634677998249
326.75,0.0000817890478467825
327.,0.00008142367673504415
327.25,0.00008106022184104282
327.5,0.0000806986716289785
327.75,0.00008033901464747439
328.,0.00007998123952773736
328.25,0.00007962533496396658
328.5,0.00007927128973856473
328.75,0.00007891909271202105
329.,0.00007856873280246306
329.25,0.00007822019902193188
329.5,0.00007787348045500712
329.75,0.00007752856623727816
330.,0.00007718544560705112
330.25,0.00007684410786741353
330.5,0.00007650454236490165
330.75,0.00007616673856137527
331.,0.00007583068597203227
331.25,0.00007549637414971542
331.5,0.00007516379277552856
331.75,0.00007483293156926199
332.,0.0000745037802912675
332.25,0.00007417632883217655
332.5,0.00007385056711190772
332.75,0.00007352648509521159
333.,0.00007320407287737896
333.25,0.00007288332057219074
333.5,0.00007256421834616792
333.75,0.00007224675649482095
334.,0.00007193092531861394
334.25,0.00007161671518437925
334.5,0.0000713041165827626
334.75,0.0000709931199938374
335.,0.00007068371598400834
335.25,0.00007037589523408768
335.5,0.00007006964839540853
335.75,0.0000697649662347006
336.,0.0000694618396176982
336.25,0.00006916025935807023
336.5,0.0000688602164251712
336.75,0.0000685617018636982
337.,0.00006826470663977825
337.25,0.00006796922192943234
337.5,0.00006767523894989978
337.75,0.00006738274880883253
338.,0.00006709174289469576
338.25,0.00006680221259082999
338.5,0.0000665141491332912
338.75,0.00006622754413224885
339.,0.0000659423891237044
339.25,0.00006565867547338366
339.5,0.00006537639500949655
339.75,0.00006509553939839017
340.,0.00006481610017481809
340.25,0.00006453806934440648
340.5,0.00006426143870430861
340.75,0.00006398619996415589
341.,0.00006371234530176101
341.25,0.00006343986663140669
341.5,0.00006316875584671161
341.75,0.00006289900529123945
342.,0.00006263060698071187
342.25,0.00006236355300513104
342.5,0.00006209783586668899
342.75,0.0000618334476641396
343.,0.00006157038070065447
343.25,0.00006130862762814363
343.5,0.00006104818060809196
343.75,0.000060789032179669496
344.,0.00006053117513299689
344.25,0.00006027460166955653
344.5,0.000060019304589420264
344.75,0.000059765276808218885
345.,0.00005951251053999593
345.25,0.000059260998878063676
345.5,0.00005901073484845292
345.75,0.000058761710646909546
346.,0.00005851391969906235
346.25,0.0000582673551236432
346.5,0.00005802200906289785
346.75,0.00005777787532114076
347.,0.0000575349470615166
347.25,0.00005729321641636562
347.5,0.00005705267754015839
347.75,0.000056813323560791766
348.,0.00005657514680526158
348.25,0.00005633814159256797
348.5,0.00005610230104111924
348.75,0.00005586761771087912
349.,0.000055634086070645765
349.25,0.00005540169919202951
349.5,0.00005517044991506533
349.75,0.00005494033283984122
350.,0.00005471134094893944
350.25,0.00005448346741858143
350.5,0.0000542567069579579
350.75,0.0000540310524127585
351.,0.00005380649736170853
351.25,0.000053583036596371155
351.5,0.00005336066277206017
351.75,0.00005313936994693513
352.,0.00005291915296378217
352.25,0.000052700004227533674
352.5,0.000052481918364461525
352.75,0.00005226489023235929
353.,0.00005204891191877577
353.25,0.00005183397871951811
353.5,0.00005162008546554975
353.75,0.00005140722385353441
354.,0.00005119538996297433
354.25,0.00005098457855005869
354.5,0.000050774780840117966
354.75,0.000050565993824150045
355.,0.00005035821202531507
355.25,0.00005015142642242622
355.5,0.000049945634747024334
355.75,0.000049740831072772214
356.,0.00004953700681782241
356.25,0.000049334159829371606
356.5,0.0000491322838524273
356.75,0.00004893137085898235
357.,0.000048731418765559526
357.25,0.00004853242090720855
357.5,0.000048334369938587625
357.75,0.00004813726379205541
358.,0.0000479410953050591
358.25,0.000047745857957554445
358.5,0.00004755154963751726
358.75,0.000047358162590192947
359.,0.00004716569127747558
359.25,0.00004697413347585167
359.5,0.00004678348073741686
359.75,0.00004659372867645647
360.,0.00004640487488335719
360.25,0.000046216910110812396
360.5,0.00004602983130863108
360.75,0.00004584363580006213
361.,0.0000456583134263683
361.25,0.000045473862668552454
361.5,0.000045290280494686724
361.75,0.00004510755571839196
362.,0.00004492568855833466
362.25,0.00004474467553350298
362.5,0.00004456450430977638
362.75,0.000044385177059918576
363.,0.00004420668947747223
363.25,0.00004402902878672789
363.5,0.00004385219851030889
363.75,0.00004367619311163169
364.,0.000043501000976824154
364.25,0.000043326625481031435
364.5,0.00004315306021353768
364.75,0.00004298029493057888
365.,0.000042808332761390275
365.25,0.00004263716630596798
365.5,0.000042466786907331664
365.75,0.000042297197344602545
366.,0.00004212838911268701
366.25,0.000041960355363650796
366.5,0.00004179309841754693
366.75,0.0000416266085489828
367.,0.000041460880944682524
367.25,0.000041295917353327954
367.5,0.000041131706715346986
367.75,0.00004096824647885398
368.,0.00004080553770605482
368.25,0.00004064356789307925
368.5,0.00004048233697383049
368.75,0.00004032184520805946
369.,0.000040162078541996406
369.25,0.00004000303961504808
369.5,0.00003984472776851552
369.75,0.000039687127299816665
370.,0.0000395302437653468
370.25,0.000039374075473543945
370.5,0.00003921860498233005
370.75,0.00003906384096509758
371.,0.000038909780068386604
371.25,0.000038756404583978786
371.5,0.00003860372493341849
371.75,0.000038451735614035555
372.,0.000038300421278931054
372.25,0.000038149791568518364
372.5,0.0000379998395402002
372.75,0.00003785055242084311
373.,0.000037701938947506806
373.25,0.00003755399065495309
373.5,0.00003740669754218546
373.75,0.00003726006732512418
374.,0.00003711408994417212
374.25,0.00003696875835150499
374.5,0.00003682407913055508
374.75,0.000036680040567566045
375.,0.00003653663872877343
375.25,0.00003639387896163598
375.5,0.00003625174785192055
375.75,0.00003611024471789544
376.,0.00003596937357690612
376.25,0.000035829119282021637
376.5,0.00003568948451642027
376.75,0.000035550471883880146
377.,0.00003541206448774741
377.25,0.000035274268461451286
377.5,0.000035137084923921444
377.75,0.0000350004952274086
378.,0.00003486450901195651
378.25,0.00003472912585337798
378.5,0.00003459432536744263
378.75,0.00003446012072695834
379.,0.00003432650923019919
379.25,0.000034193470857498075
379.5,0.0000340610202391092
379.75,0.00003392915206763111
380.,0.00003379784970104647
380.25,0.00003366712622423832
380.5,0.00003353697470101349
380.75,0.00003340738192186849
381.,0.000033278359366053194
381.25,0.000033149898484989436
381.5,0.00003302198952547007
381.75,0.00003289464231616105
382.,0.00003276784672789469
382.25,0.0000326415964562994
382.5,0.00003251589965012748
382.75,0.00003239074464615287
383.,0.00003226612855066149
383.25,0.00003214205781887317
383.5,0.000032018519314168136
383.75,0.0000318955134851633
384.,0.000031773045095901455
384.25,0.00003165109961017764
384.5,0.00003152968072180398
384.75,0.00003140879152116551
385.,0.00003128841615868717
385.25,0.00003116856144907986
385.5,0.00003104922884135005
385.75,0.00003093040126969483
386.,0.000030812088520077264
386.25,0.00003069429044690644
386.5,0.00003057698887474323
386.75,0.000030460196388381048
387.,0.000030343910654986424
387.25,0.0000302281144610966
387.5,0.000030112821041035844
387.75,0.000029998025835863346
388.,0.000029883715003969004
388.25,0.00002976989993061392
388.5,0.000029656574768807648
388.75,0.000029543728897226727
389.,0.000029431371905749313
389.25,0.000029319496758959022
389.5,0.000029208095883990007
389.75,0.00002909717714141719
390.,0.00002898673241349759
390.25,0.000028876756986635203
390.5,0.000028767257069101904
390.75,0.000028658223571886918
391.,0.000028549654437178806
391.25,0.000028441554307778244
391.5,0.000028333913237294975
391.75,0.00002822673160929711
392.,0.000028120012595774696
392.25,0.000028013745508910628
392.5,0.000027907932950901354
392.75,0.00002780257672452962
393.,0.000027697665516255927
393.25,0.000027593203919632575
393.5,0.000027489192474361594
393.75,0.00002738561935597458
394.,0.00002728249092013147
394.25,0.000027179806553001868
394.5,0.000027077554031240395
394.75,0.000026975741244340947
395.,0.000026874366098604517
395.25,0.00002677341739394015
395.5,0.000026672903015225493
395.75,0.00002657281952776912
396.,0.000026473158090875164
396.25,0.000026373925133674566
396.5,0.000026275116511179927
396.75,0.000026176725513027976
397.,0.000026078757229084605
397.25,0.00002598120690966068
397.5,0.000025884069748902653
397.75,0.000025787349614231776
398.,0.0000256910412523574
398.25,0.000025595141541967743
398.5,0.00002549965324370644
398.75,0.000025404570696722125
399.,0.000025309892251861796
399.25,0.00002521561967652953
399.5,0.000025121746992477374
399.75,0.00002502827381994328
400.,0.00002493520104306503
400.25,0.000024842522450104524
400.5,0.000024750238738738873
400.75,0.00002465835001568888
401.,0.000024566849912749606
401.25,0.000024475740025240765
401.5,0.000024385019783290428
401.75,0.00002429468273224553
402.,0.00002420473119827976
402.25,0.000024115164029982334
402.5,0.00002402597474907734
402.75,0.0000239371662594178
403.,0.000023848736707954592
403.25,0.000023760680275444787
403.5,0.00002367299967713443
403.75,0.000023585692496676808
404.,0.00002349875408180902
404.25,0.000023412186374541555
404.5,0.000023325986693051253
404.75,0.00002324015138663092
405.,0.00002315468171984326
405.25,0.000023069574807495895
405.5,0.00002298482784852685
405.75,0.000022900441519470823
406.,0.00002281641278680037
406.25,0.00002273273956140224
406.5,0.000022649422013718878
406.75,0.000022566457010844167
407.,0.000022483843051291485
407.25,0.000022401579874593765
407.5,0.000022319664290908794
407.75,0.000022238095275346128
408.,0.000022156872205041413
408.25,0.000022075991869599472
408.5,0.000021995453622695225
408.75,0.00002191525654038405
409.,0.000021835397422788286
409.25,0.000021755875916159067
409.5,0.00002167669085044195
409.75,0.000021597839062094798
410.,0.000021519320415378466
410.25,0.000021441133542940232
410.5,0.00002136327533856442
410.75,0.000021285745820769713
411.,0.000021208543396722693
411.25,0.000021131665247094175
411.5,0.00002105511127793369
411.75,0.000020978879740160906
412.,0.00002090296823113323
412.25,0.000020827376382532203
412.5,0.000020752102387955563
412.75,0.000020677144187621643
413.,0.000020602501185352104
413.25,0.000020528171540467615
413.5,0.000020454153472236023
413.75,0.000020380446197378224
414.,0.000020307047860208313
414.25,0.00002023395690412746
414.5,0.000020161172394530284
414.75,0.000020088692476498606
415.,0.000020016515770832242
415.25,0.00001994464122252452
415.5,0.000019873066990120432
415.75,0.000019801791832555063
416.,0.000019730814600945965
416.25,0.00001966013347737929
416.5,0.000019589747326088398
416.75,0.00001951965492700652
417.,0.000019449854493539633
417.25,0.000019380344968167775
417.5,0.00001931112507883976
417.75,0.000019242193075970942
418.,0.000019173547958343428
418.25,0.00001910518841800095
418.5,0.000019037112746415154
418.75,0.00001896931998104447
419.,0.000018901808774347208
419.25,0.000018834577512748
419.5,0.00001876762520723798
419.75,0.000018700950492119162
420.,0.000018634551870059665
420.25,0.00001856842829515639
420.5,0.000018502578406506698
420.75,0.000018437000801078804
421.,0.000018371694390537608
421.25,0.00001830665782434434
421.5,0.000018241889775769726
421.75,0.000018177389126131046
422.,0.000018113154539460802
422.25,0.000018049184750687408
422.5,0.00001798547862067141
422.75,0.00001792203483131858
423.,0.00001785885216722543
423.25,0.00001779592947705645
423.5,0.000017733265462966714
423.75,0.000017670858949572383
424.,0.000017608708780185657
424.25,0.000017546813678676843
424.5,0.000017485172502255657
424.75,0.000017423784094124917
425.,0.000017362647200998568
425.25,0.00001730176070665702
425.5,0.000017241123458716625
425.75,0.00001718073422712347
426.,0.000017120591917741068
426.25,0.000017060695385903017
426.5,0.000017001043425089363
426.75,0.000016941634959779853
427.,0.00001688246885267294
427.25,0.00001682354392949405
427.5,0.00001676485912190767
427.75,0.000016706413304423125
428.,0.000016648205336633988
428.25,0.000016590234153582515
428.5,0.00001653249864497401
428.75,0.000016474997699817238
429.,0.000016417730259334877
429.25,0.000016360695229104696
429.5,0.000016303891523953467
429.75,0.000016247318093431358
430.,0.000016190973859582768
430.25,0.000016134857760053993
430.5,0.000016078968754480702
430.75,0.0000160233057816027
431.,0.00001596786779963531
431.25,0.000015912653779647315
431.5,0.00001585766267706718
431.75,0.000015802893468934612
432.,0.000015748345138721655
432.25,0.000015694016658531436
432.5,0.000015639907022827204
432.75,0.000015586015228194732
433.,0.000015532340263293937
433.25,0.00001547888113892928
433.5,0.000015425636865263355
433.75,0.000015372606447286887
434.,0.00001531978891130914
434.25,0.000015267183281457978
434.5,0.000015214788578769553
434.75,0.000015162603844458714
435.,0.000015110628116326391
435.25,0.000015058860432364134
435.5,0.00001500729984703071
435.75,0.000014955945412235941
436.,0.000014904796182660716
436.25,0.000014853851225552183
436.5,0.000014803109607185523
436.75,0.000014752570398054126
437.,0.000014702232678409694
437.25,0.000014652095528732988
437.5,0.000014602158034650895
437.75,0.000014552419289555221
438.,0.000014502878387916822
438.25,0.000014453534430005101
438.5,0.000014404386522297431
438.75,0.000014355433773163633
439.,0.000014306675296987976
439.25,0.000014258110213329472
439.5,0.000014209737644259367
439.75,0.000014161556717852382
440.,0.00001411356656672877
440.25,0.000014065766326318993
440.5,0.000014018155138142747
440.75,0.000013970732147723157
441.,0.000013923496503742348
441.25,0.00001387644736076984
441.5,0.000013829583877104442
441.75,0.000013782905214445895
442.,0.000013736410540184663
442.25,0.000013690099025226202
442.5,0.000013643969844034644
442.75,0.000013598022176564071
443.,0.000013552255206160202
443.25,0.000013506668119951307
443.5,0.00001346126011011386
443.75,0.000013416030372301069
444.,0.000013370978106033244
444.25,0.000013326102515543611
444.5,0.000013281402808551295
444.75,0.000013236878196794948
445.,0.0000131925278963294
445.25,0.000013148351126853106
445.5,0.000013104347111997938
445.75,0.000013060515079519298
446.,0.00001301685426084757
446.25,0.00001297336389131662
446.5,0.000012930043210235815
446.75,0.00001288689146050953
447.,0.00001284390788900751
447.25,0.000012801091746364691
447.5,0.000012758442286852979
447.75,0.000012715958768631778
448.,0.000012673640453501726
448.25,0.000012631486606908115
448.5,0.00001258949649808552
448.75,0.000012547669399848398
449.,0.000012506004588587021
449.25,0.000012464501344432199
449.5,0.000012423158951052774
449.75,0.000012381976695650941
450.,0.000012340953869097951
450.25,0.000012300089765692655
450.5,0.000012259383683280794
450.75,0.000012218834923222882
451.,0.000012178442790260584
451.25,0.000012138206592675033
451.5,0.000012098125642166034
451.75,0.000012058199253872176
452.,0.000012018426746262916
452.25,0.000011978807441260435
452.5,0.000011939340664111226
452.75,0.000011900025743451776
453.,0.00001186086201116622
453.25,0.00001182184880248779
453.5,0.000011782985455945516
453.75,0.000011744271313353325
454.,0.00001170570571973292
454.25,0.00001166728802336445
454.5,0.000011629017575769094
454.75,0.000011590893731632528
455.,0.000011552915848827427
455.25,0.000011515083288394689
455.5,0.000011477395414517624
455.75,0.000011439851594548483
456.,0.000011402451198888437
456.25,0.000011365193601072814
456.5,0.00001132807817773071
456.75,0.000011291104308504114
457.,0.000011254271376141539
457.25,0.000011217578766380309
457.5,0.00001118102586795103
457.75,0.000011144612072606015
458.,0.00001110833677510665
458.25,0.000011072199373132089
458.5,0.000011036199267330178
458.75,0.000011000335861258567
459.,0.000010964608561433758
459.25,0.000010929016777230678
459.5,0.000010893559920940876
459.75,0.000010858237407652078
460.,0.000010823048655403934
460.25,0.000010787993085004762
460.5,0.00001075307012012242
460.75,0.0000107182791872105
461.,0.000010683619715509057
461.25,0.00001064909113704925
461.5,0.000010614692886614861
461.75,0.000010580424401744253
462.,0.00001054628512271097
462.25,0.000010512274492452102
462.5,0.00001047839195668592
462.75,0.000010444636963784647
463.,0.000010411008964782339
463.25,0.000010377507413384124
463.5,0.000010344131765929834
463.75,0.000010310881481412934
464.,0.0000102777560213943
464.25,0.00001024475485008957
464.5,0.00001021187743426395
464.75,0.000010179123243288974
465.,0.00001014649174907448
465.25,0.000010113982426084082
465.5,0.000010081594751312504
465.75,0.000010049328204268889
466.,0.000010017182266991773
466.25,9.985156423962904e-6
466.5,9.953250162189787e-6
466.75,9.921462971138323e-6
467.,9.889794342698951e-6
467.25,9.858243771228748e-6
467.5,9.826810753507138e-6
467.75,9.795494788720492e-6
468.,9.764295378475428e-6
468.25,9.733212026720777e-6
468.5,9.702244239821316e-6
468.75,9.671391526501102e-6
469.,9.640653397813744e-6
469.25,9.610029367182066e-6
469.5,9.579518950306944e-6
469.75,9.5491216652431e-6
470.,9.518837032333617e-6
470.25,9.488664574230672e-6
470.5,9.458603815785354e-6
470.75,9.428654284213009e-6
471.,9.398815508927532e-6
471.25,9.369087021576663e-6
471.5,9.339468356061672e-6
471.75,9.309959048503663e-6
472.,9.280558637186749e-6
472.25,9.251266662629705e-6
472.5,9.222082667535399e-6
472.75,9.193006196737608e-6
473.,9.16403679726284e-6
473.25,9.135174018278174e-6
473.5,9.106417411067084e-6
473.75,9.077766529063032e-6
474.,9.04922092782041e-6
474.25,9.020780164949641e-6
474.5,8.99244380020624e-6
474.75,8.964211395395545e-6
475.,8.936082514387303e-6
475.25,8.908056723127048e-6
475.5,8.88013358961503e-6
475.75,8.85231268385546e-6
476.,8.824593577920921e-6
476.25,8.796975845859755e-6
476.5,8.769459063767131e-6
476.75,8.742042809683582e-6
477.,8.714726663697754e-6
477.25,8.68751020779443e-6
477.5,8.660393025974206e-6
477.75,8.633374704189186e-6
478.,8.606454830329943e-6
478.25,8.579632994208035e-6
478.5,8.552908787555326e-6
478.75,8.52628180404669e-6
479.,8.499751639236789e-6
479.25,8.473317890560246e-6
479.5,8.446980157368062e-6
479.75,8.420738040861175e-6
480.,8.394591144114434e-6
480.25,8.368539072044351e-6
480.5,8.3425814314378e-6
480.75,8.316717830880789e-6
481.,8.290947880815343e-6
481.25,8.265271193523385e-6
481.5,8.239687382992598e-6
481.75,8.21419606509903e-6
482.,8.188796857494352e-6
482.25,8.163489379586323e-6
482.5,8.138273252565005e-6
482.75,8.11314809937103e-6
483.,8.088113544704578e-6
483.25,8.063169214996208e-6
483.5,8.038314738446197e-6
483.75,8.013549744925778e-6
484.,7.98887386606158e-6
484.25,7.964286735163227e-6
484.5,7.939787987244057e-6
484.75,7.915377259037091e-6
485.,7.891054188904258e-6
485.25,7.866818416896611e-6
485.5,7.842669584769834e-6
485.75,7.818607335872129e-6
486.,7.79463131521627e-6
486.25,7.770741169491796e-6
486.5,7.746936546966434e-6
486.75,7.723217097558426e-6
487.,7.699582472787376e-6
487.25,7.67603232578018e-6
487.5,7.652566311252426e-6
487.75,7.6291840855436955e-6
488.,7.6058853065101825e-6
488.25,7.582669633624178e-6
488.5,7.559536727915178e-6
488.75,7.536486251965376e-6
489.,7.513517869911979e-6
489.25,7.490631247396681e-6
489.5,7.467826051649956e-6
489.75,7.445101951400267e-6
490.,7.4224586168734065e-6
490.25,7.399895719818112e-6
490.5,7.3774129334972e-6
490.75,7.355009932654125e-6
491.,7.332686393532856e-6
491.25,7.310441993820484e-6
491.5,7.288276412710229e-6
491.75,7.26618933084833e-6
492.,7.244180430340028e-6
492.25,7.222249394726834e-6
492.5,7.20039590901192e-6
492.75,7.178619659599979e-6
493.,7.156920334354263e-6
493.25,7.135297622553338e-6
493.5,7.113751214859145e-6
493.75,7.0922808033892275e-6
494.,7.070886081607963e-6
494.25,7.049566744406562e-6
494.5,7.028322488049169e-6
494.75,7.0071530101603035e-6
495.,6.9860580097641495e-6
495.25,6.9650371872177575e-6
495.5,6.944090244270166e-6
495.75,6.923216883972564e-6
496.,6.902416810784971e-6
496.25,6.881689730437103e-6
496.5,6.861035350029644e-6
496.75,6.84045337795554e-6
497.,6.819943523959594e-6
497.25,6.799505499064446e-6
497.5,6.7791390156174716e-6
497.75,6.7588437872412105e-6
498.,6.73861952886662e-6
498.25,6.718465956707366e-6
498.5,6.698382788247653e-6
498.75,6.6783697422465484e-6
499.,6.658426538696948e-6
499.25,6.638552898894791e-6
499.5,6.618748545369665e-6
499.75,6.5990132019134765e-6
500.,6.579346593503948e-6
500.25,6.5597484464066764e-6
500.5,6.540218488107044e-6
500.75,6.520756447275127e-6
501.,6.501362053852263e-6
501.25,6.482035038916408e-6
501.5,6.4627751348071334e-6
501.75,6.4435820750506355e-6
502.,6.4244555943481455e-6
502.25,6.4053954285808e-6
502.5,6.386401314834707e-6
502.75,6.367472991351769e-6
503.,6.348610197541564e-6
503.25,6.329812673983674e-6
503.5,6.311080162394796e-6
503.75,6.292412405660559e-6
504.,6.273809147796662e-6
504.25,6.255270133979973e-6
504.5,6.236795110500267e-6
504.75,6.218383824773218e-6
505.,6.2000360253431285e-6
505.25,6.1817514618923075e-6
505.5,6.16352988516619e-6
505.75,6.145371047053192e-6
506.,6.127274700525475e-6
506.25,6.109240599647684e-6
506.5,6.091268499597212e-6
506.75,6.073358156614506e-6
507.,6.055509328015728e-6
507.25,6.037721772187719e-6
507.5,6.019995248620772e-6
507.75,6.002329517815032e-6
508.,5.9847243413556265e-6
508.25,5.967179481902268e-6
508.5,5.949694703111204e-6
508.75,5.932269769708694e-6
509.,5.9149044474757425e-6
509.25,5.897598503181805e-6
509.5,5.880351704673172e-6
509.75,5.863163820775211e-6
510.,5.846034621329219e-6
510.25,5.8289638772287935e-6
510.5,5.811951360345198e-6
510.75,5.7949968435523875e-6
511.,5.778100100731099e-6
511.25,5.761260906738315e-6
511.5,5.74447903742834e-6
511.75,5.727754269669362e-6
512.,5.711086381223309e-6
512.25,5.694475150917659e-6
512.5,5.677920358488236e-6
512.75,5.661421784658689e-6
513.,5.644979211110583e-6
513.25,5.628592420473078e-6
513.5,5.612261196322167e-6
513.75,5.59598532318758e-6
514.,5.579764586544985e-6
514.25,5.5635987727806355e-6
514.5,5.5474876692309875e-6
514.75,5.531431064158266e-6
515.,5.515428746751486e-6
515.25,5.499480507094934e-6
515.5,5.483586136220151e-6
515.75,5.467745426023514e-6
516.,5.451958169353575e-6
516.25,5.4362241599425425e-6
516.5,5.420543192390831e-6
516.75,5.404915062215927e-6
517.,5.389339565819995e-6
517.25,5.373816500488901e-6
517.5,5.358345664382746e-6
517.75,5.3429268565476146e-6
518.,5.327559876885343e-6
518.25,5.3122445261489386e-6
518.5,5.296980606010484e-6
518.75,5.281767918925839e-6
519.,5.266606268257351e-6
519.25,5.251495458201379e-6
519.5,5.236435293792478e-6
519.75,5.221425580909964e-6
520.,5.206466126284021e-6
520.25,5.191556737454878e-6
520.5,5.176697222821467e-6
520.75,5.161887391557466e-6
521.,5.147127053723795e-6
521.25,5.13241602015364e-6
521.5,5.117754102502105e-6
521.75,5.103141113243728e-6
522.,5.088576865646683e-6
522.25,5.074061173797518e-6
522.5,5.059593852558689e-6
522.75,5.045174717621007e-6
523.,5.030803585418208e-6
523.25,5.016480273198126e-6
523.5,5.002204598997465e-6
523.75,4.987976381628252e-6
524.,4.973795440673774e-6
524.25,4.9596615964830554e-6
524.5,4.945574670176938e-6
524.75,4.931534483654398e-6
525.,4.917540859561783e-6
525.25,4.903593621303036e-6
525.5,4.88969259303601e-6
525.75,4.8758375996675345e-6
526.,4.862028466863418e-6
526.25,4.84826502102249e-6
526.5,4.8345470892839035e-6
526.75,4.8208744995184526e-6
527.,4.8072470803393926e-6
527.25,4.793664661071936e-6
527.5,4.780127071802013e-6
527.75,4.766634143286331e-6
528.,4.753185707045995e-6
528.25,4.739781595297163e-6
528.5,4.726421640970708e-6
528.75,4.713105677705951e-6
529.,4.699833539840172e-6
529.25,4.686605062440509e-6
529.5,4.673420081230775e-6
529.75,4.660278432661013e-6
530.,4.647179953861966e-6
530.25,4.634124482661486e-6
530.5,4.621111857554942e-6
530.75,4.608141917751504e-6
531.,4.595214503097543e-6
531.25,4.582329454164855e-6
531.5,4.5694866121507805e-6
531.75,4.556685818946184e-6
532.,4.5439269171091156e-6
532.25,4.531209749860509e-6
532.5,4.518534161073356e-6
532.75,4.505899995281668e-6
533.,4.493307097672065e-6
533.25,4.480755314097412e-6
533.5,4.468244491037771e-6
533.75,4.45577447563876e-6
534.,4.443345115656781e-6
534.25,4.4309562595200844e-6
534.5,4.4186077562658355e-6
534.75,4.406299455592353e-6
535.,4.394031207816044e-6
535.25,4.381802863862742e-6
535.5,4.369614275306464e-6
535.75,4.357465294340221e-6
536.,4.3453557737571665e-6
536.25,4.333285566981626e-6
536.5,4.3212545280471025e-6
536.75,4.3092625116066836e-6
537.,4.297309372897555e-6
537.25,4.285394967780392e-6
537.5,4.273519152713482e-6
537.75,4.261681784747369e-6
538.,4.249882721542402e-6
538.25,4.238121821328233e-6
538.5,4.2263989429498344e-6
538.75,4.21471394582824e-6
539.,4.203066689961349e-6
539.25,4.191457035944181e-6
539.5,4.179884844945677e-6
539.75,4.168349978712305e-6
540.,4.156852299566292e-6
540.25,4.145391670396567e-6
540.5,4.133967954659591e-6
540.75,4.122581016377892e-6
541.,4.11123072015559e-6
541.25,4.099916931127815e-6
541.5,4.088639515012768e-6
541.75,4.077398338073588e-6
542.,4.066193267131639e-6
542.25,4.05502416956863e-6
542.5,4.0438909132752975e-6
542.75,4.032793366733246e-6
543.,4.021731398941835e-6
543.25,4.010704879456878e-6
543.5,3.999713678361359e-6
543.75,3.988757666269353e-6
544.,3.977836714342425e-6
544.25,3.966950694271127e-6
544.5,3.9560994782687484e-6
544.75,3.945282939069154e-6
545.,3.93450094993413e-6
545.25,3.923753384660659e-6
545.5,3.913040117543618e-6
545.75,3.902361023411832e-6
546.,3.891715977598929e-6
546.25,3.881104855943089e-6
546.5,3.870527534811635e-6
546.75,3.8599838910650085e-6
547.,3.849473802067326e-6
547.25,3.838997145690332e-6
547.5,3.828553800311219e-6
547.75,3.818143644793832e-6
548.,3.8077665585048645e-6
548.25,3.797422421299242e-6
548.5,3.7871111135317797e-6
548.75,3.77683251603359e-6
549.,3.766586510146389e-6
549.25,3.7563729776602582e-6
549.5,3.746191800878339e-6
549.75,3.7360428625641584e-6
550.,3.72592604597767e-6
550.25,3.7158412348415877e-6
550.5,3.7057883133506014e-6
550.75,3.695767166190581e-6
551.,3.6857776784886483e-6
551.25,3.6758197358532236e-6
551.5,3.6658932243613497e-6
551.75,3.6559980305484916e-6
552.,3.6461340414124528e-6
552.25,3.636301144402945e-6
552.5,3.6264992274425283e-6
552.75,3.6167281788935782e-6
553.,3.606987887577534e-6
553.25,3.597278242771833e-6
553.5,3.5875991341806685e-6
553.75,3.577950451978683e-6
554.,3.5683320867768765e-6
554.25,3.5587439296275107e-6
554.5,3.5491858720263404e-6
554.75,3.539657805902347e-6
555.,3.5301596236273235e-6
555.25,3.5206912180003953e-6
555.5,3.5112524822710217e-6
555.75,3.501843310094674e-6
556.,3.492463595569258e-6
556.25,3.483113233219742e-6
556.5,3.4737921179942487e-6
556.75,3.4645001452699617e-6
557.,3.4552372108268423e-6
557.25,3.446003210881086e-6
557.5,3.436798042068105e-6
557.75,3.427621601436135e-6
558.,3.418473786437462e-6
558.25,3.4093544949373506e-6
558.5,3.4002636252220806e-6
558.75,3.391201075981224e-6
559.,3.3821667463097653e-6
559.25,3.3731605357137136e-6
559.5,3.3641823440800135e-6
559.75,3.3552320717303817e-6
560.,3.3463096193628498e-6
560.25,3.3374148880694044e-6
560.5,3.3285477793540972e-6
560.75,3.319708195103231e-6
561.,3.3108960376053756e-6
561.25,3.302111209525706e-6
561.5,3.293353613929035e-6
561.75,3.284623154267701e-6
562.,3.275919734373571e-6
562.25,3.2672432584554024e-6
562.5,3.2585936311223233e-6
562.75,3.249970757346965e-6
563.,3.241374542491192e-6
563.25,3.232804892286434e-6
563.5,3.224261712848097e-6
563.75,3.2157449106515e-6
564.,3.2072543925587833e-6
564.25,3.198790065795178e-6
564.5,3.190351837943285e-6
564.75,3.181939616975762e-6
565.,3.1735533112091453e-6
565.25,3.165192829339607e-6
565.5,3.1568580804147283e-6
565.75,3.1485489738525117e-6
566.,3.140265419419104e-6
566.25,3.1320073272404352e-6
566.5,3.123774607814315e-6
566.75,3.1155671719574724e-6
567.,3.107384930871691e-6
567.25,3.099227796102942e-6
567.5,3.0910956795347506e-6
567.75,3.0829884934152287e-6
568.,3.074906150323724e-6
568.25,3.0668485631882943e-6
568.5,3.058815645296659e-6
568.75,3.0508073102510726e-6
569.,3.0428234720111964e-6
569.25,3.0348640448722758e-6
569.5,3.026928943473564e-6
569.75,3.019018082779881e-6
570.,3.0111313780908557e-6
570.25,3.0032687450517445e-6
570.5,2.995430099625555e-6
570.75,2.987615358111939e-6
571.,2.9798244371357657e-6
571.25,2.9720572536484077e-6
571.5,2.9643137249393476e-6
571.75,2.956593768607091e-6
572.,2.9488973025762983e-6
572.25,2.941224245102271e-6
572.5,2.9335745147518475e-6
572.75,2.925948030415523e-6
573.,2.9183447112964846e-6
573.25,2.9107644769148617e-6
573.5,2.903207247107705e-6
573.75,2.8956729420238575e-6
574.,2.8881614821281247e-6
574.25,2.8806727881904725e-6
574.5,2.873206781295428e-6
574.75,2.865763382823075e-6
575.,2.8583425144785796e-6
575.25,2.850944098262125e-6
575.5,2.84356805647701e-6
575.75,2.836214311723023e-6
576.,2.828882786919398e-6
576.25,2.8215734052719935e-6
576.5,2.814286090286053e-6
576.75,2.8070207657706253e-6
577.,2.7997773558176854e-6
577.25,2.792555784837104e-6
577.5,2.7853559775072054e-6
577.75,2.778177858810986e-6
578.,2.7710213540223506e-6
578.25,2.763886388703257e-6
578.5,2.7567728887061887e-6
578.75,2.749680780169058e-6
579.,2.742609989514558e-6
579.25,2.7355604434526856e-6
579.5,2.728532068980484e-6
579.75,2.7215247933640384e-6
580.,2.714538544164666e-6
580.25,2.7075732492163127e-6
580.5,2.700628836636324e-6
580.75,2.693705234814812e-6
581.,2.686802372421651e-6
581.25,2.6799201784052617e-6
581.5,2.673058581971994e-6
581.75,2.6662175126302044e-6
582.,2.6593969001238863e-6
582.25,2.65259667449501e-6
582.5,2.6458167660434843e-6
582.75,2.639057105339821e-6
583.,2.6323176232253475e-6
583.25,2.625598250797398e-6
583.5,2.6188989194269876e-6
583.75,2.612219560750713e-6
584.,2.605560106655462e-6
584.25,2.5989204892923067e-6
584.5,2.5923006410896502e-6
584.75,2.585700494714589e-6
585.,2.5791199831033306e-6
585.25,2.5725590394416323e-6
585.5,2.5660175971774003e-6
585.75,2.5594955900122876e-6
586.,2.552992951905351e-6
586.25,2.5465096170555714e-6
586.5,2.540045519920491e-6
586.75,2.5336005952149875e-6
587.,2.5271747778916496e-6
587.25,2.520768003163459e-6
587.5,2.5143802064773187e-6
587.75,2.5080113235366103e-6
588.,2.501661290288562e-6
588.25,2.495330042922551e-6
588.5,2.489017517869315e-6
588.75,2.4827236517987096e-6
589.,2.4764483816316077e-6
589.25,2.4701916445251908e-6
589.5,2.463953377871502e-6
589.75,2.4577335193045654e-6
590.,2.4515320066891964e-6
590.25,2.4453487781404036e-6
590.5,2.4391837720015953e-6
590.75,2.4330369268304304e-6
591.,2.4269081814455062e-6
591.25,2.4207974748852487e-6
591.5,2.414704746426483e-6
591.75,2.40862993555693e-6
592.,2.4025729820231402e-6
592.25,2.3965338257717347e-6
592.5,2.3905124069973014e-6
592.75,2.384508666099315e-6
593.,2.3785225437252193e-6
593.25,2.3725539807333695e-6
593.5,2.3666029182102917e-6
593.75,2.3606692974573284e-6
594.,2.354753060009077e-6
594.25,2.3488541476192957e-6
594.5,2.3429725022516576e-6
594.75,2.337108066092432e-6
595.,2.331260781548935e-6
595.25,2.325430591243213e-6
595.5,2.3196174380176968e-6
595.75,2.3138212649235025e-6
596.,2.3080420152335467e-6
596.25,2.302279632423461e-6
596.5,2.2965340601873872e-6
596.75,2.29080524243625e-6
597.,2.2850931232886333e-6
597.25,2.2793976470600154e-6
597.5,2.273718758291997e-6
597.75,2.2680564017221113e-6
598.,2.2624105223101945e-6
598.25,2.2567810652052377e-6
598.5,2.251167975771227e-6
598.75,2.2455711995730093e-6
599.,2.239990682384756e-6
599.25,2.234426370180649e-6
599.5,2.2288782091320804e-6
599.75,2.2233461456163985e-6
600.,2.2178301262071965e-6
600.25,2.2123300976803527e-6
600.5,2.2068460070242674e-6
600.75,2.2013778013922877e-6
601.,2.1959254281727985e-6
601.25,2.190488834923123e-6
601.5,2.185067969403937e-6
601.75,2.1796627795738744e-6
602.,2.1742732135828334e-6
602.25,2.1688992197750562e-6
602.5,2.1635407466797396e-6
602.75,2.1581977430319504e-6
603.,2.152870157750049e-6
603.25,2.147557939935492e-6
603.5,2.1422610388929334e-6
603.75,2.1369794040993115e-6
604.,2.131712985224885e-6
604.25,2.1264617321370347e-6
604.5,2.121225594875029e-6
604.75,2.1160045236693404e-6
605.,2.1107984689360008e-6
605.25,2.1056073812790116e-6
605.5,2.1004312114733157e-6
605.75,2.0952699104851805e-6
606.,2.0901234294536813e-6
606.25,2.0849917197121756e-6
606.5,2.0798747327550354e-6
606.75,2.0747724202842557e-6
607.,2.069684734151297e-6
607.25,2.0646116263896743e-6
607.5,2.059553049239805e-6
607.75,2.0545089550801585e-6
608.,2.0494792964789555e-6
608.25,2.0444640261902273e-6
608.5,2.0394630971247726e-6
608.75,2.0344764623719492e-6
609.,2.029504075213261e-6
609.25,2.024545889064487e-6
609.5,2.0196018575454993e-6
609.75,2.01467193443849e-6
610.,2.009756073683419e-6
610.25,2.004854229399813e-6
610.5,1.999966355881074e-6
610.75,1.9950924075667263e-6
611.,1.9902323390887904e-6
611.25,1.985386105241635e-6
611.5,1.980553660958688e-6
611.75,1.975734961377869e-6
612.,1.9709299617749227e-6
612.25,1.9661386175897513e-6
612.5,1.961360884446958e-6
612.75,1.9565967181094695e-6
613.,1.951846074498824e-6
613.25,1.9471089097361186e-6
613.5,1.9423851800675634e-6
613.75,1.93767484188769e-6
614.,1.932977851809993e-6
614.25,1.9282941665377914e-6
614.5,1.923623742962008e-6
614.75,1.9189665381575563e-6
615.,1.914322509303775e-6
615.25,1.9096916137511315e-6
615.5,1.9050738090638006e-6
615.75,1.9004690528711995e-6
616.,1.8958773029913932e-6
616.25,1.8912985174516488e-6
616.5,1.886732654339662e-6
616.75,1.88217967193709e-6
617.,1.877639528723766e-6
617.25,1.8731121832350317e-6
617.5,1.868597594222409e-6
617.75,1.8640957206078048e-6
618.,1.8596065213675685e-6
618.25,1.8551299557149832e-6
618.5,1.8506659830077032e-6
618.75,1.8462145626731097e-6
619.,1.8417756543718145e-6
619.25,1.837349217885274e-6
619.5,1.8329352130830914e-6
619.75,1.8285336000758032e-6
620.,1.8241443390702851e-6
620.25,1.8197673903642087e-6
620.5,1.815402714521512e-6
620.75,1.8110502721518384e-6
621.,1.8067100239952434e-6
621.25,1.8023819310489254e-6
621.5,1.7980659543312925e-6
621.75,1.7937620549998412e-6
622.,1.7894701945104372e-6
622.25,1.7851903342602555e-6
622.5,1.7809224358408891e-6
622.75,1.776666461140859e-6
623.,1.7724223719494444e-6
623.25,1.7681901302616219e-6
623.5,1.7639696984218137e-6
623.75,1.7597610385783308e-6
624.,1.7555641131579828e-6
624.25,1.7513788849288446e-6
624.5,1.7472053164076323e-6
624.75,1.7430433704558482e-6
625.,1.7388930102277007e-6
625.25,1.7347541986290892e-6
625.5,1.7306268989557616e-6
625.75,1.7265110747179113e-6
626.,1.7224066892324324e-6
626.25,1.7183137062082762e-6
626.5,1.7142320895242614e-6
626.75,1.7101618028826256e-6
627.,1.7061028104209435e-6
627.25,1.7020550763608865e-6
627.5,1.6980185647970935e-6
627.75,1.6939932402967212e-6
628.,1.6899790674070598e-6
628.25,1.6859760106135441e-6
628.5,1.6819840349166896e-6
628.75,1.678003105178553e-6
629.,1.6740331862761277e-6
629.25,1.670074243638021e-6
629.5,1.666126242422875e-6
629.75,1.6621891478995948e-6
630.,1.6582629259454077e-6
630.25,1.6543475419792046e-6
630.5,1.6504429616693756e-6
630.75,1.6465491513444562e-6
631.,1.642666076669081e-6
631.25,1.6387937037194562e-6
631.5,1.6349319992605712e-6
631.75,1.6310809291966689e-6
632.,1.627240459993143e-6
632.25,1.6234105588828652e-6
632.5,1.6195911919822648e-6
632.75,1.6157823262149078e-6
633.,1.6119839291053135e-6
633.25,1.6081959671172118e-6
633.5,1.6044184076077131e-6
633.75,1.6006512183629452e-6
634.,1.596894366205661e-6
634.25,1.593147818923766e-6
634.5,1.5894115445494158e-6
634.75,1.5856855102640831e-6
635.,1.5819696843101369e-6
635.25,1.5782640349160555e-6
635.5,1.5745685296255808e-6
635.75,1.570883137154721e-6
636.,1.567207825911483e-6
636.25,1.5635425638113077e-6
636.5,1.5598873200360424e-6
636.75,1.5562420631537115e-6
637.,1.5526067614394833e-6
637.25,1.5489813845912048e-6
637.5,1.5453659012583198e-6
637.75,1.5417602801211186e-6
638.,1.5381644913973935e-6
638.25,1.5345785037835423e-6
638.5,1.5310022863568282e-6
638.75,1.5274358098946127e-6
639.,1.5238790430879235e-6
639.25,1.5203319554249427e-6
639.5,1.5167945182890238e-6
639.75,1.5132667002658581e-6
640.,1.5097484713082504e-6
640.25,1.5062398034023804e-6
640.5,1.5027406650148318e-6
640.75,1.49925102672923e-6
641.,1.4957708606519461e-6
641.25,1.4923001355757283e-6
641.5,1.4888388225951298e-6
641.75,1.48538689389943e-6
642.,1.4819443186032482e-6
642.25,1.4785110683624958e-6
642.5,1.4750871153670897e-6
642.75,1.4716724290947697e-6
643.,1.4682669817819588e-6
643.25,1.4648707455635662e-6
643.5,1.4614836902829188e-6
643.75,1.4581057888222336e-6
644.,1.4547370131694288e-6
644.25,1.4513773335611676e-6
644.5,1.4480267235698029e-6
644.75,1.4446851549500386e-6
645.,1.4413525983610233e-6
645.25,1.4380290281319712e-6
645.5,1.4347144156703504e-6
645.75,1.4314087321065566e-6
646.,1.4281119525698222e-6
646.25,1.4248240480197298e-6
646.5,1.4215449900964817e-6
646.75,1.4182747547981983e-6
647.,1.415013312514126e-6
647.25,1.411760635423149e-6
647.5,1.4085167005009554e-6
647.75,1.4052814773981495e-6
648.,1.4020549389084465e-6
648.25,1.3988370630470494e-6
648.5,1.3956278185893375e-6
648.75,1.3924271793848922e-6
649.,1.3892351234065513e-6
649.25,1.386051619569206e-6
649.5,1.3828766425827757e-6
649.75,1.3797101700747906e-6
650.,1.3765521713139573e-6
650.25,1.3734026219166283e-6
650.5,1.3702614989908173e-6
650.75,1.3671287722314865e-6
651.,1.3640044182353501e-6
651.25,1.3608884134525004e-6
651.5,1.3577807280484464e-6
651.75,1.354681339712671e-6
652.,1.3515902240496198e-6
652.25,1.3485073517573688e-6
652.5,1.3454327017628953e-6
652.75,1.3423662485785703e-6
653.,1.339307963554654e-6
653.25,1.3362578269296878e-6
653.5,1.3332158119666927e-6
653.75,1.3301818907051002e-6
654.,1.3271560448759515e-6
654.25,1.324138246209529e-6
654.5,1.321128467544916e-6
654.75,1.31812669226282e-6
655.,1.3151328902834674e-6
655.25,1.3121470353709131e-6
655.5,1.309169112701432e-6
655.75,1.3061990901034477e-6
656.,1.3032369423683908e-6
656.25,1.300282656679532e-6
656.5,1.2973361984235377e-6
656.75,1.2943975443320274e-6
657.,1.2914666814970207e-6
657.25,1.288543574793674e-6
657.5,1.285628202762874e-6
657.75,1.282720551180823e-6
658.,1.2798205854705584e-6
658.25,1.2769282858356507e-6
658.5,1.2740436364356997e-6
658.75,1.2711666033579204e-6
659.,1.2682971686698647e-6
659.25,1.2654353145747828e-6
659.5,1.2625810079478813e-6
659.75,1.259734232951566e-6
660.,1.2568949694434108e-6
660.25,1.254063185250108e-6
660.5,1.2512388668567644e-6
660.75,1.2484219913705752e-6
661.,1.2456125277265465e-6
661.25,1.2428104650032212e-6
661.5,1.2400157770989336e-6
661.75,1.2372284342426766e-6
662.,1.234448428382986e-6
662.25,1.2316757297145063e-6
662.5,1.2289103099751478e-6
662.75,1.2261521642914523e-6
663.,1.223401258610464e-6
663.25,1.2206575663992765e-6
663.5,1.2179210862899062e-6
663.75,1.2151917794034955e-6
664.,1.2124696211819044e-6
664.25,1.2097546141278899e-6
664.5,1.2070467138922552e-6
664.75,1.2043458994574056e-6
665.,1.2016521736964376e-6
665.25,1.1989654899854895e-6
665.5,1.196285831213418e-6
665.75,1.1936131969661428e-6
666.,1.1909475416692635e-6
666.25,1.1882888514133879e-6
666.5,1.1856371219215822e-6
666.75,1.182992308909692e-6
667.,1.1803544020475185e-6
667.25,1.1777233925326252e-6
667.5,1.1750992376449219e-6
667.75,1.1724819310351332e-6
668.,1.1698714586711936e-6
668.25,1.1672677796902325e-6
668.5,1.1646708921694635e-6
668.75,1.1620807760727944e-6
669.,1.1594973927160043e-6
669.25,1.156920745070172e-6
669.5,1.1543508062731232e-6
669.75,1.1517875401784544e-6
670.,1.1492309551401506e-6
670.25,1.146681016576297e-6
670.5,1.1441376912661378e-6
670.75,1.1416009934783355e-6
671.,1.1390708799697944e-6
671.25,1.1365473208411727e-6
671.5,1.1340303368643029e-6
671.75,1.1315198750922051e-6
672.,1.129015909414525e-6
672.25,1.12651846769015e-6
672.5,1.1240274861903394e-6
672.75,1.1215429448872671e-6
673.,1.1190648739084038e-6
673.25,1.1165932030473416e-6
673.5,1.1141279203571276e-6
673.75,1.1116690489848374e-6
674.,1.1092165209414442e-6
674.25,1.1067703301837836e-6
674.5,1.1043304918550443e-6
674.75,1.101896940602193e-6
675.,1.0994696769296031e-6
675.25,1.0970487068434095e-6
675.5,1.0946339681381585e-6
675.75,1.0922254685118728e-6
676.,1.0898232036490262e-6
676.25,1.0874271150044007e-6
676.5,1.0850372181894632e-6
676.75,1.0826534972793362e-6
677.,1.0802758979587896e-6
677.25,1.0779044444854478e-6
677.5,1.0755391079979818e-6
677.75,1.073179838985477e-6
678.,1.0708266711630636e-6
678.25,1.068479561267382e-6
678.5,1.066138465269222e-6
678.75,1.0638034271379433e-6
679.,1.0614743877266036e-6
679.25,1.059151309130003e-6
679.5,1.0568342464620562e-6
679.75,1.0545231230911466e-6
680.,1.0522179079656333e-6
680.25,1.0499186682514428e-6
680.5,1.0476253081515624e-6
680.75,1.0453378061915757e-6
681.,1.0430562366464315e-6
681.25,1.0407804886871902e-6
681.5,1.038510556386244e-6
681.75,1.036246500747596e-6
682.,1.0339882154363445e-6
682.25,1.0317357046707706e-6
682.5,1.0294890145718593e-6
682.75,1.02724804402397e-6
683.,1.0250128083285832e-6
683.25,1.0227833370018044e-6
683.5,1.0205595349275243e-6
683.75,1.0183414294503576e-6
684.,1.0161290317127745e-6
684.25,1.0139222533952437e-6
684.5,1.0117211349159808e-6
684.75,1.0095256671419734e-6
685.,1.0073357694288309e-6
685.25,1.0051514963105491e-6
685.5,1.0029728164240004e-6
685.75,1.0007996576912246e-6
686.,9.986320898761051e-7
686.25,9.96470057329443e-7
686.5,9.943134974869373e-7
686.75,9.921624964682478e-7
687.,9.900169722145697e-7
687.25,9.878768726675683e-7
687.5,9.857423014795174e-7
687.75,9.83613147965323e-7
688.,9.814893715998672e-7
688.25,9.79371094785044e-7
688.5,9.772581759286344e-7
688.75,9.751505881578888e-7
689.,9.730484706971413e-7
689.25,9.70951651861471e-7
689.5,9.68860132127151e-7
689.75,9.667740278944671e-7
690.,9.646931758720862e-7
690.25,9.6261759258556e-7
690.5,9.605473693576471e-7
690.75,9.584823523555043e-7
691.,9.564225753627701e-7
691.25,9.543681023187906e-7
691.5,9.523187899291367e-7
691.75,9.502746904987496e-7
692.,9.48235838189297e-7
692.25,9.462021013776945e-7
692.5,9.441735521718633e-7
692.75,9.421501924964846e-7
693.,9.40131903577287e-7
693.25,9.381187786239461e-7
693.5,9.36110784820361e-7
693.75,9.341078174303942e-7
694.,9.321099921177974e-7
694.25,9.301172387351296e-7
694.5,9.281294678223437e-7
694.75,9.261468188565373e-7
695.,9.241691817316858e-7
695.25,9.221964835270379e-7
695.5,9.202288889174777e-7
695.75,9.18266245151926e-7
696.,9.163084971561699e-7
696.25,9.143558361882786e-7
696.5,9.12408064131106e-7
696.75,9.104651450723154e-7
697.,9.085272982761775e-7
697.25,9.065942775062655e-7
697.5,9.046660873909311e-7
697.75,9.027429164800053e-7
698.,9.008245277724792e-7
698.25,8.989109508033584e-7
698.5,8.970023356847978e-7
698.75,8.950984609933293e-7
699.,8.931993808873642e-7
699.25,8.913052042984847e-7
699.5,8.894157267322104e-7
699.75,8.875310283681304e-7
700.,8.85651174189903e-7
700.25,8.837759779886097e-7
700.5,8.819055473778295e-7
700.75,8.800399005994035e-7
701.,8.781788711220411e-7
701.25,8.76322595380211e-7
701.5,8.744710420788108e-7
701.75,8.726240657619589e-7
702.,8.707818330843045e-7
702.25,8.689442604131873e-7
702.5,8.671112247663315e-7
702.75,8.652829243991082e-7
703.,8.634592205538365e-7
703.25,8.61640014116445e-7
703.5,8.598255363306516e-7
703.75,8.580155905254526e-7
704.,8.562101028615033e-7
704.25,8.544093389283636e-7
704.5,8.52613041377576e-7
704.75,8.508211630450666e-7
705.,8.490340051961398e-7
705.25,8.472512470881394e-7
705.5,8.454728921885902e-7
705.75,8.436992110260222e-7
706.,8.419298845015858e-7
706.25,8.401649536023773e-7
706.5,8.384046351220334e-7
706.75,8.366486332485826e-7
707.,8.348970210891929e-7
707.25,8.331499589339511e-7
707.5,8.314071756847219e-7
707.75,8.296687778654227e-7
708.,8.27934866564224e-7
708.25,8.262051967986634e-7
708.5,8.244799097775971e-7
708.75,8.22759044720734e-7
709.,8.210423841561647e-7
709.25,8.193301052102795e-7
709.5,8.176221826281458e-7
709.75,8.159184278240926e-7
710.,8.142190550076189e-7
710.25,8.125239719598519e-7
710.5,8.108330202886048e-7
710.75,8.091464524335283e-7
711.,8.074641067701441e-7
711.25,8.057858564011404e-7
711.5,8.041119930782654e-7
711.75,8.024422834244693e-7
712.,8.007766333051533e-7
712.25,7.991153747965698e-7
712.5,7.974582005392054e-7
712.75,7.958050503627364e-7
713.,7.941562976422267e-7
713.25,7.925115589019243e-7
713.5,7.908708313014473e-7
713.75,7.892344638030376e-7
714.,7.876020614137189e-7
714.25,7.859736725135367e-7
714.5,7.843495775313064e-7
714.75,7.827294130273362e-7
715.,7.81113265647693e-7
715.25,7.79501345091278e-7
715.5,7.778933206832807e-7
715.75,7.762893182629651e-7
716.,7.74689474698909e-7
716.25,7.730934932613276e-7
716.5,7.715015398130847e-7
716.75,7.699136764574709e-7
717.,7.683296414970692e-7
717.25,7.667496416136703e-7
717.5,7.651736623033753e-7
717.75,7.63601477962756e-7
718.,7.620333367686597e-7
718.25,7.604691459617204e-7
718.5,7.589087169888487e-7
718.75,7.573523401408596e-7
719.,7.557998428753654e-7
719.25,7.542510746154572e-7
719.5,7.527063682761735e-7
719.75,7.511654701848135e-7
720.,7.496282685583148e-7
720.25,7.480951393757875e-7
720.5,7.465657466575877e-7
720.75,7.450400181539758e-7
721.,7.435183732557329e-7
721.25,7.420003926593589e-7
721.5,7.404860629448019e-7
721.75,7.389757912866457e-7
722.,7.374691301099127e-7
722.25,7.359661293112098e-7
722.5,7.344671163785016e-7
722.75,7.329716824423671e-7
723.,7.314799190642134e-7
723.25,7.299920729124336e-7
723.5,7.285077745656591e-7
723.75,7.27027157547453e-7
724.,7.255503867495329e-7
724.25,7.240771328440453e-7
724.5,7.226075715386398e-7
724.75,7.211417851684703e-7
725.,7.196794850638387e-7
725.25,7.182208892244122e-7
725.5,7.167659968527874e-7
725.75,7.153145603999521e-7
726.,7.13866840180345e-7
726.25,7.124227518636567e-7
726.5,7.109820893996566e-7
726.75,7.09545155343642e-7
727.,7.08111781623001e-7
727.25,7.066818039705625e-7
727.5,7.052555669932541e-7
727.75,7.038328188860631e-7
728.,7.024134373374238e-7
728.25,7.009978087417402e-7
728.5,6.995855977356214e-7
728.75,6.981767240583431e-7
729.,6.967716155190304e-7
729.25,6.953698535752455e-7
729.5,6.939714125935737e-7
729.75,6.925767235596558e-7
730.,6.911853231026065e-7
730.25,6.897972565605614e-7
730.5,6.884128704020523e-7
730.75,6.870317443170778e-7
731.,6.856539650805088e-7
731.25,6.842797948787362e-7
731.5,6.829088565205215e-7
731.75,6.815412778206676e-7
732.,6.801772371146936e-7
732.25,6.788164002956938e-7
732.5,6.77458935733605e-7
732.75,6.761049385362103e-7
733.,6.747541175334664e-7
733.25,6.734066810813951e-7
733.5,6.720626418663252e-7
733.75,6.707217514251128e-7
734.,6.693842574302405e-7
734.25,6.680500911420636e-7
734.5,6.667190464686011e-7
734.75,6.653914096600229e-7
735.,6.640670317107936e-7
735.25,6.627457484837938e-7
735.5,6.614278839775288e-7
735.75,6.601132102547837e-7
736.,6.588016046219024e-7
736.25,6.574934279197859e-7
736.5,6.561883747881784e-7
736.75,6.548863633807931e-7
737.,6.535877903865523e-7
737.25,6.522922746919645e-7
737.5,6.509997803280823e-7
737.75,6.497107216416518e-7
738.,6.484246607207066e-7
738.25,6.471416337575748e-7
738.5,6.458619733406881e-7
738.75,6.445852850202899e-7
739.,6.433116426270778e-7
739.25,6.420412985517009e-7
739.5,6.407739011590995e-7
739.75,6.395095609337994e-7
740.,6.382484517756771e-7
740.25,6.369902641399293e-7
740.5,6.357351441085324e-7
740.75,6.344831889581862e-7
741.,6.332341304252431e-7
741.25,6.319881490723448e-7
741.5,6.307452675410591e-7
741.75,6.295052579713723e-7
742.,6.282683342383265e-7
742.25,6.270344464636483e-7
742.5,6.258034062455801e-7
742.75,6.24575459546423e-7
743.,6.233504862045483e-7
743.25,6.221283362622875e-7
743.5,6.209092864910068e-7
743.75,6.196931488003418e-7
744.,6.184798105969918e-7
744.25,6.172695781498335e-7
744.5,6.160621978789112e-7
744.75,6.148575934272853e-7
745.,6.136560992066638e-7
745.25,6.124573986851607e-7
745.5,6.112614505572386e-7
745.75,6.100686159878248e-7
746.,6.088785181119728e-7
746.25,6.076911816576025e-7
746.5,6.065068964906775e-7
746.75,6.053253247300729e-7
747.,6.041465226225985e-7
747.25,6.029707104043605e-7
747.5,6.017975888183905e-7
747.75,6.006272440075852e-7
748.,5.994598291502812e-7
748.25,5.982950823862549e-7
748.5,5.971331183865858e-7
748.75,5.959740259066757e-7
749.,5.948175792108711e-7
749.25,5.936639201111702e-7
749.5,5.925130756265164e-7
749.75,5.913648548542467e-7
750.,5.902194253297401e-7
750.25,5.890767550835412e-7
750.5,5.879366867012168e-7
750.75,5.867994120306574e-7
751.,5.856648428851736e-7
751.25,5.845328539868579e-7
751.5,5.834036600585698e-7
751.75,5.822771195060085e-7
752.,5.811531378116451e-7
752.25,5.800319511370684e-7
752.5,5.789133673134815e-7
752.75,5.77797321178964e-7
753.,5.76684068903169e-7
753.25,5.755733705855446e-7
753.5,5.744651890033114e-7
753.75,5.733597989198215e-7
754.,5.722569155318092e-7
754.25,5.71156549023837e-7
754.5,5.70058928707013e-7
754.75,5.689637903326825e-7
755.,5.678711719572883e-7
755.25,5.667812477570781e-7
755.5,5.656937851410796e-7
755.75,5.646088444466054e-7
756.,5.63526547560505e-7
756.25,5.624466921109013e-7
756.5,5.613693593173829e-7
756.75,5.602946216117158e-7
757.,5.592223054082391e-7
757.25,5.5815251142055e-7
757.5,5.570852654438346e-7
757.75,5.560204212384072e-7
758.,5.54958097642865e-7
758.25,5.538982766185496e-7
758.5,5.528408378426982e-7
758.75,5.517859169284057e-7
759.,5.50733454764238e-7
759.25,5.496833555276493e-7
759.5,5.48635770284703e-7
759.75,5.475906015739954e-7
760.,5.465477766701616e-7
760.25,5.455074607932629e-7
760.5,5.444695208128795e-7
760.75,5.434339057203042e-7
761.,5.424007936191601e-7
761.25,5.413700183385637e-7
761.5,5.40341549221208e-7
761.75,5.393155760213389e-7
762.,5.382919020954521e-7
762.25,5.372705277023019e-7
762.5,5.362516173425936e-7
762.75,5.352349821166804e-7
763.,5.34220644454991e-7
763.25,5.332087290344324e-7
763.5,5.32199070542863e-7
763.75,5.311917065874707e-7
764.,5.301867246406912e-7
764.25,5.291839816054243e-7
764.5,5.281835290544807e-7
764.75,5.271854198047961e-7
765.,5.261895316360941e-7
765.25,5.25195928906897e-7
765.5,5.242046322701569e-7
765.75,5.23215539061463e-7
766.,5.22228725296554e-7
766.25,5.212441818670741e-7
766.5,5.20261824397134e-7
766.75,5.192817394498939e-7
767.,5.18303890509608e-7
767.25,5.173282102374941e-7
767.5,5.163547946889493e-7
767.75,5.153835821977654e-7
768.,5.144145212570809e-7
768.25,5.134477164023216e-7
768.5,5.124830829971734e-7
768.75,5.115205841957964e-7
769.,5.10560332046131e-7
769.25,5.096022210299449e-7
769.5,5.086462278476195e-7
769.75,5.076924711221058e-7
770.,5.067408264723422e-7
770.25,5.057912889154129e-7
770.5,5.048439651786792e-7
770.75,5.038987315302882e-7
771.,5.029555988974025e-7
771.25,5.020146477755835e-7
771.5,5.010757704222832e-7
771.75,5.001389872136964e-7
772.,4.992043544913252e-7
772.25,4.982717793799758e-7
772.5,4.973412907842505e-7
772.75,4.96412922894515e-7
773.,4.954865966106662e-7
773.25,4.945623485083212e-7
773.5,4.936401925206482e-7
773.75,4.927200622938338e-7
774.,4.918020012436324e-7
774.25,4.908860048611601e-7
774.5,4.899720185515012e-7
774.75,4.890600917848866e-7
775.,4.88150203341084e-7
775.25,4.872423094358373e-7
775.5,4.863364648496782e-7
775.75,4.854326332946081e-7
776.,4.845307808953951e-7
776.25,4.836309670445015e-7
776.5,4.827331419441332e-7
776.75,4.818372807634835e-7
777.,4.809434468545946e-7
777.25,4.800515783778922e-7
777.5,4.791616587319637e-7
777.75,4.782737546124808e-7
778.,4.77387793525353e-7
778.25,4.7650376873242094e-7
778.5,4.756217424749329e-7
778.75,4.7474164013097305e-7
779.,4.738634652733661e-7
779.25,4.7298726439964256e-7
779.5,4.721129727353078e-7
779.75,4.7124059924065236e-7
780.,4.703701761141382e-7
780.25,4.695016476366308e-7
780.5,4.6863502754032836e-7
780.75,4.6777033509505564e-7
781.,4.6690752287504073e-7
781.25,4.660466088149526e-7
781.5,4.6518760054329585e-7
781.75,4.64330458207488e-7
782.,4.634752034092022e-7
782.25,4.6262183334974904e-7
782.5,4.617703150693921e-7
782.75,4.609206733443469e-7
783.,4.600728960729858e-7
783.25,4.5922695655761543e-7
783.5,4.5838288228683784e-7
783.75,4.575406529152945e-7
784.,4.5670024740146953e-7
784.25,4.5586169552224654e-7
784.5,4.550249696774729e-7
784.75,4.541900539286228e-7
785.,4.533569799323279e-7
785.25,4.5252571376063877e-7
785.5,4.516962440435969e-7
785.75,4.508686039649868e-7
786.,4.5004275411409964e-7
786.25,4.4921868794571964e-7
786.5,4.483964376051409e-7
786.75,4.4757596121611924e-7
787.,4.4675725828417687e-7
787.25,4.459403523455137e-7
787.5,4.4512520704892594e-7
787.75,4.443118247150886e-7
788.,4.4350022116577676e-7
788.25,4.4269036506981966e-7
788.5,4.4188226119872286e-7
788.75,4.4107591849510647e-7
789.,4.4027131017891755e-7
789.25,4.3946844313118737e-7
789.5,4.386673201966798e-7
789.75,4.3786791869879245e-7
790.,4.370702473239623e-7
790.25,4.3627430353368176e-7
790.5,4.3548006834530496e-7
790.75,4.346875519682472e-7
791.,4.3389674714642896e-7
791.25,4.331076382032676e-7
791.5,4.323202366173318e-7
791.75,4.315345310214891e-7
792.,4.3075050869587373e-7
792.25,4.2996818215358883e-7
792.5,4.291875364739061e-7
792.75,4.284085615652394e-7
793.,4.2763127076152674e-7
793.25,4.268556461072782e-7
793.5,4.26081679838192e-7
793.75,4.253093859140008e-7
794.,4.24538743809624e-7
794.25,4.237697479158919e-7
794.5,4.230024123350066e-7
794.75,4.2223671471209355e-7
795.,4.214726526560051e-7
795.25,4.20710235984418e-7
795.5,4.1994944517148097e-7
795.75,4.1919027917585075e-7
796.,4.1843274402889295e-7
796.25,4.1767682274603007e-7
796.5,4.169225154443387e-7
796.75,4.1616982482268334e-7
797.,4.154187361755e-7
797.25,4.1466925059540315e-7
797.5,4.1392136787968366e-7
797.75,4.131750753473361e-7
798.,4.124303749176146e-7
798.25,4.1168726385478655e-7
798.5,4.1094573129043106e-7
798.75,4.1020577981913735e-7
799.,4.0946740452455504e-7
799.25,4.0873059614343404e-7
799.5,4.079953578166302e-7
799.75,4.0726168276408753e-7
800.,4.0652956313661363e-7
