"vmin","0.1–0.2 eV","0.2–0.3 eV","0.3–0.4 eV","0.4–0.5 eV","0.5–0.6 eV","0.6–0.7 eV","0.7–0.8 eV","0.8–0.9 eV","0.9–1. eV","1.–1.1 eV"
1,0,0,0,0,0,0,0,0,0,0
1.0112221197368427,0,0,0,0,0,0,0,0,0,0
1.0225701754450736,0,0,0,0,0,0,0,0,0,0
1.0340455803932427,0,0,0,0,0,0,0,0,0,0
1.0456497637097688,0,0,0,0,0,0,0,0,0,0
1.057384170560921,0,0,0,0,0,0,0,0,0,0
1.069250262330798,0,0,0,0,0,0,0,0,0,0
1.081249516803325,0,0,0,0,0,0,0,0,0,0
1.093383428346295,0,0,0,0,0,0,0,0,0,0
1.105653508097477,0,0,0,0,0,0,0,0,0,0
1.1180612841528073,0,0,0,0,0,0,0,0,0,0
1.1306083017566981,0,0,0,0,0,0,0,0,0,0
1.1432961234944803,0,0,0,0,0,0,0,0,0,0
1.1561263294870037,0,0,0,0,0,0,0,0,0,0
1.1691005175874234,0,0,0,0,0,0,0,0,0,0
1.1822203035801944,0,0,0,0,0,0,0,0,0,0
1.195487321382298,0,0,0,0,0,0,0,0,0,0
1.2089032232467276,0,0,0,0,0,0,0,0,0,0
1.2224696799682575,0,0,0,0,0,0,0,0,0,0
1.2361883810915213,0,0,0,0,0,0,0,0,0,0
1.2500610351214243,0,0,0,0,0,0,0,0,0,0
1.2640893697359186,0,0,0,0,0,0,0,0,0,0
1.2782751320011652,0,0,0,0,0,0,0,0,0,0
1.2926200885891108,0,0,0,0,0,0,0,0,0,0
1.3071260259975062,0,0,0,0,0,0,0,0,0,0
1.3217947507723937,0,0,0,0,0,0,0,0,0,0
1.3366280897330918,0,0,0,0,0,0,0,0,0,0
1.351627890199704,0,0,0,0,0,0,0,0,0,0
1.3667960202231813,0,0,0,0,0,0,0,0,0,0
1.3821343688179661,0,0,0,0,0,0,0,0,0,0
1.397644846197247,0,0,0,0,0,0,0,0,0,0
1.4133293840108536,0,0,0,0,0,0,0,0,0,0
1.4291899355858217,0,0,0,0,0,0,0,0,0,0
1.4452284761696566,0,0,0,0,0,0,0,0,0,0
1.4614470031763274,0,0,0,0,0,0,0,0,0,0
1.4778475364350223,0,0,0,0,0,0,0,0,0,0
1.4944321184416942,0,0,0,0,0,0,0,0,0,0
1.5112028146134304,0,0,0,0,0,0,0,0,0,0
1.5281617135456762,0,0,0,0,0,0,0,0,0,0
1.5453109272723446,0,0,0,0,0,0,0,0,0,0
1.5626525915288465,0,0,0,0,0,0,0,0,0,0
1.5801888660180712,0,0,0,0,0,0,0,0,0,0
1.5979219346793516,0,0,0,0,0,0,0,0,0,0
1.615854005960451,0,0,0,0,0,0,0,0,0,0
1.6339873130925961,0,0,0,0,0,0,0,0,0,0
1.6523241143686034,0,0,0,0,0,0,0,0,0,0
1.6708666934241205,0,0,0,0,0,0,0,0,0,0
1.6896173595220287,0,0,0,0,0,0,0,0,0,0
1.7085784478400332,0,0,0,0,0,0,0,0,0,0
1.727752319761483,0,0,0,0,0,0,0,0,0,0
1.7471413631694541,0,0,0,0,0,0,0,0,0,0
1.7667479927441327,0,0,0,0,0,0,0,0,0,0
1.786574650263534,0,0,0,0,0,0,0,0,0,0
1.8066238049075996,0,0,0,0,0,0,0,0,0,0
1.826897953565703,0,0,0,0,0,0,0,0,0,0
1.8473996211476107,0,0,0,0,0,0,0,0,0,0
1.868131360897927,0,0,0,0,0,0,0,0,0,0
1.8890957547140748,0,0,0,0,0,0,0,0,0,0
1.9102954134678376,0,0,0,0,0,0,0,0,0,0
1.9317329773305152,0,0,0,0,0,0,0,0,0,0
1.9534111161017262,0,0,0,0,0,0,0,0,0,0
1.9753325295418995,0,0,0,0,0,0,0,0,0,0
1.9974999477084991,0,0,0,0,0,0,0,0,0,0
2.0199161312960214,0,0,0,0,0,0,0,0,0,0
2.0425838719798057,0,0,0,0,0,0,0,0,0,0
2.0655059927637067,0,0,0,0,0,0,0,0,0,0
2.0886853483316674,0,0,0,0,0,0,0,0,0,0
2.1121248254032348,0,0,0,0,0,0,0,0,0,0
2.135827343093068,0,0,0,0,0,0,0,0,0,0
2.159795853274481,0,0,0,0,0,0,0,0,0,0
2.1840333409470643,0,0,0,0,0,0,0,0,0,0
2.2085428246084287,0,0,0,0,0,0,0,0,0,0
2.23332735663013,0,0,0,0,0,0,0,0,0,0
2.2583900236377996,0,0,0,0,0,0,0,0,0,0
2.2837339468955546,0,0,0,0,0,0,0,0,0,0
2.3093622826947087,0,0,0,0,0,0,0,0,0,0
2.3352782227468576,0,0,0,0,0,0,0,0,0,0
2.3614849945813643,0,0,0,0,0,0,0,0,0,0
2.387985861947314,0,0,0,0,0,0,0,0,0,0
2.4147841252199744,0,0,0,0,0,0,0,0,0,0
2.44188312181182,0,0,0,0,0,0,0,0,0,0
2.469286226588168,0,0,0,0,0,0,0,0,0,0
2.4969968522874773,0,0,0,0,0,0,0,0,0,0
2.525018449946367,0,0,0,0,0,0,0,0,0,0
2.553354509329402,0,0,0,0,0,0,0,0,0,0
2.5820085593637043,0,0,0,0,0,0,0,0,0,0
2.610984168578437,0,0,0,0,0,0,0,0,0,0
2.640284945549225,0,0,0,0,0,0,0,0,0,0
2.669914539347562,0,0,0,0,0,0,0,0,0,0
2.6998766399952583,0,0,0,0,0,0,0,0,0,0
2.7301749789239897,0,0,0,0,0,0,0,0,0,0
2.7608133294400066,0,0,0,0,0,0,0,0,0,0
2.791795507194054,0,0,0,0,0,0,0,0,0,0
2.8231253706565664,0,0,0,0,0,0,0,0,0,0
2.8548068215981925,0,0,0,0,0,0,0,0,0,0
2.886843805575723,0,0,0,0,0,0,0,0,0,0
2.9192403124234567,0,0,0,0,0,0,0,0,0,0
2.9520003767500906,0,0,0,0,0,0,0,0,0,0
2.985128078441186,0,0,0,0,0,0,0,0,0,0
3.0186275431672644,0,0,0,0,0,0,0,0,0,0
3.0525029428976187,0,0,0,0,0,0,0,0,0,0
3.086758496419881,0,0,0,0,0,0,0,0,0,0
3.1213984698654222,0,0,0,0,0,0,0,0,0,0
3.1564271772406496,0,0,0,0,0,0,0,0,0,0
3.1918489809642687,0,0,0,0,0,0,0,0,0,0
3.2276682924105695,0,0,0,0,0,0,0,0,0,0
3.263889572458812,0,0,0,0,0,0,0,0,0,0
3.3005173320487775,0,0,0,0,0,0,0,0,0,0
3.337556132742554,0,0,0,0,0,0,0,0,0,0
3.3750105872926244,0,0,0,0,0,0,0,0,0,0
3.412885360216335,0,0,0,0,0,0,0,0,0,0
3.451185168376801,0,0,0,0,0,0,0,0,0,0
3.4899147815703406,0,0,0,0,0,0,0,0,0,0
3.529079023120501,0,0,0,0,0,0,0,0,0,0
3.5686827704787394,0,0,0,0,0,0,0,0,0,0
3.60873095583186,0,0,0,0,0,0,0,0,0,0
3.649228566716256,0,0,0,0,0,0,0,0,0,0
3.690180646639053,0,0,0,0,0,0,0,0,0,0
3.731592295706217,0,0,0,0,0,0,0,0,0,0
3.7734686712577123,0,0,0,0,0,0,0,0,0,0
3.815814988509792,0,0,0,0,0,0,0,0,0,0
3.8586365212044873,0,0,0,0,0,0,0,0,0,0
3.9019386022663993,0,0,0,0,0,0,0,0,0,0
3.9457266244668414,0,0,0,0,0,0,0,0,0,0
3.990006041095457,0,0,0,0,0,0,0,0,0,0
4.034782366639356,0,0,0,0,0,0,0,0,0,0
4.080061177469886,0,0,0,0,0,0,0,0,0,0
4.1258481125370965,0,0,0,0,0,0,0,0,0,0
4.172148874072015,0,0,0,0,0,0,0,0,0,0
4.218969228296784,0,0,0,0,0,0,0,0,0,0
4.2663150061427855,0,0,0,0,0,0,0,0,0,0
4.3141921039768105,0,0,0,0,0,0,0,0,0,0
4.362606484335379,0,0,0,0,0,0,0,0,0,0
4.4115641766673175,0,0,0,0,0,0,0,0,0,0
4.461071278084645,0,0,0,0,0,0,0,0,0,0
4.5111339541219015,0,0,0,0,0,0,0,0,0,0
4.561758439503994,0,0,0,0,0,0,0,0,0,0
4.612951038922661,0,0,0,0,0,0,0,0,0,0
4.6647181278216445,0,0,0,0,0,0,0,0,0,0
4.7170661531906815,0,0,0,0,0,0,0,0,0,0
4.770001634368396,0,0,0,0,0,0,0,0,0,0
4.823531163854213,0,0,0,0,0,0,0,0,0,0
4.877661408129377,0,0,0,0,0,0,0,0,0,0
4.932399108487184,0,0,0,0,0,0,0,0,0,0
4.987751081872522,0,0,0,0,0,0,0,0,0,0
5.043724221730864,0,0,0,0,0,0,0,0,0,0
5.1003254988667415,0,0,0,0,0,0,0,0,0,0
5.157561962311897,0,0,0,0,0,0,0,0,0,0
5.215440740203147,0,0,0,0,0,0,0,0,0,0
5.273969040670115,0,0,0,0,0,0,0,0,0,0
5.3331541527329165,0,0,0,0,0,0,0,0,0,0
5.393003447209925,0,0,0,0,0,0,0,0,0,0
5.453524377635722,0,0,0,0,0,0,0,0,0,0
5.514724481189342,0,0,0,0,0,0,0,0,0,0
5.576611379632947,0,0,0,0,0,0,0,0,0,0
5.639192780261029,0,0,0,0,0,0,0,0,0,0
5.702476476860256,0,0,0,0,0,0,0,0,0,0
5.766470350680112,0,0,0,0,0,0,0,0,0,0
5.831182371414398,0,0,0,0,0,0,0,0,0,0
5.896620598193776,0,0,0,0,0,0,0,0,0,0
5.962793180589441,0,0,0,0,0,0,0,0,0,0
6.029708359628045,0,0,0,0,0,0,0,0,0,0
6.0973744688180345,0,0,0,0,0,0,0,0,0,0
6.165799935187479,0,0,0,0,0,0,0,0,0,0
6.234993280333571,0,0,0,0,0,0,0,0,0,0
6.304963121483883,0,0,0,0,0,0,0,0,0,0
6.375718172569553,0,0,0,0,0,0,0,0,0,0
6.447267245310494,0,0,0,0,0,0,0,0,0,0
6.519619250312791,0,0,0,0,0,0,0,0,0,0
6.592783198178427,0,0,0,0,0,0,0,0,0,0
6.666768200627432,0,0,0,0,0,0,0,0,0,0
6.74158347163265,0,0,0,0,0,0,0,0,0,0
6.817238328567232,0,0,0,0,0,0,0,0,0,0
6.893742193365008,0,0,0,0,0,0,0,0,0,0
6.971104593693874,0,0,0,0,0,0,0,0,0,0
7.049335164142362,0,0,0,0,0,0,0,0,0,0
7.128443647419504,0,0,0,0,0,0,0,0,0,0
7.208439895568181,0,0,0,0,0,0,0,0,0,0
7.289333871192085,0,0,0,0,0,0,0,0,0,0
7.371135648696425,0,0,0,0,0,0,0,0,0,0
7.453855415542608,0,0,0,0,0,0,0,0,0,0
7.537503473516939,0,0,0,0,0,0,0,0,0,0
7.622090240013614,0,0,0,0,0,0,0,0,0,0
7.707626249332068,0,0,0,0,0,0,0,0,0,0
7.794122153988906,0,0,0,0,0,0,0,0,0,0
7.881588726044549,0,0,0,0,0,0,0,0,0,0
7.970036858444774,0,0,0,0,0,0,0,0,0,0
8.05947756637729,0,0,0,0,0,0,0,0,0,0
8.149921988643573,0,0,0,0,0,0,0,0,0,0
8.24138138904606,0,0,0,0,0,0,0,0,0,0
8.333867157790923,0,0,0,0,0,0,0,0,0,0
8.427390812906594,0,0,0,0,0,0,0,0,0,0
8.521964001678201,0,0,0,0,0,0,0,0,0,0
8.617598502098096,0,0,0,0,0,0,0,0,0,0
8.714306224332677,0,0,0,0,0,0,0,0,0,0
8.812099212205657,0,0,0,0,0,0,0,0,0,0
8.910989644697967,0,0,0,0,0,0,0,0,0,0
9.010989837464535,0,0,0,0,0,0,0,0,0,0
9.112112244368035,0,0,0,0,0,0,0,0,0,0
9.214369459029882,0,0,0,0,0,0,0,0,0,0
9.317774216398622,0,0,0,0,0,0,0,0,0,0
9.422339394335914,0,0,0,0,0,0,0,0,0,0
9.528078015220323,0,0,0,0,0,0,0,0,0,0
9.63500324756911,0,0,0,0,0,0,0,0,0,0
9.743128407678201,0,0,0,0,0,0,0,0,0,0
9.852466961280596,0,0,0,0,0,0,0,0,0,0
9.963032525223374,0,0,0,0,0,0,0,0,0,0
10.074838869163491,0,0,0,0,0,0,0,0,0,0
10.18789991728264,0,0,0,0,0,0,0,0,0,0
10.30222975002136,0,0,0,0,0,0,0,0,0,0
10.417842605832563,0,0,0,0,0,0,0,0,0,0
10.534752882954798,0,0,0,0,0,0,0,0,0,0
10.652975141205367,0,0,0,0,0,0,0,0,0,0
10.772524103793584,0,0,0,0,0,0,0,0,0,0
10.89341465915438,0,0,0,0,0,0,0,0,0,0
11.01566186280249,0,0,0,0,0,0,0,0,0,0
11.139280939207433,0,0,0,0,0,0,0,0,0,0
11.264287283689546,0,0,0,0,0,0,0,0,0,0
11.390696464337305,0,0,0,0,0,0,0,0,0,0
11.518524223946136,0,0,0,0,0,0,0,0,0,0
11.647786481978985,0,0,0,0,0,0,0,0,0,0
11.778499336548933,0,0,0,0,0,0,0,0,0,0
11.910679066424008,0,0,0,0,0,0,0,0,0,0
12.04434213305452,0,0,0,0,0,0,0,0,0,0
12.179505182623158,0,0,0,0,0,0,0,0,0,0
12.316185048118054,0,0,0,0,0,0,0,0,0,0
12.454398751429148,0,0,0,0,0,0,0,0,0,0
12.594163505468073,0,0,0,0,0,0,0,0,0,0
12.735496716311811,0,0,0,0,0,0,0,0,0,0
12.878415985370431,0,0,0,0,0,0,0,0,0,0
13.022939111579129,0,0,0,0,0,0,0,0,0,0
13.169084093614883,0,0,0,0,0,0,0,0,0,0
13.316869132137981,0,0,0,0,0,0,0,0,0,0
13.4663126320587,1.1935108482693382e+20,0,0,0,0,0,0,0,0,0
13.617433204829423,2.1926203126284006e+20,0,0,0,0,0,0,0,0,0
13.770249670762471,2.3236142419933073e+20,0,0,0,0,0,0,0,0,0
13.924781061373995,2.8864596829034588e+20,0,0,0,0,0,0,0,0,0
14.081046621754055,4.706858001856193e+20,0,0,0,0,0,0,0,0,0
14.239065812963446,7.312357406892669e+20,0,0,0,0,0,0,0,0,0
14.398858314457307,6.026725709958205e+20,0,0,0,0,0,0,0,0,0
14.560444026535981,6.096401239476834e+20,0,0,0,0,0,0,0,0,0
14.72384307282336,1.0140252324391951e+21,0,0,0,0,0,0,0,0,0
14.889075802773068,8.062624322128582e+20,0,0,0,0,0,0,0,0,0
15.056162794202717,7.966913687532229e+20,0,0,0,0,0,0,0,0,0
15.225124855856663,1.9607593862400075e+21,0,0,0,0,0,0,0,0,0
15.395983029997469,9.849532786198696e+20,0,0,0,0,0,0,0,0,0
15.568758595026495,9.00798272161518e+20,0,0,0,0,0,0,0,0,0
15.743473068133882,8.513017359693336e+20,0,0,0,0,0,0,0,0,0
15.920148207978242,1.1063095908211065e+21,0,0,0,0,0,0,0,0,0
16.098806017396456,9.883982696020102e+20,0,0,0,0,0,0,0,0,0
16.279468746143884,9.641976342855236e+20,0,0,0,0,0,0,0,0,0
16.462158893665304,1.0508634327372015e+21,0,0,0,0,0,0,0,0,0
16.646899211896947,1.3090894433628777e+21,0,0,0,0,0,0,0,0,0
16.83371270810001,1.238471539800338e+21,0,0,0,0,0,0,0,0,0
17.02262264772592,1.663682698126363e+21,0,0,0,0,0,0,0,0,0
17.213652557313793,1.1897121888162556e+21,0,0,0,0,0,0,0,0,0
17.406826227420378,1.0188903033888832e+21,0,0,0,0,0,0,0,0,0
17.602167715582908,9.981461629150666e+20,0,0,0,0,0,0,0,0,0
17.79970134931516,1.6754479597307408e+21,0,0,0,0,0,0,0,0,0
17.999451729137217,2.353021674323427e+21,0,0,0,0,0,0,0,0,0
18.201443731639117,2.559179070089358e+21,0,0,0,0,0,0,0,0,0
18.405702512578987,1.3270382737624717e+21,0,0,0,0,0,0,0,0,0
18.612253510015858,1.1844118385477642e+21,0,0,0,0,0,0,0,0,0
18.82112244747773,1.6512862908983974e+21,6.286799916293013e+20,0,0,0,0,0,0,0,0
19.032335337165097,1.572297173619297e+21,9.144178248544474e+20,0,0,0,0,0,0,0,0
19.245918483190508,1.2130595930862104e+21,8.86785217812169e+20,0,0,0,0,0,0,0,0
19.461898484854387,8.418847700715447e+20,1.35146912394614e+21,0,0,0,0,0,0,0,0
19.680302239957705,6.165940456864645e+20,1.1147333824184724e+21,0,0,0,0,0,0,0,0
19.901156948151765,5.037592036017705e+20,1.496168992484915e+21,0,0,0,0,0,0,0,0
20.124490114325635,4.279998301308257e+20,1.3790575863297564e+21,0,0,0,0,0,0,0,0
20.3503295520315,3.72879600031149e+20,1.645351056685951e+21,0,0,0,0,0,0,0,0
20.578703386948607,3.305336115155639e+20,1.6950509864521672e+21,0,0,0,0,0,0,0,0
20.80964006038592,2.971856761225595e+20,1.7391334977861777e+21,0,0,0,0,0,0,0,0
21.04316833282417,2.6994400413653218e+20,1.7482787977898256e+21,0,0,0,0,0,0,0,0
21.279317287497662,2.4732315283148102e+20,2.0749614368125752e+21,0,0,0,0,0,0,0,0
21.51811633401623,2.2847222711635352e+20,1.8853987894563116e+21,0,0,0,0,0,0,0,0
21.759595212027865,2.124065542148445e+20,1.8966848915951035e+21,0,0,0,0,0,0,0,0
22.003783994922482,1.9870057201666657e+20,1.9908339945693097e+21,0,0,0,0,0,0,0,0
22.25071309357713,1.868803480516167e+20,2.0018125244351035e+21,0,0,0,0,0,0,0,0
22.50041326014339,1.7663974671038366e+20,2.0987738778238688e+21,0,0,0,0,0,0,0,0
22.752915591877166,1.6772322579259143e+20,2.110417743357818e+21,0,0,0,0,0,0,0,0
23.00825153501149,1.5993058754610577e+20,2.152044312190762e+21,7.153982974059389e+19,0,0,0,0,0,0,0
23.266452888672774,1.530766987969861e+20,2.2022533083732545e+21,2.7164398323862736e+20,0,0,0,0,0,0,0
23.527551808841075,1.4706666839922981e+20,2.1569729458071866e+21,6.355929466410077e+20,0,0,0,0,0,0,0
23.79158081235466,1.4175013606175262e+20,1.9350138587288612e+21,9.37356167348992e+20,0,0,0,0,0,0,0
24.05857278095969,1.3705144182386059e+20,1.690293775703851e+21,1.2297934445409434e+21,0,0,0,0,0,0,0
24.328560965405167,1.3289668144707717e+20,1.4201955642230435e+21,1.421248682111639e+21,0,0,0,0,0,0,0
24.601578989584024,1.292086268351862e+20,1.2167196539938566e+21,1.648329613930713e+21,0,0,0,0,0,0,0
24.87766085472052,1.2592969951137484e+20,1.0647316566138535e+21,1.8138414612337016e+21,0,0,0,0,0,0,0
25.156840943604763,1.2302518632646975e+20,9.463464594639087e+20,1.9592726126623528e+21,0,0,0,0,0,0,0
25.439154024874604,1.2044888511868925e+20,8.506372903146656e+20,2.08877951817855e+21,0,0,0,0,0,0,0
25.724635257345735,1.1816581083713289e+20,7.715263001831565e+20,2.2074446745750502e+21,0,0,0,0,0,0,0
26.01332019439028,1.1614576291385582e+20,7.049521961342982e+20,2.3479974352151915e+21,0,0,0,0,0,0,0
26.305244788364558,1.1435873358006411e+20,6.482153963515111e+20,2.4570186220203116e+21,0,0,0,0,0,0,0
26.600445395086545,1.1278915448799096e+20,5.993826348826366e+20,2.5540237680473743e+21,5.732901932656653e+19,0,0,0,0,0,0
26.898958778363557,1.1141915655299842e+20,5.569738527761277e+20,2.6438577439868657e+21,1.7450353683125453e+20,0,0,0,0,0,0
27.20082211457075,1.1023705327321802e+20,5.198916242390297e+20,2.666829145510762e+21,3.191319661835677e+20,0,0,0,0,0,0
27.506072997281027,1.0923721732514988e+20,4.8729182035412084e+20,2.6038381771922405e+21,4.5962176815135975e+20,0,0,0,0,0,0
27.814749441946855,1.0842322648707134e+20,4.5848155795314206e+20,2.563297040719321e+21,6.94547020855119e+20,0,0,0,0,0,0
28.126889890634665,1.0780338118688632e+20,4.329189008513478e+20,2.477500110057635e+21,9.976569927632615e+20,0,0,0,0,0,0
28.442533216812347,1.0740530480923571e+20,4.1017131019936576e+20,2.3292920483103053e+21,1.3213508479770155e+21,0,0,0,0,0,0
28.761718730190545,1.0730675987607578e+20,3.89877141006048e+20,2.1279201867276723e+21,1.6189073266793078e+21,0,0,0,0,0,0
29.08448618161814,1.0758485350080017e+20,3.71780462656382e+20,1.9052965025964517e+21,1.9188277455036788e+21,0,0,0,0,0,0
29.41087576803281,1.0837036059101163e+20,3.556373173550257e+20,1.7087906545012255e+21,2.1720329024250134e+21,0,0,0,0,0,0
29.740928137467083,1.095975047534052e+20,3.412602856271728e+20,1.54550358515351e+21,2.405152569951062e+21,5.725299230967974e+19,0,0,0,0,0
30.074684394110577,1.111234341626442e+20,3.2856591223944144e+20,1.4078319809155228e+21,2.580428695050117e+21,1.6668851819637188e+20,0,0,0,0,0
30.412186103429057,1.128621775642546e+20,3.1763536785428906e+20,1.290724119215747e+21,2.6734413459292307e+21,3.222773888291694e+20,0,0,0,0,0
30.753475297340884,1.1449116861714465e+20,3.0850984685506e+20,1.18965463945337e+21,2.6969808196125815e+21,5.269543470681219e+20,0,0,0,0,0
31.098594479451684,1.154285686079359e+20,3.0133453925169896e+20,1.1020714806086887e+21,2.7306391606367187e+21,6.797103176902644e+20,0,0,0,0,0
31.447586630347608,1.1553879031377081e+20,2.95634964937777e+20,1.0255206579585909e+21,2.775828281626599e+21,8.000436044866803e+20,0,0,0,0,0
31.800495212948107,1.1496414715131427e+20,2.911792977025468e+20,9.585333471329932e+20,2.8143293402690366e+21,1.0035451241501512e+21,0,0,0,0,0
32.157364177918694,1.1370054361313545e+20,2.8755064351996854e+20,8.99959282558411e+20,2.831832645223643e+21,1.1983217661680458e+21,0,0,0,0,0
32.51823796914456,1.1215025909159998e+20,2.8352526080195582e+20,8.494060917269666e+20,2.802027728056094e+21,1.498368334452871e+21,4.707674708822196e+19,0,0,0,0
32.88316152926545,1.1082182827361368e+20,2.7817715660101947e+20,8.058230106803232e+20,2.7096448340673655e+21,1.8132269658226405e+21,2.245845597429712e+20,0,0,0,0
33.25218030527281,1.0996400666935917e+20,2.717533333392745e+20,7.679196256512083e+20,2.559467989853022e+21,2.004532585294847e+21,6.11932942717216e+20,0,0,0,0
33.625340254169664,1.092385088061151e+20,2.6459528500761867e+20,7.348432845507807e+20,2.3703055629587946e+21,2.1481844102973104e+21,6.438472816135149e+20,0,0,0,0
34.00268784869404,1.0843785911591297e+20,2.5707185524699847e+20,7.043613212450878e+20,2.177852552241399e+21,2.2848525041405135e+21,8.699245948332286e+20,0,0,0,0
34.38427008310658,1.0750143732474397e+20,2.50242504336268e+20,6.741477236039137e+20,2.007435175562789e+21,2.43176861543484e+21,1.0268765323147847e+21,0,0,0,0
34.77013447904312,1.0639447449344154e+20,2.4454717957174932e+20,6.43707686678065e+20,1.8616282903689033e+21,2.570078909012609e+21,1.237004438361961e+21,0,0,0,0
35.16032909143308,1.0498597203847086e+20,2.3936118703509445e+20,6.139081794839107e+20,1.7359244187001957e+21,2.6961416917470664e+21,1.3836606365628674e+21,4.9418164351477195e+19,0,0,0
35.554902514483935,1.030204546475062e+20,2.3425355332408692e+20,5.850982452922729e+20,1.6249233631419478e+21,2.8115852323283953e+21,1.4713724431159153e+21,2.6569291899629922e+20,0,0,0
35.95390388773325,1.0002115754515374e+20,2.2906325335417612e+20,5.588698809683327e+20,1.5228218162162848e+21,2.916332205711513e+21,1.45871999478624e+21,6.001243127168127e+20,0,0,0
36.35738290216833,9.507012722833896e+19,2.235984157122855e+20,5.356645926065113e+20,1.427208416518648e+21,3.004618350464091e+21,1.3777332040386808e+21,9.757182569381786e+20,0,0,0
36.765389806414724,8.785860957391161e+19,2.1735932593125612e+20,5.142234975191797e+20,1.3383101127082406e+21,3.0540066550789544e+21,1.4202856306242927e+21,1.1226034737101714e+21,0,0,0
37.17797541299401,7.954340557748249e+19,2.093763484111912e+20,4.938238659569909e+20,1.2562451470559604e+21,3.0376535042633383e+21,1.5655674211170276e+21,1.4031522817091838e+21,0,0,0
37.595191104652024,7.201756169265086e+19,1.9781620280349275e+20,4.7404165374960343e+20,1.1825674325922058e+21,2.9472527260235056e+21,1.7779482312702485e+21,1.609778557933631e+21,7.506275249870293e+19,0,0
38.01708884075792,6.758892817054978e+19,1.8224058502043415e+20,4.5407941084743755e+20,1.1165031902798326e+21,2.79639411576953e+21,2.025101565326194e+21,1.6849836493689788e+21,3.749048102889117e+20,0,0
38.443721163775095,6.524090360643283e+19,1.650356210785292e+20,4.3238620508414804e+20,1.0556760503865288e+21,2.609210205278845e+21,2.2718629674094806e+21,1.6194616687635726e+21,8.305104341730083e+20,0,0
38.87514120580478,6.396112654189448e+19,1.4967431769643408e+20,4.0589295517846313e+20,9.98770109582769e+20,2.418572939355131e+21,2.4933183588629396e+21,1.4321995546729765e+21,1.2500859936221705e+21,0,0
39.31140269520297,6.296333758032768e+19,1.4026415882150386e+20,3.7355696823131885e+20,9.442967845449416e+20,2.2461994995480734e+21,2.6831343252584294e+21,1.3472687851558179e+21,1.726544756397351e+21,0,0
39.752559963271786,6.191107833981927e+19,1.3470104838790308e+20,3.395819513428681e+20,8.895941691763446e+20,2.0923192421284347e+21,2.845201388074648e+21,1.326902318816283e+21,1.8385326880485545e+21,6.1962345365709365e+19,0
40.19866795102565,6.098109732443235e+19,1.310116128965589e+20,3.0978911614696496e+20,8.295766583992161e+20,1.9527578319141808e+21,2.981407816418708e+21,1.340376112377784e+21,1.9916423329617564e+21,3.508001550301048e+20,0
40.64978221603364,6.013108036292909e+19,1.277073056648589e+20,2.8974979712594208e+20,7.631969856648898e+20,1.8236773462256265e+21,3.0926598420685626e+21,1.3851180653682982e+21,1.9373849477637727e+21,8.294152255892037e+20,0
41.10595893933856,5.929161369079766e+19,1.2454536699485254e+20,2.758746250797565e+20,6.969688778236194e+20,1.7001538290519798e+21,3.162253399650523e+21,1.4729041716294989e+21,1.7196136945018573e+21,1.477987913928019e+21,0
41.567254932453565,5.83631460191165e+19,1.2168314378610246e+20,2.648034668154899e+20,6.401102691282249e+20,1.5736836473968187e+21,3.1701559171320397e+21,1.6130531042924744e+21,1.5467934142848356e+21,1.9135505225942908e+21,0
42.03372764443743,5.716197977548772e+19,1.1900062149475153e+20,2.5445965083886646e+20,5.985335652005233e+20,1.4441916838040148e+21,3.1038053451637336e+21,1.8052586050409873e+21,1.4807120653560266e+21,2.257089397700529e+21,2.1520709975208713e+20
42.50543516904913,5.523157924235471e+19,1.1630723312394256e+20,2.4490017140240407e+20,5.658014567014216e+20,1.3214353261065535e+21,2.9659457152289205e+21,2.037517148300035e+21,1.434158281884299e+21,2.3662099259324765e+21,6.239577798351106e+20
42.982436251982804,5.260689234426443e+19,1.1328982442917895e+20,2.3608480750497792e+20,5.371464260915695e+20,1.2188079428741248e+21,2.7648114359566514e+21,2.2781634074495746e+21,1.3903025716655825e+21,2.2196618384358008e+21,1.2418474344745221e+21
43.46479029818377,5.0080817650049565e+19,1.0918988308680032e+20,2.2771488679946938e+20,5.104171722711011e+20,1.1383297850259957e+21,2.535675618578002e+21,2.5004102568073143e+21,1.352443263397803e+21,1.9207639788530856e+21,2.0544962253626514e+21
43.95255737924679,4.857450826026176e+19,1.03755818617394e+20,2.1934004462772856e+20,4.858155691137412e+20,1.0702688247324973e+21,2.3168337688857873e+21,2.68319071151509e+21,1.3308320918595285e+21,1.735673670245365e+21,2.617453612204948e+21
44.44579824089713,4.76146319783103e+19,9.825565277558894e+19,2.0998591592679526e+20,4.6291956234752256e+20,1.0084346917647799e+21,2.1361560532899778e+21,2.8149024319152414e+21,1.3243270432613534e+21,1.613884298698746e+21,2.8669287243564e+21
44.94457431055604,4.690002220088044e+19,9.454010997691336e+19,1.986241512631814e+20,4.4104438533041226e+20,9.514716350330282e+20,1.9868016577545917e+21,2.9084978201588463e+21,1.33584790802329e+21,1.5165414142555345e+21,2.761126203606946e+21
45.44894770499053,4.6302266252957114e+19,9.202729535385041e+19,1.8701274019328246e+20,4.1894718917406825e+20,8.989728691888464e+20,1.8555371606068466e+21,2.9736939142475893e+21,1.3669625391183592e+21,1.443944939489669e+21,2.3337108459240143e+21
45.95898123804945,4.5757750612363534e+19,9.006888650266673e+19,1.7798541732157974e+20,3.9467275134094587e+20,8.498539705561517e+20,1.7361795177749514e+21,3.005870885956387e+21,1.4311812731059388e+21,1.3847429012163317e+21,2.002898025208183e+21
46.47473842848615,4.522702321763573e+19,8.838133941321541e+19,1.7126094482970005e+20,3.702223710872053e+20,8.023863068605655e+20,1.6275753968895902e+21,2.980029688229291e+21,1.5551396091973293e+21,1.314018130835416e+21,1.8055584219340297e+21
46.99628350786907,4.468120746769862e+19,8.683158040331826e+19,1.6565475235573354e+20,3.494538712487848e+20,7.536106097588234e+20,1.5278267820444138e+21,2.8909473965477074e+21,1.7585079230868389e+21,1.2115202551425833e+21,1.659473324009129e+21
47.523681428580986,4.40918854239023e+19,8.534048373658963e+19,1.6065750917092055e+20,3.3274617633648e+20,7.054247669535039e+20,1.4342136042741076e+21,2.7501553825248056e+21,2.012714694188104e+21,1.0977251237074925e+21,1.5352360456185082e+21
48.05699787190808,4.342089084871751e+19,8.384792206088887e+19,1.560365291795696e+20,3.182012609746227e+20,6.628382248783544e+20,1.342348692617149e+21,2.5833193294351916e+21,2.2713741564553795e+21,1.020303627276747e+21,1.391071573442646e+21
48.59629925621983,4.259265820269414e+19,8.229239520465851e+19,1.51651002044467e+20,3.049863622767424e+20,6.269757090530821e+20,1.2536409280968723e+21,2.4115769984717627e+21,2.5068559326288434e+21,1.0019165720638157e+21,1.2234742091890772e+21
49.14165274524058,4.140242752721325e+19,8.058682870071117e+19,1.4739293416533993e+20,2.9270504283482993e+20,5.950112750498683e+20,1.174203817963038e+21,2.2450469721900555e+21,2.7115091076365906e+21,1.027240396615064e+21,1.080407004189857e+21
49.69312625641402,3.983927620438488e+19,7.85304587189262e+19,1.4315027611200507e+20,2.8113571919163385e+20,5.6571537158299727e+20,1.1056509506986614e+21,2.0875724591008755e+21,2.8699235984808676e+21,1.098140122636727e+21,1.0039061009532513e+21
50.250788469361545,3.843127871549081e+19,7.57174370936755e+19,1.3875005181385615e+20,2.7008090580426562e+20,5.384515479879013e+20,1.04395390776596e+21,1.946410387133998e+21,2.960055623538029e+21,1.2274018995260608e+21,9.749393659677653e+20
50.81470883443548,3.717662585377364e+19,7.2567806583692165e+19,1.3375162545677214e+20,2.5934460459345278e+20,5.1285870185172913e+20,9.872985265899401e+20,1.8230988909194015e+21,2.9705989250339334e+21,1.4159863886488684e+21,9.596693141639197e+20
51.38495758136832,3.5856923969315054e+19,6.987936081203822e+19,1.2775602286664794e+20,2.4858695662279662e+20,4.886000179289523e+20,9.346874845334066e+20,1.7121129489787406e+21,2.9141114867332924e+21,1.648333227474052e+21,9.487941682297248e+20
51.961605728019,3.435747486502374e+19,6.729376407595378e+19,1.2187574511749643e+20,2.3694104864717328e+20,4.653090146288608e+20,8.854662453240162e+20,1.6106759629572869e+21,2.8034506605738e+21,1.90856841955929e+21,9.398199976064386e+20
52.54472508921745,3.2586022667631014e+19,6.449708504100864e+19,1.1669874553719957e+20,2.2458152287489494e+20,4.423053404826417e+20,8.390665403941342e+20,1.5172483856854934e+21,2.656322167957178e+21,2.180169981316586e+21,9.287935700271392e+20
53.134388285708184,3.0424607217456312e+19,6.129954678814249e+19,1.1152579887179039e+20,2.1328445795129065e+20,4.1840126086765576e+20,7.948177112591775e+20,1.430636498338823e+21,2.495912205068342e+21,2.440580252674561e+21,9.28848159244559e+20
53.7306687531943,2.7670390795611623e+19,5.750750258513308e+19,1.0597317693253935e+20,2.027689211917788e+20,3.950169076807029e+20,7.513048616600209e+20,1.3497147269616367e+21,2.339901695232457e+21,2.66533987093003e+21,9.720296979049942e+20
54.333640751483266,2.3817330866212364e+19,5.28282786979184e+19,9.975440642523428e+19,1.922052820332564e+20,3.737620311362503e+20,7.079054354450465e+20,1.2730770035557802e+21,2.1954230837365422e+21,2.834925297431883e+21,1.075984230173773e+21
54.94337937373501,1.8781107285893263e+19,4.65502943771262e+19,9.249821407944909e+19,1.811244930049834e+20,3.533997869382715e+20,6.673482009552202e+20,1.1983723809749805e+21,2.0610393100526682e+21,2.933187314878843e+21,1.2448209474126424e+21
55.55996055581387,1.461744528110994e+19,3.7881574114660704e+19,8.3462925955085e+19,1.6905960380273164e+20,3.330571371544142e+20,6.297080888946689e+20,1.1268110837823356e+21,1.9341509178136162e+21,2.952139674377455e+21,1.47508255168127e+21
56.183461085745456,1.2007740068066114e+19,2.9451593520387043e+19,7.116992402394988e+19,1.5526906619970968e+20,3.120993123788261e+20,5.933054754065811e+20,1.060952671391433e+21,1.8127552439574082e+21,2.896640417042967e+21,1.7529304466517556e+21
56.813958613279915,1.0032958798928312e+19,2.405700047729166e+19,5.721337980222768e+19,1.3791140280036046e+20,2.897043258163108e+20,5.571758273892869e+20,9.988366186089466e+20,1.700180300274669e+21,2.778489333919078e+21,2.049341175582885e+21
57.4515316595622,3.9880919023457265e+18,2.0159639173655482e+19,4.727703912299212e+19,1.1663737232403079e+20,2.640374610433843e+20,5.2033888389265424e+20,9.387369361457404e+20,1.59641027230953e+21,2.624973666431208e+21,2.333004355132512e+21
58.0962596269108,1.4196907049406362e+17,1.1311317439480836e+19,4.039440550977583e+19,9.90205867882834e+19,2.328197613445696e+20,4.810279602191784e+20,8.793491162674498e+20,1.4983884423658707e+21,2.463243014303108e+21,2.576318407126173e+21
58.74822280870673,1.3229695440683749e+17,2.0892602547960778e+18,2.9778907403495346e+19,8.689900184128945e+19,2.032189214394823e+20,4.3574011554809964e+20,8.188778628956762e+20,1.404048184512067e+21,2.306507045740062e+21,2.760468444972479e+21
59.407502399392726,1.2329718682623554e+17,1.950460067674702e+18,1.2680950443040666e+19,7.407244022249624e+19,1.81939578236398e+20,3.8883240492761625e+20,7.532615263509862e+20,1.311236203495249e+21,2.1576907462317955e+21,2.871634197428957e+21
60.07418050458552,1.1491985582818246e+17,1.8206517363478927e+18,1.1496656887769444e+19,4.82804584505893e+19,1.639582278386627e+20,3.523646420742098e+20,6.829757163844858e+20,1.2156876793005214e+21,2.014299579288541e+21,2.899355572824924e+21
60.74834015130066,1.0711995762741142e+17,1.6992154886150996e+18,1.0756640691013091e+19,4.170153698749303e+19,1.285988699726908e+20,3.229320123537016e+20,6.236736227293439e+20,1.113946707605969e+21,1.8721958992596008e+21,2.8469608200561303e+21
61.43006529829299,9.985811828223808e+16,1.5857082255155295e+18,1.0064544973353538e+19,3.906527662856838e+19,1.1134560374063956e+20,2.764334619129454e+20,5.7577500649941107e+20,1.0221568237941247e+21,1.7250497353145236e+21,2.7256487596077807e+21
62.11944084651253,9.309736978068203e+16,1.4797235226204833e+18,9.417303927028642e+18,3.6597990768632762e+19,1.0449150183013486e+20,2.4277532455737573e+20,5.145916403975357e+20,9.472763196882974e+20,1.586164692175128e+21,2.5526835432856344e+21
62.81655264967779,8.680082010784933e+16,1.380744106165157e+18,8.811494434142798e+18,3.428890971950162e+19,9.805817319351656e+19,2.2817309171490688e+20,4.5764108204719276e+20,8.652242261249651e+20,1.4707383559972895e+21,2.3604494880403565e+21
63.52148752496825,8.093601920420267e+16,1.2883905014440369e+18,8.244312121370269e+18,3.2128598211354108e+19,9.201976622154313e+19,2.1446523076946012e+20,4.305637504129687e+20,7.777310024172263e+20,1.3572845622835303e+21,2.1891357107566677e+21
64.23433326383578,7.547283046893218e+16,1.2023483926909489e+18,7.713243681841916e+18,3.010704488678426e+19,8.63536538755037e+19,2.015936253494151e+20,4.0519470497891844e+20,7.31211931852522e+20,1.2299731994810578e+21,2.0295514604042057e+21
64.95517864293879,7.0383756670156216e+16,1.1221632642044026e+18,7.215792480449816e+18,2.8214342248981266e+19,8.103869164218448e+19,1.895024777056081e+20,3.813667799475574e+20,6.886507388377129e+20,1.1533401135469906e+21,1.8503384227977274e+21
65.68411343519789,6.564192422946929e+16,1.0474017354791626e+18,6.749927244355112e+18,2.644132624283472e+19,7.605367322119977e+19,1.7813701111621416e+20,3.589743460463393e+20,6.486884483121771e+20,1.0858575937982697e+21,1.7287434863670345e+21
66.42122842097602,6.122265548216444e+16,9.776834429191511e+17,6.313696811657465e+18,2.4779145848207667e+19,7.137870204846905e+19,1.6745134620296685e+20,3.379209111210051e+20,6.111491118577784e+20,1.0227773202655657e+21,1.6243149662622984e+21
67.16661539938443,5.710550870830406e+16,9.126893779461133e+17,5.90555582547489e+18,2.3221057309369692e+19,6.699716096816193e+19,1.5741038697076756e+20,3.181264316504907e+20,5.758846176071114e+20,9.637423597672417e+20,1.5271844214059001e+21
67.92036719971476,5.326694113324673e+16,8.520438395290108e+17,5.523689593309746e+18,2.1759044162709533e+19,6.288666186478084e+19,1.4797216020128714e+20,2.994987880253715e+20,5.427223020823471e+20,9.083843816678565e+20,1.436745741054276e+21
68.68257769300033,4.968962837757512e+16,7.954774073122835e+17,5.166859430520274e+18,2.0388110647624077e+19,5.903028538525304e+19,1.3910713499178785e+20,2.8197393593768133e+20,5.115352952876856e+20,8.564656554945481e+20,1.3525379777624238e+21
69.45334180370615,4.635434750153037e+16,7.426880733332122e+17,4.833291355778182e+18,1.910242344295119e+19,5.540902108147589e+19,1.3077827706936163e+20,2.654784650609681e+20,4.821788824620538e+20,8.077121226452396e+20,1.274034093729485e+21
70.23275552155118,4.324480541133253e+16,6.934161894463756e+17,4.5215315280639314e+18,1.7897172375474082e+19,5.2006843530531095e+19,1.2295295144387335e+20,2.4995441990879068e+20,4.5454010686258315e+20,7.618924306747991e+20,1.200761998576567e+21
71.02091591346247,4.034564282682219e+16,6.474209068011328e+17,4.22999452116609e+18,1.6768160654794424e+19,4.881000449137066e+19,1.155977012387371e+20,2.3534677104807277e+20,4.285139565376554e+20,7.187961442573407e+20,1.1322851527597566e+21
71.81792113566357,3.764213682542592e+16,6.04483918354141e+17,3.957372063420294e+18,1.5710872977502415e+19,4.580668882294231e+19,1.0868111863988668e+20,2.216021878631973e+20,4.0400255776625774e+20,6.782354926145189e+20,1.0681820975440459e+21
72.62387044589916,3.51206826756687e+16,5.643912579580538e+17,3.70235717473141e+18,1.4721359220685335e+19,4.298632729078402e+19,1.021733593418616e+20,2.086660117328057e+20,3.809134757757053e+20,6.400458353541322e+20,1.0080657561431285e+21
73.43886421579596,3.2769367180195396e+16,5.269468084601414e+17,3.46370699998369e+18,1.379506100422597e+19,4.033902911731008e+19,9.604976128319303e+19,1.9648590056935817e+20,3.5916202276055233e+20,6.040786815647588e+20,9.516042926536799e+20
74.26300394336333,3.0576304425659068e+16,4.919661836429156e+17,3.2403906479056374e+18,1.2927766172285837e+19,3.785515128943699e+19,9.028760804257898e+19,1.850118051991983e+20,3.3866367857191204e+20,5.70189397865172e+20,8.985221986103677e+20
75.09639226563343,2.8530357838243344e+16,4.5928093091293574e+17,3.031273086995544e+18,1.2115359545205207e+19,3.5525508849799455e+19,8.486727333057631e+19,1.7420025496298688e+20,3.193387653006235e+20,5.382422639004151e+20,8.485859190450158e+20
75.93913297144324,2.6621410391548104e+16,4.287399043008785e+17,2.835524408263829e+18,1.1354371589930818e+19,3.334070514983513e+19,7.977133402821783e+19,1.6401374971258244e+20,3.0111728151615314e+20,5.081164956259519e+20,8.01582029504403e+20
76.7913310143609,2.4840199769035436e+16,4.001918196545743e+17,2.6521704270754545e+18,1.0641231306196247e+19,3.129108119627225e+19,7.498192509878185e+19,1.5441669617341275e+20,2.8393190362042915e+20,4.796963565638587e+20,7.5729581480998e+20
77.65309252575557,2.317849534468306e+16,3.735027295898166e+17,2.4803862334497674e+18,9.9728332953291e+18,2.9367869971137618e+19,7.048186409886975e+19,1.4537818530634886e+20,2.6772251170062064e+20,4.5288106636300675e+20,7.155395951358225e+20
78.5245248280157,2.1627914569431424e+16,3.485494162619448e+17,2.319390216978984e+18,9.345996940775838e+18,2.7562543353960124e+19,6.62522524092314e+19,1.3686737621216872e+20,2.5243184555900296e+20,4.2757218717636546e+20,6.76145184544711e+20
79.4057364479144,2.0181219888478064e+16,3.252205863821143e+17,2.1684474188133066e+18,8.757971835385418e+18,2.5867479513559536e+19,6.227622810660901e+19,1.2885592346301994e+20,2.3801192044524057e+20,4.036837513294988e+20,6.38975036380751e+20
80.29683713012506,1.883152398868955e+16,3.0343063949643085e+17,2.0270122951025587e+18,8.206235914091113e+18,2.4275154578246545e+19,5.853714235049952e+19,1.2131309279780962e+20,2.2441519174232044e+20,3.811333510734649e+20,6.038934313239291e+20
81.19793785088912,1.7572638236037724e+16,2.8308410668666938e+17,1.8945061739423288e+18,7.68844102606841e+18,2.2778812190375043e+19,5.5019028371822e+19,1.1420798224391304e+20,2.1159334120202286e+20,3.598432560022599e+20,5.7076900954782984e+20
82.10915083183649,1.6398617281501132e+16,2.6408979018936013e+17,1.7704611211545684e+18,7.202667552065936e+18,2.137287924239753e+19,5.170820676711564e+19,1.0751231965199899e+20,1.9949821256021433e+20,3.397409927368096e+20,5.3948192126472854e+20
83.03058955396189,1.5303856075272028e+16,2.463812553983419e+17,1.654464461809268e+18,6.747069980165161e+18,2.005235430637758e+19,4.859286710904676e+19,1.0120274378434884e+20,1.880866776142971e+20,3.2075841689385225e+20,5.0992407078200246e+20
83.96236877175706,1.4282748930074168e+16,2.298752199201137e+17,1.5460722948825718e+18,6.320033280323966e+18,1.8812263453897806e+19,4.566149977396803e+19,9.52560221005965e+19,1.77317087987288e+20,3.0282722193689595e+20,4.8198912874013105e+20
84.90460452750263,1.3330199004565348e+16,2.14487369236098e+17,1.4448510036335834e+18,5.919900219965478e+18,1.7648326920167717e+19,4.290393672628633e+19,8.965145552698607e+19,1.6715227994677913e+20,2.85885772888356e+20,4.5558267686659424e+20
85.85741416571959,1.2441875714381892e+16,2.0014603637488166e+17,1.350354644407647e+18,5.545292911442481e+18,1.6556765552421186e+19,4.031201911542197e+19,8.437203156464452e+19,1.575616113295919e+20,2.6988263856252672e+20,4.306244656203401e+20
86.82091634778297,1.1613099801176962e+16,1.867733444906455e+17,1.2620910698299638e+18,5.194420146664397e+18,1.553313877769517e+19,3.787616090329829e+19,7.93995116888761e+19,1.485109205848394e+20,2.547605462493934e+20,4.070238321445256e+20
87.79523106670024,1.083997366125147e+16,1.7430469235946378e+17,1.179635228023934e+18,4.865726434237862e+18,1.457308576472164e+19,3.5587516706311504e+19,7.471850143894818e+19,1.3997398614374334e+20,2.4047376625881707e+20,3.8470661621221156e+20
88.78047966205449,1.0118767589144884e+16,1.626789155723723e+17,1.1026144708885112e+18,4.5578012903795855e+18,1.3672532903705958e+19,3.34369004978122e+19,7.0311782126704845e+19,1.3192338522310045e+20,2.269792666071851e+20,3.636025876729051e+20
89.77678483511644,9.44588352017531e+15,1.518370802512087e+17,1.0306412671811348e+18,4.269194480984886e+18,1.2827489237739753e+19,3.1415227259827708e+19,6.616202589913293e+19,1.2432964131675919e+20,2.142321313162951e+20,3.43644165675481e+20
90.78427066412486,8.818059840641235e+15,1.4172507229473587e+17,9.633761541980369e+17,3.9986911510000543e+18,1.2034388140249553e+19,2.951436778233753e+19,6.225349978657952e+19,1.1716593934924022e+20,2.0218961310081876e+20,3.247679666944583e+20
91.80306261973966,8.232255498919986e+15,1.322930973825976e+17,9.005133746956607e+17,3.745067219789725e+18,1.1289911260466991e+19,2.7726767695009096e+19,5.8571522729250144e+19,1.1040672868619005e+20,1.9081152261600428e+20,3.069137813084538e+20
92.8332875806673,7.685689435847107e+15,1.2349586517826123e+17,8.417443348334121e+17,3.5073026721009633e+18,1.0590963362889499e+19,2.604555663660948e+19,5.5102871128472084e+19,1.0402960746230915e+20,1.8006186042994137e+20,2.900267299932474e+20
93.87507384946227,7.175614659440342e+15,1.1528847258184733e+17,7.867992204242569e+17,3.2842545009496996e+18,9.934534041299372e+18,2.446394943344175e+19,5.183510356593749e+19,9.80124733607803e+19,1.699043720840779e+20,2.7405094543575686e+20
94.92855116850595,6.699647761887005e+15,1.0763152326473051e+17,7.354205320074991e+17,3.0750630091725727e+18,9.317947480106226e+18,2.2976492552021524e+19,4.8757532091957666e+19,9.233661388642951e+19,1.6030812715460772e+20,2.5893838835684825e+20
95.99385073616388,6.255424170574169e+15,1.0048648896279893e+17,6.873597354864612e+17,2.878735609523919e+18,8.738748458936388e+18,2.1577833492707107e+19,4.585942354959184e+19,8.698285454727827e+19,1.5124169599126113e+20,2.446402209063782e+20
97.07110522312568,5.84090454837074e+15,9.382045127172523e+16,6.424166509425322e+17,2.69454174168464e+18,8.194986107156397e+18,2.0263410727470887e+19,4.3131606785600676e+19,8.193483014550413e+19,1.4267822028606448e+20,2.3111557272710342e+20
98.16044878892733,5.454017969463127e+15,8.759957494724162e+16,6.00363317120766e+17,2.5216411187953797e+18,7.684572343257633e+18,1.902846522138302e+19,4.056444394638944e+19,7.717527988165881e+19,1.3458962952584144e+20,2.1832159066894202e+20
99.26201709865884,5.092914313189492e+15,8.179369577463366e+16,5.610236314917511e+17,2.3594151894460964e+18,7.205634877191172e+18,1.7868602938380827e+19,3.814885358041709e+19,7.268743708872243e+19,1.2694890042100826e+20,2.0621855426149e+20
100.37594733986059,4.755858943578893e+15,7.637477816247259e+16,5.242051721423195e+17,2.207287625154135e+18,6.75643849582677e+18,1.677949935618941e+19,3.587549295858704e+19,6.845505846848757e+19,1.1973036691820978e+20,1.9476999948570844e+20
101.50237823960748,4.44126104228503e+15,7.131706765751185e+16,4.897482855365676e+17,2.0647471117402598e+18,6.33525151768088e+18,1.575665720505455e+19,3.3735714888708542e+19,6.446324046443256e+19,1.1291110755807933e+20,1.8394238296017637e+20
102.64145008178672,4.147611322353675e+15,6.6595967072254744e+16,4.574959592902287e+17,1.931302289672226e+18,5.94036518669433e+18,1.4795814935670823e+19,3.1721313762656354e+19,6.0697701990827565e+19,1.0647074043535294e+20,1.737029506133412e+20
103.79330472456766,3.8734758552452725e+15,6.218829062313007e+16,4.272963305103645e+17,1.806444984740655e+18,5.569922977392557e+18,1.3892976905056653e+19,2.9824379184689824e+19,5.714535461075755e+19,1.0038887810877265e+20,1.6401972581506007e+20
104.95808561806932,3.61759109678302e+15,5.807376242035911e+16,3.990403028211254e+17,1.6897454846868588e+18,5.222433416756266e+18,1.3044647366415802e+19,2.803795677260171e+19,5.3795988112295305e+19,9.46476471618565e+19,1.548644964199786e+20
106.13593782222515,3.378708803093185e+15,5.423216141139734e+16,3.726059319176079e+17,1.580671429691889e+18,4.896378633853072e+18,1.2247268369604428e+19,2.6355195123101905e+19,5.063897077080415e+19,8.922881037462176e+19,1.4620790684256063e+20
107.32700802484821,3.155695661785289e+15,5.064509430075098e+16,3.47893725713861e+17,1.4786928886112202e+18,4.590386064453849e+18,1.14976368461549e+19,2.4770537448138174e+19,4.766441625719496e+19,8.411492776849675e+19,1.3802163150436744e+20
108.5314445599002,2.9474898355654425e+15,4.729551793151828e+16,3.248075515405473e+17,1.3833237270337175e+18,4.303178674715527e+18,1.0792782407253076e+19,2.3279108628234072e+19,4.486275494314944e+19,7.928887672628514e+19,1.3027903489372535e+20
109.74939742596386,2.753101221878753e+15,4.4167514999687096e+16,3.032558242717127e+17,1.2941240951426972e+18,4.0335442332842153e+18,1.0129932620571183e+19,2.187621366878914e+19,4.222462550204282e+19,7.473270555005533e+19,1.2295546524062173e+20
110.98101830492443,2.571605467672228e+15,4.124618940760055e+16,2.8315023617340368e+17,1.2106824271143716e+18,3.780364463825262e+18,9.506522033195848e+18,2.0557261673356673e+19,3.974046677587113e+19,7.0430531102200545e+19,1.1602809873149369e+20
112.2264605808591,2.4021632487960885e+15,3.8517914681935144e+16,2.6439434837066797e+17,1.1326226814805299e+18,3.5426270656161966e+18,8.920510304572685e+18,1.9317922780703298e+19,3.740025695085107e+19,6.636804181896346e+19,1.0947864082650456e+20
113.48587935913952,2.2439413724955425e+15,3.596937342125204e+16,2.468925869386402e+17,1.0595788327230652e+18,3.3193208035796424e+18,8.36988929569374e+18,1.8153627456999545e+19,3.51946367624317e+19,6.253076097424301e+19,1.0328885732446806e+20
114.75943148574873,2.0962115661339845e+15,3.3588963732960196e+16,2.3056180869339517e+17,9.912223327708069e+17,3.109546580511924e+18,7.852945985844378e+18,1.7059689740697831e+19,3.311573380479438e+19,5.890686552234837e+19,9.744171651715696e+19
116.04727556681377,1.9582674537799678e+15,3.1365513800177412e+16,2.1532185861451626e+17,9.272481805438753e+17,2.912447596068446e+18,7.367970307658275e+18,1.6031251987711764e+19,3.115589626672852e+19,5.5486125232786694e+19,9.191988760464451e+19
117.34957198835889,1.829454696811568e+15,2.9289080531684836e+16,2.0109788923391216e+17,8.67358499569385e+17,2.727238627045865e+18,6.913184071390416e+18,1.5063929747079105e+19,2.9308008864162824e+19,5.225921324954671e+19,8.670613981969067e+19
118.66648293627956,1.7091659874192825e+15,2.735001666066795e+16,1.8782109792025622e+17,8.112916183719575e+17,2.553262872718971e+18,6.486816697843331e+18,1.4153924687153975e+19,2.7565398070764904e+19,4.9217018995175236e+19,8.178331237206799e+19
119.99817241654046,1.596846958643814e+15,2.5539527057951548e+16,1.7542860834504742e+17,7.58795884815792e+17,2.389981010338363e+18,6.086952501228354e+18,1.32977803823545e+19,2.5922582700116836e+19,4.635071089156e+19,7.713327680168665e+19
121.34480627560124,1.4919582148998475e+15,2.384935844041741e+16,1.6385931922884867e+17,7.09639482731526e+17,2.2368702092792607e+18,5.71167297700282e+18,1.2492092339280333e+19,2.4374534530035343e+19,4.3650650056635924e+19,7.27378663499642e+19
122.70655222106998,1.3940100065850132e+15,2.2271739910792064e+16,1.530588942129541e+17,6.635979276915497e+17,2.093437066754284e+18,5.35929067974161e+18,1.173380464448784e+19,2.2917062479025615e+19,4.110747208873583e+19,6.85826516060903e+19
124.08357984259004,1.3025326565590412e+15,2.0799020849504908e+16,1.4297454780500126e+17,6.204753033432415e+17,1.9591997292892849e+18,5.02822809209482e+18,1.1019959139130214e+19,2.1545981139606565e+19,3.8710463338422845e+19,6.465390434401736e+19
125.47606063295963,1.2171015696258112e+15,1.942423317441377e+16,1.335589421690718e+17,5.800719703731726e+17,1.8336997866465257e+18,4.717173890586308e+18,1.0347865733765687e+19,2.025710020904915e+19,3.6449783733714047e+19,6.093940960711643e+19
126.88416800949,1.1373158190292208e+15,1.814082908217736e+16,1.247672075505331e+17,5.4222183818579405e+17,1.7163874673227648e+18,4.4248556444609454e+18,9.715238022604153e+18,1.9046128816323842e+19,3.4316766493690094e+19,5.7429216775531766e+19
128.30807733560223,1.0628068949097242e+15,1.6942667031174654e+16,1.1655701694730109e+17,5.0675091648390285e+17,1.6066937972585226e+18,4.150102607218708e+18,9.12009119739813e+18,1.7908277860988006e+19,3.2303863623846285e+19,5.411452972306245e+19
129.74796594266638,9.932218427851786e+14,1.5823995432990078e+16,1.0888951737257067e+17,4.735203561562561e+17,1.5040909350643336e+18,3.891819422892736e+18,8.560585616020932e+18,1.6838400241503422e+19,3.0403956912837804e+19,5.098704595133325e+19
131.20401315208687,9.282337864426835e+14,1.4779625326563692e+16,1.0172894317472931e+17,4.424020046672515e+17,1.408097375196813e+18,3.6490088954576353e+18,8.035086845767219e+18,1.5831879069575324e+19,2.8610620384469823e+19,4.803892046762093e+19
132.67640029763393,8.675308884424411e+14,1.3804473900574446e+16,9.504066091423586e+16,4.132783836101196e+17,1.3182438453999667e+18,3.4206693012700165e+18,7.54190331705836e+18,1.4884277456408564e+19,2.6918095644992975e+19,4.5261011495501505e+19
134.16531074802722,8.108334300930472e+14,1.2893969045153438e+16,8.879369408148954e+16,3.860405754370617e+17,1.2341152564860157e+18,3.2059228896823834e+18,7.079476926381965e+18,1.3991843719428714e+19,2.532175871563921e+19,4.264416918387638e+19
135.67092992977237,7.578852462028146e+14,1.204381092137145e+16,8.295824388033702e+16,3.6058601356550765e+17,1.15531977373719e+18,3.0039400023198326e+18,6.645978094460776e+18,1.315124264409036e+19,2.3817372512180134e+19,4.017779225789906e+19
137.19344535025303,7.084342244596768e+14,1.1249963500095174e+16,7.750719465679445e+16,3.368159179417878e+17,1.0815136643316068e+18,2.8139964716228966e+18,6.239391248764931e+18,1.2359326625641834e+19,2.2400984027214836e+19,3.785137457024568e+19
138.73304662108362,6.622391348013459e+14,1.0508644474060916e+16,7.241452081461394e+16,3.1462711230780134e+17,1.0123674237807242e+18,2.6354801468724536e+18,5.857803228799479e+18,1.1613152600455913e+19,2.1068759093463265e+19,3.5655255170350334e+19
140.28992548172238,6.190897619485151e+14,9.816415845202238e+15,6.765670542845056e+16,2.939148981348772e+17,9.475876236554811e+17,2.467867996112678e+18,5.499467645560086e+18,1.0910026738439094e+19,1.9816779223466516e+19,3.3581065929270985e+19
141.86427582335108,5.78785469227508e+14,9.169958487471664e+15,6.3211383619111496e+16,2.745782327307625e+17,8.868847578541444e+17,2.310649126706164e+18,5.16271463200791e+18,1.024747762160487e+19,1.8640361964059947e+19,3.1621588971648733e+19
143.45629371302115,5.411476184086264e+14,8.566264391993273e+15,5.905765450223001e+16,2.565254774827279e+17,8.299980870312276e+17,2.1633591490471421e+18,4.846056890181278e+18,9.62353235093644e+18,1.753437085783342e+19,2.9770331244237775e+19
145.0661774180723,5.0599447521064656e+14,8.00249766615465e+15,5.517657458850511e+16,2.396705711308623e+17,7.766811210721414e+17,2.0255098607395e+18,4.5481771271141207e+18,9.036407437940833e+18,1.6493868925225476e+19,2.8021442328416494e+19
146.69412743082407,4.731536351521939e+14,7.475995319031218e+15,5.154969322619565e+16,2.2393283576264083e+17,7.267044592743214e+17,1.8965923412157755e+18,4.2679187806015386e+18,8.484435596701657e+18,1.5514239780708026e+19,2.637022931350067e+19
148.3403464935444,4.424729517510623e+14,6.984270786808566e+15,4.816017525775356e+16,2.0923699070353578e+17,6.798535722265366e+17,1.776016450536738e+18,4.004200226236771e+18,7.966001943019827e+18,1.4591242807472785e+19,2.481253418707402e+19
150.00503962369976,4.138101356376974e+14,6.525059957942635e+15,4.499258408863686e+16,1.9551394178750035e+17,6.359283059819478e+17,1.6632405297704655e+18,3.756033949115766e+18,7.479576264450786e+18,1.3721169733996941e+19,2.3344614986853237e+19
151.68841413948672,3.8702727642191656e+14,6.096178462908679e+15,4.2031925079511944e+16,1.8269750395218518e+17,5.947407011655177e+17,1.5577409301533458e+18,3.5224531057092454e+18,7.023475995849649e+18,1.2900781668226996e+19,2.1962758957445304e+19
153.39067968565178,3.619897285625928e+14,5.695607919262022e+15,3.926505913812532e+16,1.7072673140611296e+17,5.561146885528165e+17,1.4590200117544284e+18,3.3025621483307013e+18,6.595783587754185e+18,1.2127124756096954e+19,2.066329682037279e+19
155.11204825959993,3.3857803575723475e+14,5.32146505208066e+15,3.667940911392516e+16,1.595447194630152e+17,5.1989686818364736e+17,1.3666115814555018e+18,3.095533057649091e+18,6.194553536971067e+18,1.139741951523346e+19,1.9442212395310186e+19
156.85273423779603,3.166869722911698e+14,4.972022208702899e+15,3.426355720147895e+16,1.490989686140271e+17,4.8595753552367155e+17,1.2800829558596618e+18,2.900716304222182e+18,5.81794170860096e+18,1.0709221595997772e+19,1.8294477461946085e+19
158.61295440246383,2.962163043091112e+14,4.645627606657734e+15,3.200665438743611e+16,1.3933957649294299e+17,4.5417370613634086e+17,1.1990215291772303e+18,2.717533214819128e+18,5.464177319539332e+18,1.0060505404344173e+19,1.7214935152862575e+19
160.39292796858274,2.7707448395384984e+14,4.340768641837877e+15,2.9898673248243324e+16,1.3022148889568251e+17,4.2443017181703635e+17,1.1230543627217354e+18,2.5454716860457795e+18,5.131640401893095e+18,9.44951861397348e+18,1.6198810491660333e+19
162.19287661118892,2.591740776787813e+14,4.05599613636036e+15,2.793010130660455e+16,1.2170174453316062e+17,3.966190239164691e+17,1.051832855195806e+18,2.384036219312365e+18,4.818807746307708e+18,8.874604322093257e+18,1.5241556492140937e+19
164.01302449298274,2.4243421182822078e+14,3.789991258961052e+15,2.609167226919051e+16,1.1374058876611846e+17,3.706330556530407e+17,9.850483576260086e+17,2.2327490613190497e+18,4.5243053481495306e+18,8.334241687564619e+18,1.4339031898176463e+19
165.85359829224464,2.267802422450443e+14,3.5415300461500995e+15,2.4374834805574716e+16,1.0630152643160237e+17,3.4636545159694694e+17,9.224189549498232e+17,2.09114786416466e+18,4.246977723611888e+18,7.826918248235171e+18,1.3487535892211114e+19
167.71482723106652,2.1214011732202444e+14,3.309425087954109e+15,2.2771354997181284e+16,9.934923674224725e+16,3.236993116274374e+17,8.636767404975653e+17,1.9586643975070382e+18,3.985762597689316e+18,7.350991075422599e+18,1.2683870959756648e+19
169.5969431038974,1.984490245405661e+14,3.0926071962971515e+15,2.1273831731472572e+16,9.285214894997838e+16,3.025296188053649e+17,8.085810830487825e+17,1.8347109067470853e+18,3.7397064278809923e+18,6.904616939718148e+18,1.1925309936306102e+19
171.50018030641192,1.8564456355096588e+14,2.8900656614255075e+15,1.987515594121271e+16,8.677977000864946e+16,2.8275558271033606e+17,7.568945073244269e+17,1.7187226096804099e+18,3.5078958459402593e+18,6.48589586457429e+18,1.1209223672469993e+19
173.42477586470054,1.7366941378443266e+14,2.700864959900268e+15,1.85688052465261e+16,8.11042644317028e+16,2.642847868389647e+17,7.084021016852978e+17,1.6101814994595044e+18,3.2894807221789517e+18,6.09300592274245e+18,1.0533543678254438e+19
175.37096946478925,1.624694732815715e+14,2.5241164657051815e+15,1.7348634705807896e+16,7.579930612008038e+16,2.4703022041942656e+17,6.629013313611482e+17,1.5085994271868375e+18,3.0837332885112335e+18,5.724131955146627e+18,9.896519126217255e+18
177.3390034824894,1.5199432641806338e+14,2.358992817131568e+15,1.6208926743426694e+16,7.084055928434922e+16,2.30910971991233e+17,6.202041549947044e+17,1.4135143384310193e+18,2.8900673529950643e+18,5.377555863814238e+18,9.296552053339759e+18
179.3291230135822,1.4219690249859403e+14,2.2047361289495025e+15,1.5144351307211916e+16,6.620504850891466e+16,2.1585165669501453e+17,5.801354696080731e+17,1.3244817525659937e+18,2.707966704764325e+18,5.051664415896431e+18,8.732149286192181e+18
181.34157590434373,1.3303327390924094e+14,2.0606310386727835e+15,1.4149941697075244e+16,6.187169375796211e+16,2.0178206613049357e+17,5.425500048346863e+17,1.24108409469233e+18,2.536954291333319e+18,4.744965913102488e+18,8.201847387433264e+18
183.37661278240995,1.2446212279817425e+14,1.9260002749716188e+15,1.3221034069234114e+16,5.78203154574387e+16,1.886363068647337e+17,5.073145927240262e+17,1.162927882023575e+18,2.37655734816698e+18,4.45609295919624e+18,7.704108533084477e+18
185.4344870879909,1.1644524473234775e+14,1.8002241851029975e+15,1.2353321418670172e+16,5.403270108931127e+16,1.7635350458799437e+17,4.743062778159723e+17,1.0896510032327105e+18,2.2263122964049513e+18,4.183853148645703e+18,7.237174573590741e+18
187.5154551054323,1.0894642049331175e+14,1.68271934642891e+15,1.1542727907203446e+16,5.049119190427543e+16,1.6487562206261405e+17,4.434105493839465e+17,1.0209150956068188e+18,2.085696655188395e+18,3.92724147346139e+18,6.799084961481186e+18
189.61977599513395,1.0193219784127773e+14,1.5729423498762102e+15,1.0785493619689194e+16,4.718008315456168e+16,1.5414927443636957e+17,4.1451741602587725e+17,9.564141568271328e+17,1.9540954198534781e+18,3.6853366134708173e+18,6.388025352016483e+18
191.74771182582492,9.537108728009922e+13,1.470379992927995e+15,1.0078084923994956e+16,4.408448567259485e+16,1.441240672249929e+17,3.8751742551967085e+17,8.958788832465092e+17,1.8309198642027763e+18,3.4572665322595113e+18,6.002253086040168e+18
193.89952760719987,8.923366370468766e+13,1.3745591262704542e+15,9.417204595727516e+15,4.119085745652235e+16,1.3475315597729133e+17,3.622901046244856e+17,8.39058382348069e+17,1.715620641653202e+18,3.2422683285959117e+18,5.640013091968214e+18
196.07549132292522,8.349252503225292e+13,1.2850374231694942e+15,8.799786218487781e+15,3.848633498460624e+16,1.2599290671198117e+17,3.387181834306671e+17,7.857204037634523e+17,1.607686853033946e+18,3.0397454814791506e+18,5.299628099469698e+18
198.27587396401128,7.812201925703167e+13,1.2013976931643675e+15,8.222963338403976e+15,3.5959144831246804e+16,1.178025842025879e+17,3.1669211856027795e+17,7.356459237732348e+17,1.5066408253637617e+18,2.8491669601160207e+18,4.979510762735123e+18
200.50094956256248,7.309817984377822e+13,1.123254281108478e+15,7.684061539866517e+15,3.359803495582723e+16,1.1014465708284837e+17,2.9610977492146355e+17,6.886302800706866e+17,1.4120367883932662e+18,2.6700469879478154e+18,4.678184310118395e+18
202.75099522590435,6.839840621352248e+13,1.0502449836517465e+15,7.180562822713125e+15,3.139246267681796e+16,1.0298380969763402e+17,2.768750545591147e+17,6.444804255501576e+17,1.323444325939259e+18,2.5019244102692285e+18,4.394285710146605e+18
205.0262911710934,6.400182075336874e+13,9.820340816334962e+14,6.710143752705932e+15,2.9332192693064748e+16,9.628765272383086e+16,2.5889933682241584e+17,6.03025927506119e+17,1.2404527924033172e+18,2.3443300973751347e+18,4.126602242575886e+18
207.3271207598163,5.9888741376590016e+13,9.183042143262728e+14,6.270617310130172e+15,2.740758155596121e+16,9.002539778051902e+16,2.4209925259356835e+17,5.641226972985356e+17,1.1626720337259625e+18,2.1967622838947638e+18,3.874127939254859e+18
209.65377053367774,5.604081228915167e+13,8.587604424093361e+14,5.859946510111001e+15,2.560965065166419e+16,8.416858868407726e+16,2.263971932864435e+17,5.2763746359109344e+17,1.0897370932709258e+18,2.0586139484794017e+18,3.6359768957265843e+18
212.00653024988733,5.24409890427894e+13,8.031307342911045e+14,5.476244385895827e+15,2.3930075447335092e+16,7.869070727282614e+16,2.1172121575140214e+17,4.934487559382166e+17,1.0213108214876759e+18,1.9292779954210125e+18,3.411329008116569e+18
214.38569291734407,4.907310297007858e+13,7.511576610954192e+14,5.11773298059748e+15,2.2360975342593244e+16,7.356673792445306e+16,1.9800321671359536e+17,4.614393200467066e+17,9.570783170019457e+17,1.8081792187741332e+18,3.1995243466221507e+18
216.79155483312843,4.592222401109567e+13,7.025978868762875e+14,4.782764881715884e+15,2.0895083338101628e+16,6.877360616353729e+16,1.8518040422163088e+17,4.31497960302572e+17,8.967578892008128e+17,1.6947870709461084e+18,3.000030335910772e+18
219.2244156194022,4.297429473718862e+13,6.57226595049448e+14,4.4697923676689495e+15,1.952556959803993e+16,6.428953357293983e+16,1.7319376528236595e+17,4.0351161338085485e+17,8.401031055221285e+17,1.5886025224394908e+18,2.8123542246753664e+18
221.68457826072245,4.021621431043505e+13,6.148230010675759e+14,4.1773806367197335e+15,1.8246078917682436e+16,6.009435220616082e+16,1.619883817473224e+17,3.773543319037326e+17,7.868854111076794e+17,1.4891609458561275e+18,2.6360352877311887e+18
224.1723491417759,3.7635702487462195e+13,5.751852614951871e+14,3.9041776644242835e+15,1.705066413358736e+16,5.61689636791151e+16,1.5151229386935235e+17,3.5290537798181e+17,7.368906953833184e+17,1.3960271882849347e+18,2.470615929062528e+18
226.68803808553412,3.522131278969714e+13,5.3813038187510356e+14,3.6489248630706745e+15,1.5933790274283088e+16,5.249606275411651e+16,1.417170111847497e+17,3.300524198513012e+17,6.899201832158816e+17,1.3087934423060444e+18,2.3156158146454487e+18
229.23195839183987,3.2962273648320402e+13,5.0347788334826156e+14,3.410436955739748e+15,1.4890257781006758e+16,4.905982527670095e+16,1.3255674301268302e+17,3.086899628671143e+17,6.457874871017096e+17,1.2270579471676808e+18,2.170468915084249e+18
231.8044268764244,3.0848617854384082e+13,4.710649915858546e+14,3.187611450017071e+15,1.3915261657501082e+16,4.584571472499879e+16,1.239891287142217e+17,2.887205467704123e+17,6.043383635894341e+17,1.1504415368325805e+18,2.0345456809196613e+18
234.40576391036174,2.8870908705321207e+13,4.407456493368243e+14,2.979419502082896e+15,1.300426106021703e+16,4.284015518585511e+16,1.159742969042971e+17,2.7005208742968394e+17,5.654335828186596e+17,1.0785828470010816e+18,1.9072478782863667e+18
237.03629345997004,2.702037286603889e+13,4.123841145013497e+14,2.784896906104989e+15,1.2153040304025182e+16,4.003050910555964e+16,1.0847525019634181e+17,2.5259911384790298e+17,5.289486306871287e+17,1.0111461011566848e+18,1.7880198379717676e+18
239.69634312715513,2.5288861235326895e+13,3.8585434557751144e+14,2.6031451218516405e+15,1.1357688933137198e+16,3.740481407560475e+16,1.0145802222591269e+17,2.3628235993608342e+17,4.9476569464707014e+17,9.478230952492124e+17,1.6763458714928404e+18
242.38624419021133,2.3668640410758363e+13,3.610367843895914e+14,2.4333282528399705e+15,1.061450287224774e+16,3.495172849538216e+16,9.489108589980573e+16,2.2102674922309866e+17,4.627686657755973e+17,8.883280198326578e+17,1.5717369211650545e+18
245.10633164507763,2.2152542826072004e+13,3.3782065610349875e+14,2.274656490300995e+15,9.920053526825512e+15,3.265995003274744e+16,8.874517881959509e+16,2.0676279985372054e+17,4.3284566586002e+17,8.324141018910062e+17,1.4737400384467622e+18
247.85694424705687,2.073387590824304e+13,3.16102563113067e+14,2.1263985018179375e+15,9.271144125013974e+15,3.051886220863488e+16,8.29929385913871e+16,1.9342573454390205e+17,4.0487192336565914e+17,7.798613409178803e+17,1.381932548747434e+18
250.63842455300545,1.9406337347410508e+13,2.957851753300493e+14,1.9878743776168372e+15,8.664769239315314e+15,2.8518487266754556e+16,7.760867017580309e+16,1.8095465468913728e+17,3.787189600753506e+17,7.304618956009802e+17,1.295916497791095e+18
253.4511189639928,1.81640729127153e+13,2.767781111476118e+14,1.8584366010017082e+15,8.098140766671002e+15,2.664957145239473e+16,7.256859388034624e+16,1.692930695667791e+17,3.5426762884459744e+17,6.840231456881946e+17,1.2153090290478572e+18
256.29537776844364,1.7001570907288652e+13,2.589963095511987e+14,1.7374947435774835e+15,7.568637961813326e+15,2.4903419199287064e+16,6.785017994904291e+16,1.583878774489477e+17,3.314059647846766e+17,6.403802483637064e+17,1.1397354697106173e+18
259.1715551857604,1.5913711578180188e+13,2.4236078255660244e+14,1.6244917435957062e+15,7.073829569128801e+15,2.327196575349355e+16,6.343265501900991e+16,1.4818973410727584e+17,3.100301277308394e+17,5.99390698967057e+17,1.068843911806332e+18
262.0800094104386,1.4895672088697326e+13,2.2679715076601938e+14,1.5188995961189458e+15,6.611428997880437e+15,2.1747628526608064e+16,5.929645854407041e+16,1.3865141812907024e+17,2.900424754778918e+17,5.60923134499449e+17,1.0023020877033825e+18
265.02110265667557,1.394296378743202e+13,2.122362100974551e+14,1.420241562215027e+15,6.179310898921407e+15,2.0323361428834932e+16,5.542407098449607e+16,1.29728770872771e+17,2.7135227050458925e+17,5.248566220183353e+17,9.398029520955534e+17
267.9952012034788,1.3051378462537988e+13,1.9861310221751234e+14,1.3280538739498992e+15,5.775485638521769e+15,1.8992570113114372e+16,5.1799392847342e+16,1.2138034183198384e+17,2.538745821265283e+17,4.910750461665715e+17,8.810641376706282e+17
271.0026754402836,1.2216989880809389e+13,1.858673336119001e+14,1.241918230267125e+15,5.398099404437749e+15,1.7749111946532652e+16,4.840770500017805e+16,1.1356742407726202e+17,2.3753028878043466e+17,4.5946283582049126e+17,8.258327518124146e+17
274.04389991307914,1.1436117644684117e+13,1.7394221723052794e+14,1.161435174108417e+15,5.045416974361257e+15,1.6587238757494732e+16,4.523531747024403e+16,1.0625388354864146e+17,2.2224533686187635e+17,4.298991457875985e+17,7.738932240434039e+17
277.1192533710552,1.070530703978791e+13,1.6278455994143488e+14,1.0862308493347061e+15,4.715811945647906e+15,1.5501564274501454e+16,4.226936138019355e+16,9.940606061202738e+16,2.07950319859114e+17,4.0225124622842323e+17,7.250444554756161e+17
280.2291188137698,1.0021347382705203e+13,1.5234494000863678e+14,1.0159654096919959e+15,4.4077746739342625e+15,1.4487090034750138e+16,3.9497528085412664e+16,9.299343680321234e+16,1.9458081904456448e+17,3.7639430237118944e+17,6.791053593635916e+17
283.37388353884774,9.38121895961204e+12,1.4257689086945178e+14,9.503079169825491e+14,4.1198922731718175e+15,1.353912317286621e+16,3.690782510980373e+16,8.69878193481504e+16,1.8207633671360432e+17,3.522110973557782e+17,6.359250169470728e+17
286.553939190215,8.782115566356235e+12,1.3343724326308848e+14,8.889633774074566e+14,3.8508598455597275e+15,1.2653308896697e+16,3.448830201543847e+16,8.136312048091898e+16,1.7038072288957078e+17,3.2959285390848685e+17,5.95369729328959e+17
289.7696818068714,8.221388495616524e+12,1.2488526485272838e+14,8.316423021106294e+14,3.5994416192934605e+15,1.182554437202793e+16,3.2227694440821464e+16,7.609469681190523e+16,1.5944105617641984e+17,3.0843706562309306e+17,5.573132472442443e+17
293.0215118722151,7.696583328687711e+12,1.1688322077643111e+14,7.780713765893324e+14,3.364502037842742e+15,1.1052032832647624e+16,3.011558048648958e+16,7.115966392359168e+16,1.4920835325943062e+17,2.886488663693309e+17,5.21638555205574e+17
296.3098343639157,7.205381789645025e+12,1.0939548143224267e+14,7.279991996012928e+14,3.1449609956230245e+15,1.032919468480874e+16,2.814213692599147e+16,6.6536363157089544e+16,1.3963627340353227e+17,2.701387899085337e+17,4.882291026671862e+17
299.6350588043515,6.745628729213381e+12,1.0238893314028519e+14,6.811825817570804e+14,2.9398220387581525e+15,9.653706935905552e+15,2.6298246608799824e+16,6.220479677137124e+16,1.3068079438605237e+17,2.5282377016298003e+17,4.569677711339275e+17
302.99759931161003,6.315306079406869e+12,9.58325775963729e+13,6.37402964287662e+14,2.748142933217977e+15,9.02246289004133e+15,2.4575387741752324e+16,5.814731524478662e+16,1.2230037398415166e+17,2.366261277116244e+17,4.277230472878206e+17
306.3978746510607,5.912522786794829e+12,8.969737608304836e+13,5.964493499738166e+14,2.569038237050764e+15,8.432556044017435e+15,2.2965589446303216e+16,5.434778503325987e+16,1.1445594454441166e+17,2.2147316693180314e+17,4.003636824486693e+17
309.8363082875092,5.535509917068937e+12,8.395617288557816e+13,5.58135168701784e+14,2.401683312221651e+15,7.88127180650223e+15,2.146140874461673e+16,5.079128519139094e+16,1.0711097167591923e+17,2.072969712056944e+17,3.747670669942912e+17
313.31332843793285,5.182617241895957e+12,7.858364143191619e+13,5.222901242302312e+14,2.2453094399079548e+15,7.36608146670792e+15,2.0055913717133616e+16,4.7463953167247704e+16,1.0023154587147442e+17,1.9403425561488947e+17,3.508189622757914e+17
316.82936812481194,4.852292671673861e+12,7.355596856947327e+13,4.8875414463351906e+14,2.0991925565393945e+15,6.884610682921013e+15,1.8742597055544372e+16,4.4352612183303704e+16,9.378610230039026e+16,1.81625572791492e+17,3.284120654066694e+17
320.38486523005696,4.543092485535239e+12,6.88510094017096e+13,4.5737840916216444e+14,1.9626653008921392e+15,6.434653946080059e+15,1.7515415303001088e+16,4.144486194943415e+16,8.774629928866435e+16,1.7001568521796842e+17,3.074466794935825e+17
323.9802625495408,4.2536585357444736e+12,6.4447937868078414e+13,4.2802300136774694e+14,1.8350928107222475e+15,6.014139933118171e+15,1.636869391014762e+16,3.87280561757742e+16,8.208604306255029e+16,1.591526904993722e+17,2.87829133474553e+17
327.61600784824566,3.982723536724514e+12,6.032732630915373e+13,4.0055743352043956e+14,1.7158936629482815e+15,5.621138712383777e+15,1.5297146684439634e+16,3.61896256067985e+16,7.67810098372788e+16,1.4898820936366976e+17,2.6947212014141786e+17
331.29255391602493,3.729103777870349e+12,5.6471033060441445e+13,3.748598869823552e+14,1.6045139583955078e+15,5.253850274551459e+15,1.429584422656202e+16,3.3817851332963772e+16,7.180857974622252e+16,1.3947709942355386e+17,2.52294178447234e+17
335.0103586239952,3.491686448592899e+12,5.286200803499202e+13,3.508159055415284e+14,1.5004443754959122e+15,4.910585196399161e+15,1.3360160916853412e+16,3.16017386094162e+16,6.714741679235323e+16,1.3057632023966925e+17,2.362188124056817e+17
338.76988498155646,3.2694360396294688e+12,4.948438939439043e+13,3.283190351425687e+14,1.4032017189709902e+15,4.589773558305038e+15,1.248579907871695e+16,2.953107376670555e+16,6.277831000622502e+16,1.2224484101158426e+17,2.2117490951245542e+17
342.5716011940558,3.061378415097269e+12,4.6323259725466805e+13,3.0726918840854475e+14,1.3123435913713275e+15,4.289940918121027e+15,1.1668723201485966e+16,2.7596267851342624e+16,5.868421046238503e+16,1.1444381100246853e+17,2.070956425393279e+17
346.41598072109764,2.8666042326791367e+12,4.336469737720728e+13,2.875729822855041e+14,1.2274458904600468e+15,4.009712897095563e+15,1.0905172305760076e+16,2.578838562173025e+16,5.484958145841469e+16,1.0713685080974918e+17,1.9391868834226906e+17
350.30350233550547,2.6842645407880317e+12,4.0595708526566766e+13,2.691432788508144e+14,1.1481246282334548e+15,3.7478082342043655e+15,1.0191640831396112e+16,2.409909991653142e+16,5.1260124568614376e+16,1.0029018083363352e+17,1.8158591597561488e+17
354.2346501829501,2.5135630449778228e+12,3.800410859949212e+13,2.518983886582272e+14,1.0740096602262679e+15,3.5030322410132525e+15,9.524846363997954e+15,2.2520614865452396e+16,4.790227307123517e+16,9.38725406851869e+16,1.700428505151062e+17
358.20991384224163,2.3537525787538027e+12,3.557846786666364e+13,2.3576170332345428e+14,1.0047609634843748e+15,3.274271770484388e+15,8.901714402745667e+15,2.1045629538150576e+16,4.4763002917511896e+16,8.785526316373365e+16,1.5923842377324938e+17
362.22978838630326,2.2041380679463716e+12,3.330815594748053e+13,2.2066198832653947e+14,9.400515699141485e+14,3.060492742977499e+15,8.319389079722611e+15,1.9667363109791336e+16,4.182958424945674e+16,8.221300389143536e+16,1.4912516592203283e+17
366.29477444382576,2.064065185595239e+12,3.118316846357747e+13,2.0653222238651838e+14,8.795734764202911e+14,2.860722873061973e+15,7.775186870804669e+15,1.8379444947684996e+16,3.908863553270221e+16,7.692207647378715e+16,1.3965842825111294e+17
370.40537826161403,1.9329252703639207e+12,2.9194201376683535e+13,1.9331008987783962e+14,8.230393724301486e+14,2.6740617175297055e+15,7.266615243779689e+15,1.7175958603850806e+16,3.652753678247194e+16,7.1960432607789096e+16,1.307965193625978e+17
374.5621117676366,1.810145622324637e+12,2.733250277819945e+13,1.809369889200906e+14,7.70178060873513e+14,2.499658164040665e+15,6.791333176560778e+15,1.6051348088434936e+16,3.4134438406172268e+16,6.730766061321835e+16,1.2249905506810605e+17
378.76549263477756,1.695191864033164e+12,2.558990836120164e+13,1.6935826494409362e+14,7.207402969649224e+14,2.3367211431322985e+15,6.347159732518432e+15,1.5000438024465026e+16,3.1898303829145704e+16,6.294588433972831e+16,1.1472790193671584e+17
383.01604434530947,1.5875641629743374e+12,2.3958783498422527e+13,1.5852282156185053e+14,6.744904542047761e+14,2.1844968635430712e+15,5.932058289736439e+15,1.401839613420176e+16,2.9808829320599092e+16,5.885871131223899e+16,1.0744726416833994e+17
387.3142962560843,1.4867932788520825e+12,2.243196273032818e+13,1.4838271465541788e+14,6.312171092235568e+14,2.0422842122212258e+15,5.544120208315575e+15,1.3100694418667532e+16,2.785636108069836e+16,5.503086676889628e+16,1.0062359665159024e+17
391.6607836644609,1.3924408669108853e+12,2.100275400355833e+13,1.3889317818583492e+14,5.907280819815868e+14,1.9094260685543758e+15,5.18156536976149e+15,1.2243110309907524e+16,2.60318974653028e+16,5.144809625851895e+16,9.422583699914378e+16
396.05604787496935,1.3040976629754365e+12,1.9664910710051176e+13,1.3001243550191345e+14,5.528440615966368e+14,1.785311945338959e+15,4.842734365334757e+15,1.1441708051893614e+16,2.4327049127134764e+16,4.809673850546418e+16,8.82254188096069e+16
400.5006362667232,1.2213796414564343e+12,1.8412572969012566e+13,1.2170130610816183e+14,5.1739691632205506e+14,1.669369652074841e+15,4.526072793581854e+15,1.0692801413011336e+16,2.2733959442532216e+16,4.496350838186979e+16,8.2596636884746e+16
404.9951023615903,1.1439267383884414e+12,1.7240247933559125e+13,1.1392307263335666e+14,4.8422911757050556e+14,1.561063578198388e+15,4.2301257275963385e+15,9.992940492812866e+15,2.124527625746679e+16,4.203479227481191e+16,7.731628859662038e+16
409.54000589312676,1.071402757534155e+12,1.614280807591877e+13,1.0664346754313842e+14,4.5319367617972275e+14,1.4598931190006792e+15,3.9535368340060445e+15,9.338909546410104e+15,1.985414709644988e+16,3.9297206976829144e+16,7.236258382441674e+16
414.13591287628657,1.0034936410194606e+12,1.5115464643843035e+13,9.983049465251883e+13,4.241533726793068e+14,1.3653913164327925e+15,3.695041101920185e+15,8.727709687437625e+15,1.855418219657313e+16,3.673827139290865e+16,6.771606058370245e+16
418.7833956779112,9.399046891339792e+11,1.4153725202608969e+13,9.345414499853381e+13,3.9697953698159806e+14,1.277123997153372e+15,3.453453536553688e+15,8.15653205146989e+15,1.7339397259368348e+16,3.4346294682497604e+16,6.3359324872991864e+16
423.48303308801013,8.803596622655487e+11,1.3253379782053078e+13,8.7486303248315e+13,3.715516431622657e+14,1.1946811290561815e+15,3.227667791782794e+15,7.622748502568016e+15,1.620419355610336e+16,3.211033759394281e+16,5.927622960491442e+16
428.23541039184533,8.246006936580867e+11,1.241049933238728e+13,8.190073600604438e+13,3.4775725429928475e+14,1.117682711344073e+15,3.0166662838453095e+15,7.123909831769001e+15,1.5143353983364062e+16,3.0020205097418948e+16,5.54516950562644e+16
433.04111944281846,7.723864763912161e+11,1.162140800840738e+13,7.667290616242016e+13,3.254912244948831e+14,1.0457645024479015e+15,2.8194994623428965e+15,6.657728128231357e+15,1.4152005448261814e+16,2.806637295269623e+16,5.1871506386505416e+16
437.9007587361824,7.234906109285144e+11,1.088265792130863e+13,7.177980385576139e+13,3.046549725951066e+14,9.785747443730988e+14,2.6352797399407305e+15,6.222060770807526e+15,1.3225584716507284e+16,2.623992101298889e+16,4.852182810562344e+16
442.814933483574,6.777017736972494e+11,1.0191031517452629e+13,6.719996113895439e+13,2.851565406684119e+14,9.157838756198036e+14,2.46318220361587e+15,5.814911167694785e+15,1.2359839903106688e+16,2.453253647774921e+16,4.538902345832185e+16
447.78425568838855,6.348217037388112e+11,9.543510889581117e+12,6.291324698801692e+13,2.6690971497601238e+14,8.570856573302895e+14,2.302431479599416e+15,5.434409585035635e+15,1.155078960870155e+16,2.293643397498401e+16,4.245912354039999e+16
452.8093442219969,5.946650422163503e+11,8.937275192102232e+12,5.890084915240231e+13,2.4983394496419597e+14,8.021906055725455e+14,2.1522988747754105e+15,5.078810990429082e+15,1.0794718263738026e+16,2.1444346712204004e+16,3.9718944197089336e+16
457.8908249008172,5.570581277770298e+11,8.369682242929214e+12,5.514515103008339e+13,2.338538144663847e+14,7.508346354030176e+14,2.0120917558099965e+15,4.746483417191694e+15,1.0088151312964762e+16,2.0049478017570332e+16,3.715615092763315e+16
463.02933056425616,5.2183872678969965e+11,7.83826430027259e+12,5.162970274844476e+13,2.1889891516309066e+14,7.027767399248561e+14,1.881160814358196e+15,4.435904889481616e+15,9.427848617185912e+15,1.874548865597163e+16,3.475923645801792e+16
468.22550115351817,4.888545003284074e+11,7.34070472075287e+12,4.833906541087063e+13,2.0490317928485366e+14,6.578041429429592e+14,1.7588935770118958e+15,4.1456489396562085e+15,8.810773596022933e+15,1.7526436439834334e+16,3.2517411107066188e+16
473.479983791306,4.579631346257503e+11,6.874839818235591e+12,4.5258822688179125e+13,1.918049263831032e+14,6.15718216201117e+14,1.6447194749944428e+15,3.8743852606488455e+15,8.234094568712396e+15,1.6386779114837558e+16,3.042060870518934e+16
478.79343286241067,4.2903152666876e+11,6.438646421600219e+12,4.237549752884737e+13,1.795465055520011e+14,5.763333246825422e+14,1.5381107257954908e+15,3.6208718204857555e+15,7.69516793874501e+15,1.5321341545496574e+16,2.8459427261659828e+16
484.1665100952069,4.0193473318710187e+11,6.030225868362734e+12,3.967644533141138e+13,1.6807383767360162e+14,5.3947535097764306e+14,1.4385692865648932e+15,3.3839449168680005e+15,7.191517003638975e+15,1.4325274256825138e+16,2.662505372754073e+16
489.59988464406484,3.765561481427949e+11,5.647806593095272e+12,3.714987049192576e+13,1.5733648375433472e+14,5.0498191167615325e+14,1.3456311612988802e+15,3.1625203339367975e+15,6.720834379384548e+15,1.3394058428678968e+16,2.490927370309624e+16
495.0942331726847,3.5278629717056506e+11,5.289725801599263e+12,3.4784704314342562e+13,1.4728712254948134e+14,4.727006746580564e+14,1.2588616574853935e+15,2.955588035203505e+15,6.280958039531585e+15,1.2523458946888142e+16,2.330438605527537e+16
500.65023993836877,3.3052284843717004e+11,4.954429551893825e+12,3.257060501633709e+13,1.3788154870942961e+14,4.424893503390593e+14,1.177854475639348e+15,2.7622211171727525e+15,5.869870685480766e+15,1.1709523362585368e+16,2.1803201516826056e+16
506.26859687723646,3.096700901253338e+11,4.640464773048088e+12,3.049790431473262e+13,1.290784433902285e+14,4.14214951539328e+14,1.1022117735677431e+15,2.581558150266109e+15,5.485688976124316e+15,1.094856088144141e+16,2.0399004709160812e+16
511.950003690396,2.901382100081759e+11,4.346468303506638e+12,2.8557534331381508e+13,1.2083906128403366e+14,3.877527850210351e+14,1.031556729246836e+15,2.4127946798580545e+15,5.1266491048371e+15,1.0237114130080514e+16,1.9085502862770076e+16
517.695167931087,2.7184327911806897e+11,4.0711665751950786e+12,2.674102506060223e+13,1.1312721828828464e+14,3.6298640965125044e+14,9.65536213989856e+14,2.2551792670422925e+15,4.791105795587119e+15,9.571957353401136e+15,1.7856822952936802e+16
523.5048050927944,2.5470664925556262e+11,3.8133664460364976e+12,2.504044323800842e+13,1.059090297594857e+14,3.3980679303473894e+14,9.038158658643912e+14,2.1080065864851545e+15,4.477520238919229e+15,8.950072802965259e+15,1.6707468823776048e+16
529.3796386983585,2.3865477490350006e+11,3.571952449149565e+12,2.3448373738461246e+13,9.915282996573912e+13,3.181120507534394e+14,8.460868299731351e+14,1.9706130220546902e+15,4.184456114127082e+15,8.368643054212447e+15,1.5632307494398842e+16
535.3204003900778,2.2361867095839117e+11,3.3458785485497207e+12,2.1957864644355527e+13,9.2828937037941e+13,2.978066892502184e+14,7.920656608873546e+14,1.8423569555279742e+15,3.910568799941882e+15,7.825029874413206e+15,1.4626530746457392e+16
541.3278300208297,2.0953385256936227e+11,3.1341671775561807e+12,2.056242054265595e+13,8.690962326469664e+13,2.788015087792501e+14,7.41504926818745e+14,1.722638510362293e+15,3.6546037068649935e+15,7.316771077489442e+15,1.3685649709212998e+16
547.402675746209,1.9633987934759137e+11,2.9359023098861396e+12,1.9255956361997188e+13,8.13689175827172e+13,2.610129672572388e+14,6.941821554598224e+14,1.6108933278924938e+15,3.415387215112477e+15,6.841562775610283e+15,1.280546259825582e+16
553.5456941177008,1.839802310544606e+11,2.750227536934609e+12,1.8032784355573312e+13,7.618254916904203e+13,2.443629976594099e+14,6.498894654259135e+14,1.5065962148098832e+15,3.1918238729882185e+15,6.397253979743141e+15,1.1982045118511342e+16
559.7576501769038,1.724019103013334e+11,2.5763400312219893e+12,1.6887573903731697e+13,7.132777552697861e+13,2.287784544203793e+14,6.084320907220996e+14,1.409256123463158e+15,2.982888529898146e+15,5.981831184849391e+15,1.12117224267749e+16
566.0393175508025,1.615553730361638e+11,2.4134894566679067e+12,1.5815344046614291e+13,6.6783349826570914e+13,2.1419100735319288e+14,5.696280963535122e+14,1.3184154068941908e+15,2.787632165261058e+15,5.593415106320029e+15,1.0491063422815202e+16
572.3914785481186,1.5139416954832498e+11,2.2609725176962124e+12,1.481142720984114e+13,6.252936585028642e+13,2.0053664246281262e+14,5.333070480651273e+14,1.233641536233594e+15,2.6051861828483805e+15,5.230246814952601e+15,9.816855509269058e+15
578.8149242567343,1.418748281673198e+11,2.1181311703275022e+12,1.387145715523369e+13,5.8547205994038875e+13,1.8775549393335372e+14,4.993095635396513e+14,1.1545069586034272e+15,2.4347445793003365e+15,4.890682858203195e+15,9.186095869799406e+15
585.3104546422148,1.3295664928712585e+11,1.9843494842140525e+12,1.2991348032797008e+13,5.481945150211146e+13,1.7579155487672406e+14,4.6748654114686494e+14,1.0806082760132378e+15,2.2755572401748485e+15,4.573187130246601e+15,8.595976744430168e+15
591.878878647436,1.2460152302596991e+11,1.859050863867058e+12,1.216727582511808e+13,5.132980293617998e+13,1.6459242104486506e+14,4.376984765726109e+14,1.0115652887150111e+15,2.126922783130989e+15,4.2763236608058085e+15,8.043872376340415e+15
598.5210142933255,1.1677374305236426e+11,1.741695215132696e+12,1.1395659449190361e+13,4.8062999254978336e+13,1.5410903016440528e+14,4.098147679562465e+14,9.470225416361388e+14,1.9881815671064828e+15,3.9987493145126045e+15,7.527325772417196e+15
605.237688780742,1.0943992474235066e+11,1.6317776843844253e+12,1.0673152252695418e+13,4.500478108177136e+13,1.4429554324676844e+14,3.837133988900705e+14,8.866513632384175e+14,1.8587104816182972e+15,3.7392103290051675e+15,7.044042533618724e+15
612.0297385934892,1.025687498689752e+11,1.528824789450788e+12,9.996616313696922e+12,4.214178101333449e+13,1.3510899167139966e+14,3.592799983814751e+14,8.301497709587436e+14,1.7379021385070572e+15,3.496532582847544e+15,6.591873090923346e+15
618.8980096024937,9.613091677352002e+10,1.4323936451583289e+12,9.36311717521093e+12,3.9461500736372516e+13,1.2650920309789805e+14,3.364076427508865e+14,7.772608911785695e+14,1.6251845646749938e+15,3.2696193752761785e+15,6.1688087956051e+15
625.843357171147,9.009900294937965e+10,1.342069872354513e+12,8.769909902620873e+12,3.695225134007424e+13,1.1845860923742225e+14,3.1499634330847194e+14,7.277531253778772e+14,1.5200240810510035e+15,3.05744604759796e+15,5.772972166527419e+15
632.8666462618289,8.444728513256525e+10,1.2574648706634731e+12,8.214420962916728e+12,3.4603075959236125e+13,1.1092199695866572e+14,2.949523833963715e+14,6.814094170822022e+14,1.421918649647555e+15,2.859053684492532e+15,5.402604357011667e+15
639.9687515436336,7.91517133315753e+10,1.1782154073367903e+12,7.69424538370273e+12,3.2403737278433746e+13,1.038664676862887e+14,2.7618820961984156e+14,6.380269972221111e+14,1.330402283344948e+15,2.673567349947006e+15,5.056062952118485e+15
647.1505575012939,7.418975640124367e+10,1.1039812764995452e+12,7.207131201685242e+12,3.034465114848638e+13,9.726122382858892e+13,2.5862186301256e+14,5.974160652411609e+14,1.245018898798744e+15,2.5001838570696865e+15,4.731811218265797e+15
654.4129585453383,6.95403051431374e+10,1.0344438250831852e+12,6.750969636283328e+12,2.8416844530692125e+13,9.107743335812588e+13,2.4217661818179612e+14,5.593989517156686e+14,1.1653271775935362e+15,2.3381574315449565e+15,4.4284112399149765e+15
661.7568591234752,6.518358575011819e+10,9.693046356112256e+11,6.323786305725919e+12,2.661191789269421e+13,8.528810871988377e+13,2.267806606289068e+14,5.238093695216827e+14,1.0909073249353449e+15,2.1867927875082708e+15,4.1445177788575665e+15
669.1831738332356,6.110111217884271e+10,9.082847944881548e+11,5.923736304762115e+12,2.4922023993600703e+13,7.986803837405816e+13,2.1236690412543722e+14,4.9049198916075844e+14,1.0213674982807678e+15,2.0454393115629638e+15,3.878874743882159e+15
676.692827535873,5.727553036110983e+10,8.511225381386882e+11,5.549088613264156e+12,2.3339801489438023e+13,7.479357336262142e+13,1.9887242252590472e+14,4.5930112243920675e+14,9.563439370876188e+14,1.9134814951191898e+15,3.6303045164191115e+15
684.2867554715431,5.369061101100497e+10,7.975731309367539e+11,5.198225203973696e+12,2.1858370853394676e+13,7.004261391449036e+13,1.8623841370799653e+14,4.3010063721462356e+14,8.955012977116702e+14,1.7903280602963235e+15,3.397707164145166e+15
691.9659033757807,5.033114995949992e+10,7.474073561864478e+11,4.869631027559698e+12,2.0471291663100527e+13,6.5594472079842516e+13,1.7440983380925847e+14,4.027631096629002e+14,8.385441899521146e+14,1.6754017480536648e+15,3.180053544845657e+15
699.7312275972766,4.718290479117818e+10,7.004105531450505e+11,4.561887599167148e+12,1.9172535173234617e+13,6.142978345095512e+13,1.633351620688769e+14,3.7716927881228325e+14,7.85222517888023e+14,1.5681622775357358e+15,2.97638084412384e+15
707.583695216981,4.423254207458977e+10,6.563818138133694e+11,4.273667641408321e+12,1.795646138106929e+13,5.753043332285922e+13,1.5296620410989397e+14,3.532075901127133e+14,7.35303533493648e+14,1.4681050751589352e+15,2.785798208906736e+15
715.524284168544,4.1467568007401306e+10,6.151329320765016e+11,4.0037281053736777e+12,1.6817789246600283e+13,5.387946091017933e+13,1.4325783689273466e+14,3.307736042527919e+14,6.885693459482301e+14,1.3747438809457368e+15,2.6075004212020405e+15
723.5539833601018,3.8876281246288086e+10,5.764876863447208e+11,3.750905390088181e+12,1.5751576239285584e+13,5.046099351246357e+13,1.3416783335176492e+14,3.0976959037616756e+14,6.448160711922348e+14,1.287598197918688e+15,2.440744192503396e+15
731.6737927974388,3.6447720752823395e+10,5.402810483013661e+11,3.514110081346574e+12,1.4753195867767895e+13,4.726017422542022e+13,1.2565666989365347e+14,2.901040797772594e+14,6.038528993205844e+14,1.2062110034759292e+15,2.2848391025181345e+15
739.8847237085213,3.417162855800572e+10,5.0635861582524854e+11,3.2923231677217524e+12,1.3818321474430148e+13,4.426310976824072e+13,1.1768738741879906e+14,2.716915434532805e+14,5.655014203334129e+14,1.1301510158712895e+15,2.1391396905536782e+15
748.1877986694388,3.2038385215978508e+10,4.745756378273728e+11,3.084589581988299e+12,1.2942898735378178e+13,4.145678209350923e+13,1.1022535604905788e+14,2.5445184712521203e+14,5.29594486290802e+14,1.0590125190035039e+15,2.003036071277706e+15
756.5840517317524,3.0038984975433403e+10,4.4479663444838226e+11,2.8900156564570654e+12,1.212313472889811e+13,3.8829013165865695e+13,1.032381812750894e+14,2.383100333196678e+14,4.9597575531431194e+14,9.924255084037692e+14,1.8759475530156055e+15
765.0745285512716,2.8164992418731167e+10,4.168947404083216e+11,2.7077647642823086e+12,1.1355479344861695e+13,3.636840518255329e+13,9.669554481172472e+13,2.2319595257298144e+14,4.6449892128562625e+14,9.300561424882542e+14,1.7572978348886092e+15
773.6602865182829,2.640850569536058e+10,3.907511477192738e+11,2.5370536172104253e+12,1.0636609483827484e+13,3.406428975657187e+13,9.056906930634934e+13,2.0904394986374744e+14,4.350270588089364e+14,8.716256801191466e+14,1.6465346569997052e+15
782.3423948892308,2.476212279760121e+10,3.66254594493374e+11,2.37714886947406e+12,9.963414562590836e+12,3.1906681302374336e+13,8.483219423901975e+13,1.9579257699035747e+14,4.074320223846454e+14,8.168842181633209e+14,1.5431407643724765e+15
791.1219349198865,2.321890991559551e+10,3.43300885395863e+11,2.2273639327012324e+12,9.332982923018541e+12,2.9886233329752508e+13,7.94600595707156e+13,1.83384322926124e+14,3.8159388317720256e+14,7.655977773327904e+14,1.4466010843618052e+15
799.9999999999999,2.1772371759103237e+10,3.2179244201526196e+11,2.08705599025791e+12,8.742589094330312e+12,2.7994197485247062e+13,7.442939671095589e+13,1.7176536115535597e+14,3.57400401289145e+14,7.175472848033305e+14,1.3564123792505142e+15
