1,1.0339437818380946e-24
2,1.0338952204911672e-24
3,1.0338143063436116e-24
4,1.033701071515541e-24
5,1.0335555609234084e-24
6,1.0333778322283795e-24
7,1.0331679557700737e-24
8,1.0329260144857558e-24
9,1.0326521038150897e-24
10,1.0323463315905727e-24
11,1.0320088179138004e-24
12,1.031639695017724e-24
13,1.0312391071150815e-24
14,1.0308072102332062e-24
15,1.0303441720354317e-24
16,1.0298501716293317e-24
17,1.0293253993620554e-24
18,1.0287700566030309e-24
19,1.0281843555143307e-24
20,1.0275685188090185e-24
21,1.0269227794977942e-24
22,1.0262473806242999e-24
23,1.0255425749894397e-24
24,1.0248086248651012e-24
25,1.0240458016976757e-24
26,1.0232543858017884e-24
27,1.022434666044678e-24
28,1.0215869395216581e-24
29,1.0207115112231314e-24
30,1.019808693693628e-24
31,1.0188788066833536e-24
32,1.0179221767927522e-24
33,1.0169391371105986e-24
34,1.0159300268461378e-24
35,1.0148951909558217e-24
36,1.0138349797651752e-24
37,1.0127497485863576e-24
38,1.0116398573319834e-24
39,1.0105056701257657e-24
40,1.0093475549105748e-24
41,1.0081658830544837e-24
42,1.0069610289553997e-24
43,1.005733369644865e-24
44,1.0044832843916344e-24
45,1.0032111543056106e-24
46,1.0019173619427513e-24
47,1.0006022909115295e-24
48,9.99266325481549e-25
49,9.979098501949058e-25
50,9.965332494808762e-25
51,9.951369072745183e-25
52,9.937212066397572e-25
53,9.922865293975173e-25
54,9.908332557594662e-25
55,9.893617639679019e-25
56,9.878724299423312e-25
57,9.863656269332498e-25
58,9.848417251836365e-25
59,9.833010915986468e-25
60,9.817440894239886e-25
61,9.801710779334267e-25
62,9.78582412125868e-25
63,9.7697844243243e-25
64,9.753595144339056e-25
65,9.737259685889934e-25
66,9.720781399736498e-25
67,9.704163580318924e-25
68,9.687409463383661e-25
69,9.670522223729509e-25
70,9.653504973076699e-25
71,9.636360758061322e-25
72,9.61909255835711e-25
73,9.601703284926388e-25
74,9.584195778401728e-25
75,9.566572807599524e-25
76,9.54883706816645e-25
77,9.530991181359545e-25
78,9.513037692960286e-25
79,9.494979072322821e-25
80,9.476817711556229e-25
81,9.4585559248404e-25
82,9.440195947874861e-25
83,9.421739937459593e-25
84,9.403189971206674e-25
85,9.384548047381257e-25
86,9.365816084870195e-25
87,9.346995923276335e-25
88,9.328089323136322e-25
89,9.309097966259495e-25
90,9.2900234561852e-25
91,9.270867318755677e-25
92,9.251631002801543e-25
93,9.232315880936472e-25
94,9.21292325045782e-25
95,9.19345433434947e-25
96,9.173910282383157e-25
97,9.154292172314449e-25
98,9.13460101116924e-25
99,9.114837736616635e-25
100,9.095003218423947e-25
101,9.075098259989457e-25
102,9.055123599948405e-25
103,9.035079913847726e-25
104,9.014967815884963e-25
105,8.994787860706605e-25
106,8.974540545261313e-25
107,8.954226310703219e-25
108,8.933845544340615e-25
109,8.91339858162538e-25
110,8.892885708178348e-25
111,8.872307161846044e-25
112,8.85166313478407e-25
113,8.830953775562646e-25
114,8.810179191289695e-25
115,8.789339449747057e-25
116,8.768434581535503e-25
117,8.747464582224135e-25
118,8.726429414500138e-25
119,8.705329010314663e-25
120,8.684163273020993e-25
121,8.662932079501042e-25
122,8.641635282276543e-25
123,8.620272711601319e-25
124,8.598844177531185e-25
125,8.577349471968198e-25
126,8.55578837067612e-25
127,8.534160635264107e-25
128,8.512466015135736e-25
129,8.490704249400818e-25
130,8.468875068747356e-25
131,8.446978197271436e-25
132,8.42501335426276e-25
133,8.402980255943913e-25
134,8.380878617161469e-25
135,8.358708153027284e-25
136,8.336468580508459e-25
137,8.314159619964652e-25
138,8.29178099663154e-25
139,8.2693324420494405e-25
140,8.246813695436203e-25
141,8.22422450500368e-25
142,8.201564629217251e-25
143,8.178833837997953e-25
144,8.156031913866979e-25
145,8.133158653032431e-25
146,8.110213866418328e-25
147,8.08719738063601e-25
148,8.064109038898227e-25
149,8.040948701876273e-25
150,8.017716248500675e-25
151,7.99441157670608e-25
152,7.971034604120971e-25
153,7.947585268703123e-25
154,7.924063529321596e-25
155,7.900469366286328e-25
156,7.876802781826353e-25
157,7.853063800517742e-25
158,7.829252469662571e-25
159,7.805368859620042e-25
160,7.7814130640912e-25
161,7.757385200358489e-25
162,7.733285409481675e-25
163,7.709113856451465e-25
164,7.684870730302389e-25
165,7.660556244186388e-25
166,7.63617063540865e-25
167,7.611714165427276e-25
168,7.587187119818212e-25
169,7.562589808207164e-25
170,7.53792256416991e-25
171,7.513185745102656e-25
172,7.488379732063959e-25
173,7.4635049295897515e-25
174,7.438561765483013e-25
175,7.413550690579578e-25
176,7.3884721784916015e-25
177,7.363326725330102e-25
178,7.338114849408075e-25
179,7.312837090925558e-25
180,7.28749401163801e-25
181,7.262086194509413e-25
182,7.236614243351336e-25
183,7.211078782449293e-25
184,7.185480456177586e-25
185,7.159819928603881e-25
186,7.134097883084609e-25
187,7.108315021852359e-25
188,7.082472065596317e-25
189,7.056569753036755e-25
190,7.030608840494601e-25
191,7.004590101456976e-25
192,6.978514326139642e-25
193,6.952382321047179e-25
194,6.926194908531709e-25
195,6.899952926350949e-25
196,6.873657227226284e-25
197,6.847308678401546e-25
198,6.820908161203176e-25
199,6.794456570602276e-25
200,6.767954814779222e-25
201,6.741403814691235e-25
202,6.714804503643483e-25
203,6.688157826864091e-25
204,6.661464741083488e-25
205,6.634726214118453e-25
206,6.607943224461196e-25
207,6.581116760873766e-25
208,6.554247821988065e-25
209,6.527337415911684e-25
210,6.500386559839816e-25
211,6.47339627967336e-25
212,6.446367609643428e-25
213,6.419301591942366e-25
214,6.392199276361373e-25
215,6.3650617199348345e-25
216,6.337889986591393e-25
217,6.310685146811851e-25
218,6.283448277293865e-25
219,6.256180460623484e-25
220,6.22888278495349e-25
221,6.20155634368854e-25
222,6.174202235177038e-25
223,6.1468215624097155e-25
224,6.119415432724814e-25
225,6.091984957519855e-25
226,6.064531251969821e-25
227,6.037055434751749e-25
228,6.009558627775562e-25
229,5.982041955921054e-25
230,5.9545065467809165e-25
231,5.926953530409678e-25
232,5.899384039078427e-25
233,5.8717992070351855e-25
234,5.844200170270817e-25
235,5.816588066290311e-25
236,5.788964033889314e-25
237,5.761329212935771e-25
238,5.733684744156535e-25
239,5.706031768928801e-25
240,5.678371429076227e-25
241,5.650704866669597e-25
242,5.623033223831903e-25
243,5.595357642547678e-25
244,5.567679264476483e-25
245,5.539999230770377e-25
246,5.512318681895265e-25
247,5.484638757455985e-25
248,5.4569605960249975e-25
249,5.429285334974587e-25
250,5.40161411031241e-25
251,5.373948056520299e-25
252,5.346288306396224e-25
253,5.318635990899256e-25
254,5.290992238997471e-25
255,5.263358177518664e-25
256,5.235734931003788e-25
257,5.208123621563e-25
258,5.180525368734268e-25
259,5.1529412893443885e-25
260,5.125372497372391e-25
261,5.097820103815191e-25
262,5.070285216555471e-25
263,5.042768940231664e-25
264,5.015272376110013e-25
265,4.987796621958602e-25
266,4.96034277192333e-25
267,4.932911916405731e-25
268,4.905505141942627e-25
269,4.878123531087518e-25
270,4.850768162293691e-25
271,4.823440109798975e-25
272,4.796140443512119e-25
273,4.768870228900747e-25
274,4.741630526880835e-25
275,4.714422393707697e-25
276,4.687246880868424e-25
277,4.660105034975775e-25
278,4.63299789766345e-25
279,4.605926505482762e-25
280,4.578891889800654e-25
281,4.551895076699045e-25
282,4.524937086875498e-25
283,4.498018935545169e-25
284,4.47114163234405e-25
285,4.444306181233456e-25
286,4.417513580405779e-25
287,4.390764822191466e-25
288,4.364060892967236e-25
289,4.337402773065501e-25
290,4.310791436685016e-25
291,4.284227851802725e-25
292,4.257712980086802e-25
293,4.231247776810897e-25
294,4.204833190769572e-25
295,4.178470164194921e-25
296,4.152159632674382e-25
297,4.1259025250697516e-25
298,4.09969976343736e-25
299,4.073552262949458e-25
300,4.0474609318167852e-25
301,4.021426671212338e-25
302,3.9954503751963156e-25
303,3.9695329306422875e-25
304,3.943675217164542e-25
305,3.9178781070466597e-25
306,3.8921424651712697e-25
307,3.8664691489510485e-25
308,3.840859008260913e-25
309,3.8153128853714583e-25
310,3.789831614883597e-25
311,3.7644160236644647e-25
312,3.739066930784527e-25
313,3.7137851474559626e-25
314,3.688571476972284e-25
315,3.663426714649194e-25
316,3.638351647766743e-25
317,3.6133470555127086e-25
318,3.5884137089272784e-25
319,3.5635523708489856e-25
320,3.5387637958619533e-25
321,3.5140487302443903e-25
322,3.4894079119184136e-25
323,3.46484207040114e-25
324,3.440351926757106e-25
325,3.415938193551959e-25
326,3.3916015748074986e-25
327,3.367342765958003e-25
328,3.343162453807888e-25
329,3.3190613164906824e-25
330,3.2950400234293463e-25
331,3.2710992352978895e-25
332,3.2472396039843527e-25
333,3.2234617725551103e-25
334,3.199766375220519e-25
335,3.176154037301899e-25
336,3.152625375199865e-25
337,3.1291809963640107e-25
338,3.1058214992639226e-25
339,3.082547473361566e-25
340,3.059359499084995e-25
341,3.0362581478034442e-25
342,3.0132439818037404e-25
343,2.9903175542680945e-25
344,2.967479409253229e-25
345,2.9447300816708644e-25
346,2.9220700972695514e-25
347,2.8994999726178675e-25
348,2.877020215088941e-25
349,2.8546313228463514e-25
350,2.832333784831351e-25
351,2.810128080751451e-25
352,2.7880146810703367e-25
353,2.765994046999129e-25
354,2.744066630488989e-25
355,2.72223287422504e-25
356,2.700493211621645e-25
357,2.6788480668189813e-25
358,2.657297854680973e-25
359,2.635842980794508e-25
360,2.6144838414700017e-25
361,2.5932211065499423e-25
362,2.572055557018781e-25
363,2.5509875505074915e-25
364,2.53001743214301e-25
365,2.5091455380666694e-25
366,2.488372195438021e-25
367,2.467697722439994e-25
368,2.4471224282853726e-25
369,2.4266466132246173e-25
370,2.4062705685549746e-25
371,2.385994576630922e-25
372,2.3658189108758884e-25
373,2.3457438357952753e-25
374,2.325769606990755e-25
375,2.3058964711758505e-25
376,2.286124666192757e-25
377,2.266454421030445e-25
378,2.2468859558439785e-25
379,2.2274194819750945e-25
380,2.2080552019739753e-25
381,2.1887933096222606e-25
382,2.1696339899572454e-25
383,2.150577419297277e-25
384,2.1316237652683237e-25
385,2.1127731868317284e-25
386,2.0940258343130925e-25
387,2.0753818494323373e-25
388,2.056841365334874e-25
389,2.0384045066239054e-25
390,2.0200713893938386e-25
391,2.0018421212647875e-25
392,1.9837168014181702e-25
393,1.9656955206333584e-25
394,1.9477783613254171e-25
395,1.9299653975838458e-25
396,1.912256695212398e-25
397,1.8946523117698802e-25
398,1.8771522966119855e-25
399,1.8597566909340907e-25
400,1.8424655278150574e-25
401,1.8252788322619748e-25
402,1.8081966212558639e-25
403,1.7912189037983085e-25
404,1.7743456809590114e-25
405,1.7575769459242575e-25
406,1.7409126840462563e-25
407,1.7243528728933778e-25
408,1.7078974823012318e-25
409,1.6915464744246112e-25
410,1.6752998037902464e-25
411,1.6591574173503939e-25
412,1.6431192545372111e-25
413,1.6271852473179338e-25
414,1.6113553202507964e-25
415,1.595629390541735e-25
416,1.5800073681018126e-25
417,1.5644891556053668e-25
418,1.549074648548876e-25
419,1.5337637353105079e-25
420,1.5185562972103408e-25
421,1.5034522085712583e-25
422,1.4884513367804724e-25
423,1.4735535423516865e-25
424,1.4587586789878635e-25
425,1.4440665936445916e-25
426,1.429477126594034e-25
427,1.4149901114894287e-25
428,1.400605375430163e-25
429,1.386322739027347e-25
430,1.3721420164699314e-25
431,1.3580630155912989e-25
432,1.3440855379363683e-25
433,1.3302093788291362e-25
434,1.3164343274406932e-25
435,1.302760166857659e-25
436,1.289186674151052e-25
437,1.2757136204455455e-25
438,1.262340770989124e-25
439,1.249067885223107e-25
440,1.2358947168525206e-25
441,1.2228210139168264e-25
442,1.2098465188609484e-25
443,1.1969709686066372e-25
444,1.1841940946240932e-25
445,1.171515623003902e-25
446,1.1589352745291965e-25
447,1.146452764748086e-25
448,1.134067804046312e-25
449,1.1217800977201055e-25
450,1.1095893460492556e-25
451,1.0974952443703622e-25
452,1.085497483150243e-25
453,1.073595748059509e-25
454,1.061789720046267e-25
455,1.0500790754099553e-25
456,1.0384634858752733e-25
457,1.0269426186662209e-25
458,1.0155161365802009e-25
459,1.0041836980621948e-25
460,9.929449572789909e-26
461,9.817995641934325e-26
462,9.707471646387055e-26
463,9.597874003926171e-26
464,9.489199092518817e-26
465,9.381443251063689e-26
466,9.274602780133302e-26
467,9.168673942715748e-26
468,9.063652964955736e-26
469,8.959536036894958e-26
470,8.856319313211607e-26
471,8.753998913958716e-26
472,8.652570925301568e-26
473,8.55203140025353e-26
474,8.452376359410833e-26
475,8.353601791685485e-26
476,8.255703655036804e-26
477,8.1586778772009e-26
478,8.062520356418491e-26
479,7.96722696216059e-26
480,7.872793535851998e-26
481,7.779215891592697e-26
482,7.686489816876605e-26
483,7.594611073308207e-26
484,7.503575397316226e-26
485,7.413378500864831e-26
486,7.324016072161878e-26
487,7.235483776364319e-26
488,7.147777256280527e-26
489,7.060892133069488e-26
490,6.974824006936748e-26
491,6.889568457827049e-26
492,6.805121046113516e-26
493,6.721477313283288e-26
494,6.638632782619476e-26
495,6.556582959879504e-26
496,6.475323333969581e-26
497,6.394849377615183e-26
498,6.315156548027647e-26
499,6.236240287566648e-26
500,6.158096024398479e-26
501,6.08071917315009e-26
502,6.004105135558787e-26
503,5.928249301117565e-26
504,5.85314704771586e-26
505,5.778793742275811e-26
506,5.705184741383805e-26
507,5.632315391917378e-26
508,5.560181031667285e-26
509,5.488776989954722e-26
510,5.418098588243599e-26
511,5.348141140747866e-26
512,5.278899955033794e-26
513,5.210370332617028e-26
514,5.1425475695546387e-26
515,5.075426957031795e-26
516,5.009003781943183e-26
517,4.9432733274691644e-26
518,4.878230873646351e-26
519,4.813871697932953e-26
520,4.7501910757684234e-26
521,4.687184281127739e-26
522,4.624846587069846e-26
523,4.5631732662808145e-26
524,4.502159591610916e-26
525,4.441800836606288e-26
526,4.382092276034669e-26
527,4.323029186405436e-26
528,4.2646068464837247e-26
529,4.206820537798683e-26
530,4.1496655451459304e-26
531,4.0931371570839413e-26
532,4.037230666424577e-26
533,3.9819413707176023e-26
534,3.9272645727291006e-26
535,3.873195580913991e-26
536,3.819729709882441e-26
537,3.7668622808601045e-26
538,3.714588622142401e-26
539,3.662904069542504e-26
540,3.611803966833462e-26
541,3.5612836661839034e-26
542,3.5113385285876234e-26
543,3.461963924287235e-26
544,3.413155233191338e-26
545,3.3649078452856384e-26
546,3.317217161037868e-26
547,3.270078591796513e-26
548,3.223487560183287e-26
549,3.177439500479379e-26
550,3.131929859005608e-26
551,3.086954094496226e-26
552,3.042507678466603e-26
553,2.998586095574677e-26
554,2.9551848439762e-26
555,2.912299435673765e-26
556,2.869925396859751e-26
557,2.8280582682529373e-26
558,2.786693605429078e-26
559,2.7458269791451645e-26
560,2.705453975657792e-26
561,2.6655701970351174e-26
562,2.6261712614628674e-26
563,2.587252803544239e-26
564,2.5488104745935415e-26
565,2.5108399429241178e-26
566,2.4733368941298076e-26
567,2.4362970313606884e-26
568,2.399716075592713e-26
569,2.363589765891312e-26
570,2.327913859669121e-26
571,2.29268413293769e-26
572,2.2578963805534628e-26
573,2.2235464164575363e-26
574,2.1896300739100093e-26
575,2.156143205718102e-26
576,2.1230816844587564e-26
577,2.0904414026953478e-26
578,2.0582182731886858e-26
579,2.0264082291023114e-26
580,1.9950072242021912e-26
581,1.9640112330506832e-26
582,1.933416251194966e-26
583,1.9032182953499082e-26
584,1.8734134035753946e-26
585,1.8439976354482012e-26
586,1.8149670722283592e-26
587,1.7863178170201527e-26
588,1.7580459949278377e-26
589,1.7301477532057683e-26
590,1.7026192614035857e-26
591,1.675456711505883e-26
592,1.648656318066796e-26
593,1.622214318339419e-26
594,1.5961269724000873e-26
595,1.570390563267587e-26
596,1.5450013970173827e-26
597,1.5199558028907783e-26
598,1.4952501333992197e-26
599,1.4708807644236846e-26
600,1.4468440953092088e-26
601,1.4231365489546505e-26
602,1.3997545718976647e-26
603,1.3766946343950195e-26
604,1.353953230498257e-26
605,1.3315268781247118e-26
606,1.3094121191240322e-26
607,1.2876055193401476e-26
608,1.2661036686688048e-26
609,1.2449031811107421e-26
610,1.2240006948204238e-26
611,1.2033928721505478e-26
612,1.1830763996922622e-26
613,1.1630479883112089e-26
614,1.1433043731794097e-26
615,1.1238423138030524e-26
616,1.104658594046211e-26
617,1.0857500221506617e-26
618,1.0671134307516443e-26
619,1.0487456768898162e-26
620,1.0306436420193422e-26
621,1.0128042320122258e-26
622,9.952243771588861e-27
623,9.77901032165063e-27
624,9.608311761451408e-27
625,9.440118126118451e-27
626,9.274399694624569e-27
627,9.111126989615784e-27
628,8.950270777204438e-27
629,8.791802066729257e-27
630,8.635692110481996e-27
631,8.481912403401754e-27
632,8.330434682737387e-27
633,8.181230927678483e-27
634,8.03427335895519e-27
635,7.889534438407993e-27
636,7.746986868527322e-27
637,7.606603591964346e-27
638,7.468357791012312e-27
639,7.332222887060277e-27
640,7.198172540018325e-27
641,7.066180647716647e-27
642,6.936221345276673e-27
643,6.808269004457003e-27
644,6.68229823297319e-27
645,6.558283873792441e-27
646,6.436201004403618e-27
647,6.3160249360636216e-27
648,6.1977312130192056e-27
649,6.081295611706435e-27
650,5.966694139927299e-27
651,5.853903036004139e-27
652,5.742898767912644e-27
653,5.6336580323933555e-27
654,5.5261577540429876e-27
655,5.420375084385371e-27
656,5.316287400922622e-27
657,5.2138723061674136e-27
658,5.1131076266564184e-27
659,5.0139714119454185e-27
660,4.916441933586923e-27
661,4.8204976840903455e-27
662,4.72611737586525e-27
663,4.633279940148559e-27
664,4.541964525915836e-27
665,4.4521504987765456e-27
666,4.363817439855467e-27
667,4.2769451446581484e-27
668,4.191513621923853e-27
669,4.107503092463307e-27
670,4.024893987984379e-27
671,3.943666949904589e-27
672,3.863802828150985e-27
673,3.7852826799484885e-27
674,3.708087768596632e-27
675,3.632199562235141e-27
676,3.557599732598791e-27
677,3.4842701537620715e-27
678,3.412192900874127e-27
679,3.341350248883831e-27
680,3.2717246712559616e-27
681,3.203298838679149e-27
682,3.1360556177646157e-27
683,3.0699780697377666e-27
684,3.0050494491218418e-27
685,2.941253202414596e-27
686,2.8785729667579462e-27
687,2.8169925686013344e-27
688,2.756496022358945e-27
689,2.6970675290614002e-27
690,2.6386914750016304e-27
691,2.581352430375917e-27
692,2.525035147920565e-27
693,2.46972456154369e-27
694,2.4154057849530803e-27
695,2.36206411028075e-27
696,2.3096850067035144e-27
697,2.2582541190610733e-27
698,2.2077572664706847e-27
699,2.158180440939931e-27
700,2.1095098059772672e-27
701,2.061731695200219e-27
702,2.0148326109426975e-27
703,1.9687992228605403e-27
704,1.923618366536221e-27
705,1.8792770420829943e-27
706,1.8357624127484057e-27
707,1.7930618035174823e-27
708,1.7511626997164316e-27
709,1.7100527456165972e-27
710,1.6697197430384706e-27
711,1.6301516499574887e-27
712,1.5913365791100721e-27
713,1.5532627966015165e-27
714,1.5159187205155198e-27
715,1.4792929195249225e-27
716,1.443374111505299e-27
717,1.4081511621503203e-27
718,1.3736130835895995e-27
719,1.3397490330093764e-27
720,1.3065483112762594e-27
721,1.2740003615638148e-27
722,1.242094767982513e-27
723,1.2108212542132322e-27
724,1.1801696821447539e-27
725,1.1501300505146184e-27
726,1.1206924935543564e-27
727,1.0918472796392847e-27
728,1.0635848099419827e-27
729,1.0358956170910903e-27
730,1.0087703638344858e-27
731,9.821998417076589e-28
732,9.561749697069073e-28
733,9.306867929679178e-28
734,9.057264814499324e-28
735,8.81285328625046e-28
736,8.573547501736567e-28
737,8.339262826853714e-28
738,8.109915823662465e-28
739,7.885424237516783e-28
740,7.665706984258178e-28
741,7.450684137475869e-28
742,7.240276915823326e-28
743,7.03440767041156e-28
744,6.8329998722594495e-28
745,6.635978099818955e-28
746,6.443268026566828e-28
747,6.25479640866487e-28
748,6.070491072696858e-28
749,5.890280903470189e-28
750,5.714095831896144e-28
751,5.541866822941768e-28
752,5.373525863657255e-28
753,5.209005951278734e-28
754,5.048241081405933e-28
755,4.89116623625907e-28
756,4.737717373012459e-28
757,4.587831412208025e-28
758,4.4414462262449175e-28
759,4.298500627952173e-28
760,4.158934359239369e-28
761,4.0226880798303348e-28
762,3.8897033560761584e-28
763,3.7599226498524818e-28
764,3.63328930753735e-28
765,3.5097475490721006e-28
766,3.3892424571072605e-28
767,3.2717199662320993e-28
768,3.157126852284098e-28
769,3.045410721749075e-28
770,2.9365200012431376e-28
771,2.830403927077031e-28
772,2.727012534912445e-28
773,2.6262966494963137e-28
774,2.5282078744870315e-28
775,2.432698582365055e-28
776,2.3397219044258738e-28
777,2.249231720864333e-28
778,2.1611826509438865e-28
779,2.0755300432514868e-28
780,1.992229966039321e-28
781,1.9112391976540517e-28
782,1.832515217052921e-28
783,1.7560161944042116e-28
784,1.6817009817796227e-28
785,1.6095291039278167e-28
786,1.5394607491360967e-28
787,1.4714567601840475e-28
788,1.4054786253751407e-28
789,1.3414884696615612e-28
790,1.2794490458533708e-28
791,1.2193237259113483e-28
792,1.1610764923311764e-28
793,1.1046719296106515e-28
794,1.0500752157993512e-28
795,9.972521141421175e-29
796,9.461689648005724e-29
797,8.967926766627316e-29
798,8.490907192376068e-29
799,8.030311146353857e-29
800,7.585824296288129e-29
