1,9.808133906481066e-24
2,9.807877174526884e-24
3,9.807449296805485e-24
4,9.806850286621089e-24
5,9.80608016260136e-24
6,9.80513894869912e-24
7,9.804026674194608e-24
8,9.802743373698184e-24
9,9.801289087153571e-24
10,9.799663859841558e-24
11,9.797867742384192e-24
12,9.795900790749467e-24
13,9.793763066256489e-24
14,9.791454635581116e-24
15,9.788975570762075e-24
16,9.786325949207555e-24
17,9.783505853702256e-24
18,9.780515372414925e-24
19,9.777354598906295e-24
20,9.774023632137555e-24
21,9.770522576479189e-24
22,9.766851541720314e-24
23,9.763010643078415e-24
24,9.759000001209532e-24
25,9.754819742218859e-24
26,9.750469997671744e-24
27,9.745950904605148e-24
28,9.741262605539422e-24
29,9.736405248490558e-24
30,9.731378986982778e-24
31,9.726183980061503e-24
32,9.720820392306702e-24
33,9.715288393846605e-24
34,9.709588160371732e-24
35,9.703719873149312e-24
36,9.697683719037983e-24
37,9.69147989050284e-24
38,9.685108585630811e-24
39,9.678570008146273e-24
40,9.671864367427031e-24
41,9.664991878520513e-24
42,9.657952762160287e-24
43,9.650747244782769e-24
44,9.643375558544255e-24
45,9.635837941338108e-24
46,9.628134636812238e-24
47,9.620265894386717e-24
48,9.612231969271657e-24
49,9.604033122485233e-24
50,9.595669620871877e-24
51,9.587141737120658e-24
52,9.578449749783782e-24
53,9.569593943295213e-24
54,9.560574607989463e-24
55,9.551392040120416e-24
56,9.542046541880302e-24
57,9.532538421418713e-24
58,9.522867992861706e-24
59,9.513035576330908e-24
60,9.503041497962736e-24
61,9.492886089927528e-24
62,9.482569690448794e-24
63,9.472092643822352e-24
64,9.461455300435503e-24
65,9.45065801678616e-24
66,9.439701155501884e-24
67,9.428585085358895e-24
68,9.417310181300953e-24
69,9.40587682445818e-24
70,9.394285402165723e-24
71,9.382536307982318e-24
72,9.370629941708682e-24
73,9.358566709405761e-24
74,9.346347023412763e-24
75,9.333971302365046e-24
76,9.321439971211737e-24
77,9.308753461233174e-24
78,9.295912210058067e-24
79,9.282916661680417e-24
80,9.269767266476151e-24
81,9.256464481219477e-24
82,9.243008769098917e-24
83,9.229400599733008e-24
84,9.215640449185703e-24
85,9.201728799981359e-24
86,9.187666141119409e-24
87,9.173452968088597e-24
88,9.159089782880835e-24
89,9.14457709400464e-24
90,9.129915416498144e-24
91,9.115105271941595e-24
92,9.100147188469487e-24
93,9.085041700782115e-24
94,9.069789350156685e-24
95,9.0543906844579e-24
96,9.038846258147991e-24
97,9.023156632296244e-24
98,9.007322374587934e-24
99,8.991344059332692e-24
100,8.975222267472287e-24
101,8.958957586587803e-24
102,8.942550610906191e-24
103,8.926001941306174e-24
104,8.909312185323534e-24
105,8.892481957155697e-24
106,8.875511877665671e-24
107,8.858402574385278e-24
108,8.841154681517668e-24
109,8.823768839939142e-24
110,8.80624569720021e-24
111,8.788585907525926e-24
112,8.77079013181544e-24
113,8.752859037640803e-24
114,8.734793299244958e-24
115,8.716593597538941e-24
116,8.69826062009829e-24
117,8.679795061158596e-24
118,8.661197621610245e-24
119,8.642469008992289e-24
120,8.62360993748548e-24
121,8.604621127904421e-24
122,8.585503307688823e-24
123,8.566257210893897e-24
124,8.546883578179814e-24
125,8.527383156800264e-24
126,8.507756700590086e-24
127,8.488004969951974e-24
128,8.468128731842217e-24
129,8.4481287597555e-24
130,8.428005833708742e-24
131,8.40776074022396e-24
132,8.387394272310136e-24
133,8.366907229444134e-24
134,8.34630041755057e-24
135,8.325574648980718e-24
136,8.304730742490381e-24
137,8.28376952321675e-24
138,8.262691822654233e-24
139,8.241498478629257e-24
140,8.220190335274027e-24
141,8.198768242999223e-24
142,8.177233058465688e-24
143,8.155585644555013e-24
144,8.133826870339082e-24
145,8.111957611048557e-24
146,8.089978748040282e-24
147,8.067891168763602e-24
148,8.045695766725637e-24
149,8.023393441455436e-24
150,8.000985098467066e-24
151,7.978471649221616e-24
152,7.955854011088093e-24
153,7.933133107303255e-24
154,7.910309866930305e-24
155,7.887385224816543e-24
156,7.864360121549877e-24
157,7.841235503414258e-24
158,7.818012322344018e-24
159,7.794691535877101e-24
160,7.771274107107201e-24
161,7.7477610046348e-24
162,7.724153202517124e-24
163,7.700451680216976e-24
164,7.676657422550506e-24
165,7.652771419633875e-24
166,7.628794666828823e-24
167,7.604728164687185e-24
168,7.580572918894264e-24
169,7.556329940211197e-24
170,7.532000244416187e-24
171,7.507584852244685e-24
172,7.483084789328526e-24
173,7.458501086133952e-24
174,7.43383477789864e-24
175,7.409086904567614e-24
176,7.38425851072818e-24
177,7.359350645543747e-24
178,7.33436436268668e-24
179,7.309300720270099e-24
180,7.284160780778633e-24
181,7.258945610998223e-24
182,7.23365628194486e-24
183,7.208293868792375e-24
184,7.182859450799202e-24
185,7.157354111234196e-24
186,7.131778937301464e-24
187,7.106135020064237e-24
188,7.080423454367795e-24
189,7.054645338761456e-24
190,7.028801775419632e-24
191,7.002893870061961e-24
192,6.976922731872544e-24
193,6.950889473418271e-24
194,6.924795210566272e-24
195,6.898641062400497e-24
196,6.87242815113743e-24
197,6.84615760204095e-24
198,6.81983054333638e-24
199,6.793448106123671e-24
200,6.767011424289836e-24
201,6.740521634420533e-24
202,6.713979875710895e-24
203,6.687387289875604e-24
204,6.66074502105818e-24
205,6.634054215739558e-24
206,6.607316022645936e-24
207,6.580531592655911e-24
208,6.553702078706928e-24
209,6.526828635701049e-24
210,6.4999124204100666e-24
211,6.47295459137997e-24
212,6.4459563088347786e-24
213,6.418918734579778e-24
214,6.391843031904151e-24
215,6.364730365483031e-24
216,6.337581901279001e-24
217,6.310398806443049e-24
218,6.283182249214996e-24
219,6.255933398823424e-24
220,6.2286534253850984e-24
221,6.2013434998039496e-24
222,6.174004793669568e-24
223,6.146638479155292e-24
224,6.119245728915864e-24
225,6.091827715984711e-24
226,6.064385613670818e-24
227,6.0369205954552744e-24
228,6.0094338348874696e-24
229,5.981926505480956e-24
230,5.954399780609038e-24
231,5.926854833400068e-24
232,5.8992928366324816e-24
233,5.871714962629598e-24
234,5.844122383154196e-24
235,5.8165162693029e-24
236,5.7888977914003766e-24
237,5.761268118893375e-24
238,5.733628420244632e-24
239,5.7059798628266596e-24
240,5.6783236128154335e-24
241,5.650660835084e-24
242,5.62299269309604e-24
243,5.5953203487993814e-24
244,5.5676449625195134e-24
245,5.539967692853095e-24
246,5.512289696561497e-24
247,5.4846121284643875e-24
248,5.456936141333391e-24
249,5.429262885785838e-24
250,5.401593510178624e-24
251,5.373929160502194e-24
252,5.346270980274689e-24
253,5.3186201104362624e-24
254,5.290977689243591e-24
255,5.263344852164601e-24
256,5.23572273177343e-24
257,5.2081124576456415e-24
258,5.180515156253733e-24
259,5.1529319508629225e-24
260,5.125363961427261e-24
261,5.097812304486093e-24
262,5.070278093060865e-24
263,5.0427624365523216e-24
264,5.015266440638096e-24
265,4.987791207170734e-24
266,4.9603378340761444e-24
267,4.932907415252513e-24
268,4.9055010404697114e-24
269,4.878119795269194e-24
270,4.850764760864413e-24
271,4.823437014041787e-24
272,4.796137627062218e-24
273,4.768867667563188e-24
274,4.74162819846147e-24
275,4.714420277856428e-24
276,4.687244958933981e-24
277,4.660103289871202e-24
278,4.632996313741605e-24
279,4.6059250684211166e-24
280,4.5788905864947555e-24
281,4.5518938951640506e-24
282,4.524936016155195e-24
283,4.498017965627967e-24
284,4.471140754085438e-24
285,4.4443053862844724e-24
286,4.417512861147047e-24
287,4.390764171672404e-24
288,4.3640603048500536e-24
289,4.337402241573635e-24
290,4.310790956555672e-24
291,4.284227418243226e-24
292,4.257712588734447e-24
293,4.2312474236960776e-24
294,4.204832872281886e-24
295,4.178469877052066e-24
296,4.1521593738936055e-24
297,4.1259022919416676e-24
298,4.0996995535019356e-24
299,4.073552073974016e-24
300,4.0474607617758496e-24
301,4.021426518269186e-24
302,3.995450237686093e-24
303,3.969532807056568e-24
304,3.943675106137207e-24
305,3.917878007340996e-24
306,3.892142375668186e-24
307,3.8664690686383214e-24
308,3.840858936223364e-24
309,3.815312820782002e-24
310,3.789831556995079e-24
311,3.7644159718022195e-24
312,3.739066884339605e-24
313,3.713785105878961e-24
314,3.688571439767733e-24
315,3.6634266813704525e-24
316,3.638351618011354e-24
317,3.613347028918183e-24
318,3.5884136851672636e-24
319,3.5635523496297875e-24
320,3.5387637769193786e-24
321,3.514048713340884e-24
322,3.489407896840464e-24
323,3.464842056956924e-24
324,3.4403519147743615e-24
325,3.4159381828760534e-24
326,3.3916015652996824e-24
327,3.367342757493833e-24
328,3.343162446275798e-24
329,3.3190613097906924e-24
330,3.295040017471898e-24
331,3.271099230002794e-24
332,3.2472395992798383e-24
333,3.2234617683769692e-24
334,3.1997663715113306e-24
335,3.1761540340103378e-24
336,3.1526253722800704e-24
337,3.1291809937750234e-24
338,3.105821496969176e-24
339,3.0825474713284282e-24
340,3.059359497284358e-24
341,3.036258146209355e-24
342,3.0132439803930674e-24
343,2.9903175530202314e-24
344,2.967479408149825e-24
345,2.9447300806955838e-24
346,2.92207009640786e-24
347,2.8994999718568397e-24
348,2.8770202144170844e-24
349,2.854631322253454e-24
350,2.832333784308342e-24
351,2.8101280802902756e-24
352,2.788014680663847e-24
353,2.7659940466409827e-24
354,2.744066630173563e-24
355,2.722232873947349e-24
356,2.7004932113772722e-24
357,2.678848066604015e-24
358,2.6572978544919496e-24
359,2.635842980628363e-24
360,2.614483841324025e-24
361,2.593221106421736e-24
362,2.572055556906227e-24
363,2.5509875504087183e-24
364,2.530017432056365e-24
365,2.5091455379906933e-24
366,2.488372195371428e-24
367,2.467697722381647e-24
368,2.4471224282342718e-24
369,2.42664661317988e-24
370,2.4062705685158245e-24
371,2.3859945765966754e-24
372,2.365818910845942e-24
373,2.3457438357691007e-24
374,2.3257696069678863e-24
375,2.305896471155877e-24
376,2.28612466617532e-24
377,2.2664544210152285e-24
378,2.2468859558307047e-24
379,2.2274194819635202e-24
380,2.208055201963887e-24
381,2.1887933096134705e-24
382,2.16963398994959e-24
383,2.150577419290612e-24
384,2.1316237652625237e-24
385,2.1127731868266828e-24
386,2.0940258343087056e-24
387,2.075381849428524e-24
388,2.056841365331561e-24
389,2.0384045066210282e-24
390,2.0200713893913406e-24
391,2.00184212126262e-24
392,1.98371680141629e-24
393,1.9656955206317278e-24
394,1.9477783613240037e-24
395,1.9299653975826215e-24
396,1.9122566952113374e-24
397,1.894652311768962e-24
398,1.8771522966111907e-24
399,1.859756690933403e-24
400,1.842465527814463e-24
401,1.8252788322614608e-24
402,1.80819662125542e-24
403,1.791218903797925e-24
404,1.7743456809586805e-24
405,1.7575769459239717e-24
406,1.7409126840460098e-24
407,1.724352872893165e-24
408,1.7078974823010485e-24
409,1.691546474424453e-24
410,1.6752998037901102e-24
411,1.6591574173502767e-24
412,1.6431192545371102e-24
413,1.6271852473178469e-24
414,1.6113553202507219e-24
415,1.595629390541671e-24
416,1.5800073681017576e-24
417,1.5644891556053194e-24
418,1.5490746485488355e-24
419,1.533763735310473e-24
420,1.5185562972103109e-24
421,1.5034522085712327e-24
422,1.4884513367804506e-24
423,1.4735535423516675e-24
424,1.4587586789878473e-24
425,1.4440665936445777e-24
426,1.429477126594022e-24
427,1.4149901114894183e-24
428,1.4006053754301538e-24
429,1.3863227390273395e-24
430,1.3721420164699249e-24
431,1.3580630155912934e-24
432,1.3440855379363636e-24
433,1.3302093788291321e-24
434,1.3164343274406895e-24
435,1.3027601668576559e-24
436,1.2891866741510495e-24
437,1.2757136204455433e-24
438,1.2623407709891218e-24
439,1.2490678852231053e-24
440,1.235894716852519e-24
441,1.2228210139168252e-24
442,1.2098465188609472e-24
443,1.1969709686066362e-24
444,1.1841940946240924e-24
445,1.1715156230039013e-24
446,1.1589352745291959e-24
447,1.1464527647480855e-24
448,1.1340678040463114e-24
449,1.121780097720105e-24
450,1.1095893460492552e-24
451,1.0974952443703617e-24
452,1.0854974831502426e-24
453,1.0735957480595084e-24
454,1.0617897200462667e-24
455,1.050079075409955e-24
456,1.0384634858752732e-24
457,1.0269426186662205e-24
458,1.0155161365802006e-24
459,1.0041836980621945e-24
460,9.929449572789908e-25
461,9.817995641934325e-25
462,9.707471646387053e-25
463,9.59787400392617e-25
464,9.489199092518815e-25
465,9.381443251063688e-25
466,9.2746027801333e-25
467,9.168673942715746e-25
468,9.063652964955735e-25
469,8.959536036894955e-25
470,8.856319313211605e-25
471,8.753998913958715e-25
472,8.652570925301567e-25
473,8.55203140025353e-25
474,8.452376359410831e-25
475,8.353601791685484e-25
476,8.255703655036802e-25
477,8.158677877200899e-25
478,8.062520356418489e-25
479,7.967226962160589e-25
480,7.872793535851996e-25
481,7.779215891592695e-25
482,7.686489816876604e-25
483,7.594611073308205e-25
484,7.503575397316225e-25
485,7.41337850086483e-25
486,7.324016072161876e-25
487,7.235483776364318e-25
488,7.147777256280526e-25
489,7.060892133069488e-25
490,6.974824006936747e-25
491,6.889568457827048e-25
492,6.805121046113515e-25
493,6.721477313283286e-25
494,6.638632782619476e-25
495,6.556582959879504e-25
496,6.47532333396958e-25
497,6.394849377615182e-25
498,6.315156548027646e-25
499,6.236240287566647e-25
500,6.158096024398478e-25
501,6.08071917315009e-25
502,6.004105135558786e-25
503,5.9282493011175635e-25
504,5.853147047715859e-25
505,5.77879374227581e-25
506,5.705184741383804e-25
507,5.632315391917378e-25
508,5.560181031667284e-25
509,5.488776989954722e-25
510,5.4180985882435985e-25
511,5.348141140747865e-25
512,5.278899955033794e-25
513,5.210370332617027e-25
514,5.142547569554638e-25
515,5.075426957031794e-25
516,5.009003781943182e-25
517,4.943273327469164e-25
518,4.87823087364635e-25
519,4.813871697932952e-25
520,4.750191075768423e-25
521,4.687184281127738e-25
522,4.624846587069845e-25
523,4.563173266280814e-25
524,4.502159591610916e-25
525,4.441800836606288e-25
526,4.382092276034668e-25
527,4.323029186405435e-25
528,4.264606846483724e-25
529,4.206820537798682e-25
530,4.14966554514593e-25
531,4.093137157083941e-25
532,4.0372306664245765e-25
533,3.9819413707176016e-25
534,3.9272645727291e-25
535,3.87319558091399e-25
536,3.81972970988244e-25
537,3.7668622808601036e-25
538,3.7145886221424006e-25
539,3.6629040695425037e-25
540,3.611803966833462e-25
541,3.561283666183903e-25
542,3.511338528587623e-25
543,3.4619639242872346e-25
544,3.4131552331913373e-25
545,3.3649078452856375e-25
546,3.3172171610378674e-25
547,3.270078591796513e-25
548,3.2234875601832866e-25
549,3.177439500479378e-25
550,3.1319298590056076e-25
551,3.0869540944962255e-25
552,3.0425076784666027e-25
553,2.998586095574676e-25
554,2.9551848439761997e-25
555,2.912299435673764e-25
556,2.869925396859751e-25
557,2.8280582682529364e-25
558,2.7866936054290776e-25
559,2.7458269791451644e-25
560,2.7054539756577917e-25
561,2.665570197035117e-25
562,2.626171261462867e-25
563,2.5872528035442387e-25
564,2.548810474593541e-25
565,2.5108399429241173e-25
566,2.4733368941298074e-25
567,2.436297031360688e-25
568,2.3997160755927125e-25
569,2.3635897658913116e-25
570,2.3279138596691207e-25
571,2.2926841329376896e-25
572,2.2578963805534624e-25
573,2.223546416457536e-25
574,2.1896300739100087e-25
575,2.1561432057181014e-25
576,2.1230816844587563e-25
577,2.0904414026953475e-25
578,2.0582182731886853e-25
579,2.026408229102311e-25
580,1.995007224202191e-25
581,1.964011233050683e-25
582,1.9334162511949656e-25
583,1.9032182953499081e-25
584,1.8734134035753943e-25
585,1.843997635448201e-25
586,1.814967072228359e-25
587,1.7863178170201524e-25
588,1.7580459949278374e-25
589,1.730147753205768e-25
590,1.7026192614035852e-25
591,1.6754567115058828e-25
592,1.6486563180667958e-25
593,1.6222143183394187e-25
594,1.5961269724000868e-25
595,1.570390563267587e-25
596,1.5450013970173823e-25
597,1.519955802890778e-25
598,1.4952501333992195e-25
599,1.4708807644236844e-25
600,1.4468440953092087e-25
601,1.4231365489546502e-25
602,1.3997545718976644e-25
603,1.3766946343950193e-25
604,1.3539532304982569e-25
605,1.3315268781247117e-25
606,1.3094121191240322e-25
607,1.2876055193401475e-25
608,1.2661036686688046e-25
609,1.244903181110742e-25
610,1.2240006948204237e-25
611,1.2033928721505478e-25
612,1.183076399692262e-25
613,1.1630479883112087e-25
614,1.1433043731794095e-25
615,1.123842313803052e-25
616,1.1046585940462108e-25
617,1.0857500221506614e-25
618,1.0671134307516441e-25
619,1.048745676889816e-25
620,1.030643642019342e-25
621,1.0128042320122257e-25
622,9.952243771588859e-26
623,9.779010321650627e-26
624,9.608311761451407e-26
625,9.440118126118449e-26
626,9.274399694624568e-26
627,9.111126989615782e-26
628,8.950270777204437e-26
629,8.791802066729257e-26
630,8.635692110481996e-26
631,8.481912403401753e-26
632,8.330434682737387e-26
633,8.181230927678481e-26
634,8.034273358955188e-26
635,7.889534438407993e-26
636,7.746986868527321e-26
637,7.606603591964345e-26
638,7.46835779101231e-26
639,7.332222887060276e-26
640,7.198172540018324e-26
641,7.066180647716646e-26
642,6.936221345276672e-26
643,6.808269004457002e-26
644,6.682298232973188e-26
645,6.55828387379244e-26
646,6.436201004403617e-26
647,6.316024936063621e-26
648,6.197731213019204e-26
649,6.081295611706434e-26
650,5.966694139927297e-26
651,5.853903036004138e-26
652,5.742898767912643e-26
653,5.633658032393354e-26
654,5.526157754042987e-26
655,5.42037508438537e-26
656,5.316287400922621e-26
657,5.213872306167413e-26
658,5.113107626656418e-26
659,5.0139714119454175e-26
660,4.9164419335869223e-26
661,4.820497684090345e-26
662,4.726117375865249e-26
663,4.6332799401485576e-26
664,4.5419645259158357e-26
665,4.4521504987765446e-26
666,4.363817439855467e-26
667,4.2769451446581477e-26
668,4.1915136219238525e-26
669,4.1075030924633065e-26
670,4.024893987984378e-26
671,3.943666949904588e-26
672,3.8638028281509844e-26
673,3.7852826799484875e-26
674,3.7080877685966316e-26
675,3.6321995622351404e-26
676,3.5575997325987907e-26
677,3.484270153762071e-26
678,3.412192900874126e-26
679,3.3413502488838304e-26
680,3.2717246712559614e-26
681,3.203298838679148e-26
682,3.1360556177646155e-26
683,3.069978069737766e-26
684,3.005049449121841e-26
685,2.9412532024145956e-26
686,2.8785729667579457e-26
687,2.816992568601334e-26
688,2.7564960223589444e-26
689,2.6970675290614e-26
690,2.63869147500163e-26
691,2.5813524303759165e-26
692,2.5250351479205643e-26
693,2.4697245615436897e-26
694,2.41540578495308e-26
695,2.36206411028075e-26
696,2.309685006703514e-26
697,2.2582541190610728e-26
698,2.2077572664706843e-26
699,2.158180440939931e-26
700,2.1095098059772668e-26
701,2.0617316952002188e-26
702,2.0148326109426973e-26
703,1.96879922286054e-26
704,1.9236183665362205e-26
705,1.879277042082994e-26
706,1.8357624127484055e-26
707,1.7930618035174823e-26
708,1.7511626997164313e-26
709,1.7100527456165968e-26
710,1.6697197430384706e-26
711,1.6301516499574884e-26
712,1.591336579110072e-26
713,1.5532627966015163e-26
714,1.5159187205155194e-26
715,1.4792929195249225e-26
716,1.4433741115052987e-26
717,1.40815116215032e-26
718,1.3736130835895994e-26
719,1.3397490330093762e-26
720,1.3065483112762594e-26
721,1.2740003615638146e-26
722,1.2420947679825127e-26
723,1.2108212542132318e-26
724,1.1801696821447537e-26
725,1.1501300505146182e-26
726,1.1206924935543561e-26
727,1.0918472796392846e-26
728,1.0635848099419826e-26
729,1.03589561709109e-26
730,1.0087703638344857e-26
731,9.821998417076588e-27
732,9.561749697069071e-27
733,9.306867929679176e-27
734,9.057264814499322e-27
735,8.812853286250457e-27
736,8.573547501736566e-27
737,8.339262826853713e-27
738,8.109915823662464e-27
739,7.885424237516781e-27
740,7.665706984258176e-27
741,7.450684137475868e-27
742,7.240276915823324e-27
743,7.03440767041156e-27
744,6.832999872259448e-27
745,6.635978099818954e-27
746,6.4432680265668276e-27
747,6.254796408664869e-27
748,6.070491072696857e-27
749,5.8902809034701884e-27
750,5.714095831896143e-27
751,5.541866822941768e-27
752,5.373525863657253e-27
753,5.209005951278733e-27
754,5.048241081405932e-27
755,4.891166236259069e-27
756,4.7377173730124586e-27
757,4.587831412208024e-27
758,4.4414462262449166e-27
759,4.2985006279521725e-27
760,4.158934359239369e-27
761,4.022688079830334e-27
762,3.889703356076158e-27
763,3.759922649852481e-27
764,3.633289307537349e-27
765,3.5097475490721e-27
766,3.38924245710726e-27
767,3.271719966232099e-27
768,3.1571268522840975e-27
769,3.0454107217490745e-27
770,2.9365200012431372e-27
771,2.8304039270770303e-27
772,2.7270125349124445e-27
773,2.6262966494963135e-27
774,2.5282078744870313e-27
775,2.4326985823650546e-27
776,2.339721904425873e-27
777,2.2492317208643324e-27
778,2.161182650943886e-27
779,2.0755300432514863e-27
780,1.9922299660393207e-27
781,1.9112391976540516e-27
782,1.8325152170529207e-27
783,1.7560161944042115e-27
784,1.681700981779622e-27
785,1.6095291039278166e-27
786,1.5394607491360965e-27
787,1.4714567601840471e-27
788,1.4054786253751405e-27
789,1.3414884696615611e-27
790,1.2794490458533707e-27
791,1.219323725911348e-27
792,1.1610764923311762e-27
793,1.1046719296106512e-27
794,1.050075215799351e-27
795,9.972521141421173e-28
796,9.461689648005723e-28
797,8.967926766627315e-28
798,8.490907192376066e-28
799,8.030311146353856e-28
800,7.585824296288127e-28
