"vmin","10MeV_0.1eV","10MeV_1eV","100MeV_0.1eV","100MeV_1eV","1000MeV_0.1eV","1000MeV_1eV"
1.,0.,0.,0.,0.,0.,0.
1.0154950161807175,0.,0.,0.,0.,0.,0.
1.0312301278878755,0.,0.,0.,0.,0.,0.
1.0472090554055413,0.,0.,0.,0.,0.,0.
1.0634355766636439,0.,0.,0.,0.,0.,0.
1.0799135281311976,0.,0.,0.,0.,0.,0.
1.096646805723366,0.,0.,0.,0.,0.,0.
1.1136393657225816,0.,0.,0.,0.,0.,0.
1.1308952257139369,0.,0.,0.,0.,0.,0.
1.1484184655350702,0.,0.,0.,0.,0.,0.
1.166213228240771,0.,0.,0.,0.,0.,0.
1.184283721082528,0.,0.,0.,0.,0.,0.
1.2026342165032622,0.,0.,0.,0.,0.,0.
1.2212690531474646,0.,0.,0.,0.,0.,0.
1.2401926368869938,0.,0.,0.,0.,0.,0.
1.2594094418627644,0.,0.,0.,0.,0.,0.
1.2789240115425762,0.,0.,0.,0.,0.,0.
1.2987409597953363,0.,0.,0.,0.,0.,0.
1.3188649719819254,0.,0.,0.,0.,0.,0.
1.3393008060629665,0.,0.,0.,0.,0.,0.
1.3600532937237602,0.,0.,0.,0.,0.,0.
1.3811273415166478,0.,0.,0.,0.,0.,0.
1.4025279320210793,0.,0.,0.,0.,0.,0.
1.424260125021654,0.,0.,0.,0.,0.,0.
1.446329058704415,0.,0.,0.,0.,0.,0.
1.4687399508716819,0.,0.,0.,0.,0.,0.
1.4914981001757044,0.,0.,0.,0.,0.,0.
1.5146088873714363,0.,0.,0.,0.,0.,0.
1.538077776588715,0.,0.,0.,0.,0.,0.
1.5619103166241588,0.,0.,0.,0.,0.,0.
1.5861121422530795,0.,0.,0.,0.,0.,0.
1.6106889755617233,0.,0.,0.,0.,0.,0.
1.6356466273001553,0.,0.,0.,0.,0.,0.
1.660990998256107,0.,0.,0.,0.,0.,0.
1.6867280806501113,0.,0.,0.,0.,0.,0.
1.712863959552255,0.,0.,0.,0.,0.,0.
1.739404814320885,0.,0.,0.,0.,0.,0.
1.7663569200636047,0.,0.,0.,0.,0.,0.
1.7937266491209123,0.,0.,0.,0.,0.,0.
1.821520472572825,0.,0.,0.,0.,0.,0.
1.8497449617688486,0.,0.,0.,0.,0.,0.
1.8784067898816574,0.,0.,0.,0.,0.,0.
1.907512733484843,0.,0.,0.,0.,0.,0.
1.937069674155115,0.,0.,0.,0.,0.,0.
1.9670846000993254,0.,0.,0.,0.,0.,0.
1.9975646078067046,0.,0.,0.,0.,0.,0.
2.0285169037266977,0.,0.,0.,0.,0.,0.
2.0599488059728017,0.,0.,0.,0.,0.,0.
2.0918677460527997,0.,0.,0.,0.,0.,0.
2.1242812706258083,0.,0.,0.,0.,0.,0.
2.1571970432865504,0.,0.,0.,0.,0.,0.
2.1906228463772712,0.,0.,0.,0.,0.,0.
2.2245665828277357,0.,0.,0.,0.,0.,0.
2.2590362780237347,0.,0.,0.,0.,0.,0.
2.29404008170454,0.,0.,0.,0.,0.,0.
2.329586269889766,0.,0.,0.,0.,0.,0.
2.365683246836085,0.,0.,0.,0.,0.,0.
2.4023395470242623,0.,0.,0.,0.,0.,0.
2.4395638371769803,0.,0.,0.,0.,0.,0.
2.4773649183079307,0.,0.,0.,0.,0.,0.
2.5157517278026535,0.,0.,0.,0.,0.,0.
2.554733341531623,0.,0.,0.,0.,0.,0.
2.594318975996074,0.,0.,0.,0.,0.,0.
2.6345179905070752,0.,0.,0.,0.,0.,0.
2.6753398893983733,0.,0.,0.,0.,0.,0.
2.7167943242735197,0.,0.,0.,0.,0.,0.
2.7588910962878193,0.,0.,0.,0.,0.,0.
2.8016401584656356,0.,0.,0.,0.,0.,0.
2.845051618053608,0.,0.,0.,0.,0.,0.
2.8891357389103254,0.,0.,0.,0.,0.,0.
2.9339029439330293,0.,0.,0.,0.,0.,0.
2.9793638175219255,0.,0.,0.,0.,0.,0.
3.025529108082672,0.,0.,0.,0.,0.,0.
3.072409730567644,0.,0.,0.,0.,0.,0.
3.1200167690565834,0.,0.,0.,0.,0.,0.
3.1683614793772246,0.,0.,0.,0.,0.,0.
3.217455291766536,0.,0.,0.,0.,0.,0.
3.267309813573194,0.,0.,0.,0.,0.,0.
3.3179368320019273,0.,0.,0.,0.,0.,0.
3.369348316900395,0.,0.,0.,0.,0.,0.
3.421556423589239,0.,0.,0.,0.,0.,0.
3.474573495735992,0.,0.,0.,0.,0.,0.
3.528412068273513,0.,0.,0.,0.,0.,0.
3.5830848703636495,0.,0.,0.,0.,0.,0.
3.6386048284068178,0.,0.,0.,0.,0.,0.
3.6949850690982182,0.,0.,0.,0.,0.,0.
3.752238922531404,0.,0.,0.,0.,0.,0.
3.810379925349945,0.,0.,0.,0.,0.,0.
3.869421823947923,0.,0.,0.,0.,0.,0.
3.929378577720018,0.,0.,0.,0.,0.,0.
3.9902643623619536,0.,0.,0.,0.,0.,0.
4.052093573222091,0.,0.,0.,0.,0.,0.
4.1148808287049485,0.,0.,0.,0.,0.,0.
4.178640973727456,0.,0.,0.,0.,0.,0.
4.243389083228772,0.,0.,0.,0.,0.,0.
4.3091404657344805,0.,0.,0.,0.,2.0364940294613537e21,0.
4.3759106669760195,0.,0.,0.,0.,3.007053779669773e21,0.
4.443715473566186,0.,0.,0.,0.,7.819729139375279e21,0.
4.512570916731599,0.,0.,0.,0.,5.767313048712431e21,0.
4.58249327610299,0.,0.,0.,0.,6.011179575521119e21,0.
4.653499083564235,0.,0.,0.,0.,7.48624916094115e21,0.
4.725605127161015,0.,0.,0.,0.,8.970583202727996e21,0.
4.798828455070057,0.,0.,0.,0.,1.0347895735223998e22,0.
4.873186379629853,0.,0.,0.,0.,1.0968372635087244e22,0.
4.94869648143387,0.,0.,0.,0.,1.0626334103132638e22,0.
5.025376613487146,0.,0.,0.,0.,7.902196607941258e21,0.
5.10324490542733,0.,0.,0.,0.,6.531020794001764e21,0.
5.182319767811089,0.,0.,0.,0.,5.609129240097983e21,0.
5.262619896466973,0.,0.,0.,0.,4.934533096812083e21,0.
5.344164276915693,0.,0.,0.,0.,4.6157027457475685e21,0.
5.426972188858914,0.,0.,0.,0.,4.4424226926905923e21,0.
5.5110632107375865,0.,0.,0.,0.,4.5578209030680347e21,0.
5.596457224360921,0.,0.,0.,0.,5.017465946950803e21,0.
5.683174419607086,0.,0.,0.,0.,5.6929540178879e21,0.
5.7712352991967375,0.,0.,0.,0.,6.31704919858636e21,0.
5.860660683540518,0.,0.,0.,0.,6.862796564491461e21,0.
5.951471715661671,0.,0.,0.,0.,7.330814902761165e21,0.
6.0436898661949305,0.,0.,0.,0.,7.719435007385204e21,0.
6.137336938462861,0.,0.,0.,0.,8.021530017570143e21,0.
6.232435073630856,0.,0.,0.,0.,8.198709604803524e21,0.
6.329006755942036,0.,0.,0.,0.,8.263433027950573e21,0.
6.427074818033227,0.,0.,0.,0.,8.270380570380439e21,0.
6.526662446333334,0.,0.,0.,0.,8.213521835281553e21,0.
6.627793186545349,0.,0.,0.,0.,8.214892512488727e21,0.
6.730490949213317,0.,0.,0.,0.,8.260877941950009e21,0.
6.834780015375549,0.,0.,0.,0.,8.36936303111433e21,0.
6.940685042305438,0.,0.,0.,0.,8.401081183106139e21,0.
7.048231069341223,0.,0.,0.,0.,8.376425732138414e21,0.
7.1574435238061,0.,0.,0.,0.,8.188435870976637e21,0.
7.268348227020047,0.,0.,0.,0.,7.776204590297054e21,0.
7.3809714004048095,0.,0.,0.,0.,7.208066112954531e21,0.
7.495339671683495,0.,0.,0.,0.,6.642935499720708e21,0.
7.611480081176205,0.,0.,0.,0.,6.126982355691e21,0.
7.729420088193236,0.,0.,0.,0.,5.655600058312355e21,0.
7.849187577527353,0.,0.,0.,0.,5.223758340682227e21,0.
7.970810866046626,0.,0.,0.,0.,4.827741656605875e21,0.
8.094318709389453,0.,0.,0.,0.,4.4643922026963707e21,0.
8.219740308763328,0.,0.,0.,0.,4.130542302847732e21,0.
8.34710531784891,0.,0.,0.,0.,3.823485389882411e21,0.
8.476443849811133,0.,0.,0.,0.,3.540980088463786e21,0.
8.607786484418895,0.,0.,0.,0.,3.2807171661664517e21,0.
8.741164275275128,0.,0.,0.,0.,3.0400673691143116e21,0.
8.876608757158822,0.,0.,0.,0.,2.8174475446092174e21,0.
9.0141519534809,0.,0.,0.,0.,2.611491722749693e21,0.
9.15382638385553,0.,0.,0.,0.,2.420885829969606e21,0.
9.295665071788848,0.,0.,0.,0.,2.244188087129439e21,0.
9.439701552486744,0.,0.,0.,0.,2.0803025290849002e21,0.
9.58596988078367,0.,0.,0.,0.,1.9283030525212825e21,0.
9.734504639194283,0.,0.,0.,0.,1.7873415139897914e21,0.
9.885340946089869,0.,0.,0.,0.,1.6565392021019616e21,0.
10.038514464001436,0.,0.,0.,0.,1.5351465645360174e21,0.
10.194061408051505,0.,0.,0.,0.,1.4225021428928052e21,0.
10.352018554516485,0.,0.,0.,0.,1.317979900329943e21,0.
10.512423249521811,0.,0.,0.,0.,1.2209484587167716e21,0.
10.675313417871703,0.,0.,0.,0.,1.1308725240779951e21,0.
10.84072757201585,0.,0.,0.,0.,1.0472672336961848e21,0.
11.008704821154986,0.,0.,0.,0.,9.696712909151982e20,0.
11.17928488048752,0.,0.,0.,0.,8.97659968943615e20,0.
11.352508080599524,0.,0.,0.,0.,8.308396077789415e20,0.
11.528415377000135,0.,0.,0.,0.,7.688623460343306e20,0.
11.707048359804784,0.,0.,0.,0.,7.114049698452089e20,0.
11.888449263568402,0.,0.,0.,0.,6.581055055483163e20,0.
12.072660977271033,0.,0.,0.,0.,6.086576613806408e20,0.
12.259727054458164,0.,0.,0.,0.,5.6279184273257405e20,0.
12.449691723538168,0.,0.,0.,0.,5.2025054441681374e20,0.
12.642599898239336,0.,0.,0.,0.,4.808062613902558e20,0.
12.838497188228892,0.,0.,0.,0.,4.442866121368681e20,0.
13.03742990989659,0.,0.,0.,0.,4.1047583720150945e20,0.
13.239445097305408,0.,0.,0.,0.,3.791713808840871e20,0.
13.44459051331187,0.,0.,0.,0.,3.501853432802864e20,1.0206317821469106e21
13.652914660858764,0.,0.,2.450203802414098e21,0.,3.2332838496697496e20,8.841060857080225e21
13.864466794442725,0.,0.,6.901717275831518e21,0.,2.984417550273412e20,1.8710169298701986e22
14.07929693175963,0.,0.,7.109007599037012e21,0.,2.753910413646796e20,2.4296285526442675e22
14.297455865530372,0.,0.,7.996754854617125e21,0.,2.5408247189895774e20,2.352869526614092e22
14.518995175509852,0.,0.,1.067589951229058e22,0.,2.3438577054555698e20,2.1510937314135785e22
14.743967240682137,0.,0.,1.6271499768947943e22,0.,2.1617555282312335e20,1.963126431874864e22
14.972425251644468,0.,0.,1.0274855262510763e22,0.,1.9933931457539424e20,1.8514967451332382e22
15.204423223183282,0.,0.,1.0458975185362273e22,0.,1.8377350381088493e20,1.7852167780296588e22
15.440016007044992,0.,0.,1.0201815082075383e22,0.,1.6938192251725565e20,1.7261633131312228e22
15.679259304904683,0.,0.,9.505948260152423e21,0.,1.5607559694695268e20,1.6407040984608181e22
15.922209681535847,0.,0.,5.619333509596129e21,0.,1.437791071993034e20,1.568807372902263e22
16.168924578184015,0.,0.,2.7593020571329243e21,0.,1.3243694169826619e20,1.5870377343333823e22
16.419462326147777,0.,0.,1.864239542029349e21,0.,1.2197251937044378e20,1.677164860763386e22
16.673882160570116,0.,0.,1.4783485705973358e21,0.,1.1231608242651054e20,1.7757163918643624e22
16.93224423444352,0.,0.,1.2105062223109373e21,0.,1.0340520880442684e20,1.8134792442665872e22
17.194609632832083,0.,0.,1.0044836626893637e21,0.,9.518065993595512e19,1.757086982116705e22
17.461040387313936,0.,0.,8.504378389000583e20,0.,8.758933791952947e19,1.668771502150416e22
17.73159949064753,0.,0.,7.37520728961063e20,0.,8.058260792577914e19,1.5800040619174095e22
18.006350911665116,0.,0.,6.533889881227122e20,0.,7.411519837777433e19,1.5018542818101247e22
18.285359610397034,0.,0.,5.882458810617745e20,0.,6.814497788636763e19,1.4260920176914612e22
18.568691553430373,0.,0.,5.3677380807616174e20,0.,6.264749571170454e19,1.3454461084638112e22
18.856413729505523,0.,0.,4.956150123329816e20,0.,5.759142323979151e19,1.2503294260094966e22
19.148594165354513,0.,0.,4.625577583596755e20,0.,5.294055327357701e19,1.1437859449508454e22
19.445301941784667,0.,0.,4.356093640179648e20,0.,4.866177174104647e19,1.0432260251180635e22
19.746607210011557,0.,0.,4.135983466986856e20,0.,4.47247288472778e19,9.554085362927934e21
20.052581208244966,0.,0.,3.956971781866653e20,0.,4.1097834795804885e19,8.841066267367847e21
20.363296278531866,0.,0.,3.810117598645212e20,0.,3.775606470125653e19,8.251338842097594e21
20.678825883860462,0.,0.,3.68971714682776e20,0.,3.4676431320614842e19,7.735294428431158e21
20.99924462552911,0.,0.,3.591225419776731e20,0.,3.1838203531342586e19,7.269580331230529e21
21.32462826078453,0.,0.,3.5108019500412613e20,0.,2.9222681388477227e19,6.84295936791917e21
21.655053720733168,0.,0.,3.445766524957721e20,0.,2.6812039868482277e19,6.4488475690736e21
21.990599128530228,0.,0.,3.393517395860748e20,0.,2.4593736632758354e19,6.082977834342868e21
22.331343817850474,0.,0.,3.352018526878953e20,0.,2.2557453927366406e19,5.742266955886987e21
22.677368351645235,0.,0.,3.319841394639735e20,0.,2.068793926562548e19,5.424074623789391e21
23.028754541190068,0.,0.,3.295382499279843e20,0.,1.897103256388925e19,5.126410553959649e21
23.385585465427578,0.,0.,3.2771466993139004e20,0.,1.7394214005774107e19,4.847701472148099e21
23.74794549060992,0.,0.,3.26468937453637e20,0.,1.5945933891860998e19,4.5865585419210095e21
24.115920290245718,0.,0.,3.2572673908775335e20,0.,1.4615562609271407e19,4.341718325057008e21
24.489596865355956,0.,0.,3.2538147945296704e20,0.,1.3393384554039448e19,4.112235526467511e21
24.8690635650439,0.,0.,3.253958405883419e20,0.,1.2270518108493509e19,3.896875319953116e21
25.25441010738353,0.,0.,3.257676850417571e20,0.,1.123884246807445e19,3.6950811211705205e21
25.64572760063193,0.,0.,3.264687421486948e20,0.,1.029093070202439e19,3.506168639454544e21
26.04310856476999,0.,0.,3.2744957481974504e20,0.,9.41990601757678e18,3.3289916456468674e21
26.446646953377275,0.,0.,3.2872149424171005e20,0.,8.618987780219095e18,3.163707792272161e21
26.85643817584558,0.,0.,3.303368700305235e20,0.,7.882472018548956e18,3.0090395886126063e21
27.272579119936733,0.,0.,3.3240948313097634e20,0.,7.207095444784865e18,2.8651281075241657e21
27.69516817469005,0.,0.,3.350845354908656e20,0.,6.589396654302413e18,2.7313229841584945e21
28.124305253684565,0.,0.,3.386866048559965e20,0.,6.024471368724748e18,2.607178954656222e21
28.56009181866183,0.,0.,3.439761415393257e20,0.,5.507745456969915e18,2.4928378713637734e21
29.00263090351479,0.,0.,3.528239695777021e20,0.,5.034962971967099e18,2.387515076296375e21
29.452027138648113,0.,0.,3.662390978094617e20,0.,4.60241141366821e18,2.291685415039587e21
29.908386775716394,0.,0.,3.783573793466437e20,0.,4.206620985536884e18,2.2047018843998957e21
30.37181771274528,0.,0.,3.863653996933968e20,0.,3.844427074116613e18,2.126903123158747e21
30.842429519642057,0.,0.,3.9220941374312894e20,0.,3.5129053956919393e18,2.0582492650516392e21
31.320333464101548,0.,0.,3.8799047994765456e20,0.,3.2094662884065475e18,1.998541297895344e21
31.805642537913254,0.,0.,3.7978589668668336e20,0.,2.93171398474338e18,1.9487067082323062e21
32.29847148367634,0.,0.,3.768582157909663e20,0.,2.677457772809695e18,1.9080054080104143e21
32.79893682192833,0.,0.,3.756738607602028e20,0.,2.4446989818199654e18,1.8780015592362085e21
33.30715687869446,0.,0.,3.7366659706250134e20,0.,2.2316139357400824e18,1.8588833585615143e21
33.82325181346352,0.,0.,3.707888722886314e20,0.,2.0365383842991368e18,1.8503511001816236e21
34.347343647597604,0.,0.,3.6700056632084595e20,0.,1.8579532817345157e18,1.8568755875091293e21
34.87955629318179,0.,0.,3.610244947147992e20,0.,1.6944717974018816e18,1.87519162701611e21
35.42001558232088,0.,0.,3.4987363821923526e20,0.,1.5448274544340106e18,1.9164920945051886e21
35.968849296890205,0.,0.,3.277639122566551e20,0.,1.408186931747677e18,1.9829697222427237e21
36.526187198747294,0.,0.,2.8158971449801038e20,0.,1.2836808758149222e18,2.0679279267083064e21
37.0921610604118,0.,0.,2.4579262711965005e20,0.,1.1702264913119137e18,2.1828802950433438e21
37.666904696220676,0.,0.,2.2921949801866042e20,0.,1.0668381736749366e18,2.3138366875128816e21
38.25055399396614,0.,0.,2.2451566270784147e20,0.,9.726180690700563e17,2.442034770921126e21
38.843246947024056,0.,0.,2.198065856839029e20,0.,8.867362083592888e17,2.561798359546049e21
39.44512368697978,0.,0.,2.154814727515448e20,0.,8.084497988178499e17,2.652520761697201e21
40.05632651675993,0.,0.,2.1186055009835e20,0.,7.370831193425898e17,2.7230682077778165e21
40.676999944277235,0.,0.,2.084035272604711e20,0.,6.720210714733684e17,2.7976555872710285e21
41.30729071659683,0.,0.,2.0429692061734902e20,0.,6.127052914517463e17,2.881127354146893e21
41.947347854632106,0.,0.,1.978227812019599e20,6.710103483467001e21,5.586245016388417e17,3.060353818636844e21
42.597322688377815,8.546175720609062e18,0.,1.8330456514427585e20,3.053567189836873e22,5.0931505117543974e17,3.5250236141631093e21
43.25736889268947,1.7209377148531012e19,0.,1.7361954563745867e20,3.214533131454012e22,4.6435468426712384e17,4.274092435799622e21
43.92764252361696,2.4405148001600934e19,0.,1.688988236673803e20,2.04023090379946e22,4.233580610455157e17,5.372153599704146e21
44.60830205530116,3.216550326878151e19,0.,1.6581678636459973e20,1.7685995263642707e22,3.859730779561261e17,7.447524750163671e21
45.29950841744238,5.040009246802526e19,0.,1.632968338780259e20,1.5505915174181927e22,3.518814513155411e17,1.0435485389590603e22
46.001425033349186,5.670795475630937e19,0.,1.6095535520534187e20,1.4106674343200955e22,3.207919557222751e17,1.4165108168979152e22
46.714217858576994,7.466517055695022e19,0.,1.58525244130777e20,1.3083849672310565e22,2.924392899039189e17,1.801143252173965e22
47.438055420165185,9.497205946628851e19,0.,1.557332380378868e20,1.1872297532375203e22,2.665817613505521e17,2.083214586840093e22
48.173108856482436,1.1691522070984858e20,0.,1.5216650286160265e20,9.841132618815438e21,2.4299917785582406e17,2.203950323492955e22
48.919551957689094,1.3457123505048492e20,0.,1.463009403927735e20,8.989701882924196e21,2.214909271994414e17,2.189383429344524e22
49.677561206826915,1.4783450292891193e20,0.,1.387230658172751e20,8.83785974788798e21,2.0187422798036515e17,2.083106479297397e22
50.44731582154528,1.393723380952195e20,0.,1.3276357611565074e20,8.707764504008219e21,1.8398253621377437e17,1.963625715286974e22
51.22899779647387,1.4449417804124439e20,0.,1.2633748909703234e20,8.574569958702868e21,1.676640937543373e17,1.8497533102956923e22
52.02279194625218,1.5166071169000184e20,0.,1.1848164744001697e20,8.703557696160844e21,1.5278060591576646e17,1.741343792088485e22
52.82888594922545,1.5972856012843958e20,0.,1.0820809526478989e20,9.466100808775952e21,1.3921135417659418e17,1.6384521224196903e22
53.647470391817954,1.684761840652894e20,0.,9.396832283858952e19,1.2128933690635463e22,1.268483085209549e17,1.5411188133830645e22
54.478738813593736,1.7774493057483178e20,0.,7.064800960672367e19,1.7243537244728712e22,1.1558409665622397e17,1.44918875512258e22
55.32288775301548,1.8743078611720097e20,0.,5.002774795203923e19,2.3327549032067743e22,1.0532092364926126e17,1.3624145714012744e22
56.18011679391245,1.9749854611377347e20,0.,3.871743172400442e19,2.816272339519279e22,9.596971522877454e16,1.2806905213713677e22
57.050628612668696,2.0791260333255698e20,0.,1.5324735812004905e19,2.983037836144147e22,8.744933801339192e16,1.2040235309952267e22
57.934629026142126,2.186136632291485e20,0.,8.952419724554765e16,2.856853922766477e22,7.968588972273816e16,1.132264159309186e22
58.832327040326035,2.295641744999202e20,0.,8.130476835617166e16,2.613473963437134e22,7.26120530593223e16,1.0651353368549134e22
59.74393489976512,2.407631649719694e20,0.,7.384828929247506e16,2.384334462342697e22,6.6166507523128856e16,1.0022119313968908e22
60.66966813773669,2.523339827002744e20,0.,6.708291690754054e16,2.1674671483933226e22,6.0293393940031944e16,9.428754547948096e21
61.60974562720971,2.6416409291031695e20,0.,6.0943699313554696e16,1.9509717589789684e22,5.494182695866368e16,8.868886273785112e21
62.56438963259324,2.7619019204634008e20,0.,5.537189928784413e16,1.737747674341165e22,5.0065451200236696e16,8.341468270785027e21
63.53382586228696,2.8838747322993073e20,0.,5.0314386040947976e16,1.5696660070414315e22,4.562203713576858e16,7.844775437827322e21
64.51828352204595,3.008361044751421e20,0.,4.572308819804296e16,1.3729901121095491e22,4.1573113120786504e16,7.376300696167969e21
65.51799536917214,3.135998226657381e20,0.,4.1554501623016616e16,1.2611022473825895e22,3.7883630339276536e16,6.933099300372086e21
66.53319776754567,3.265739565392068e20,0.,3.776924640390016e16,1.1600710401854649e22,3.4521657702906584e16,6.514382675558053e21
67.56413074350864,3.397109022420321e20,0.,3.433166792987748e16,1.068427657454982e22,3.145810401716642e16,6.119264557028477e21
68.61103804261539,3.5301178753280193e20,0.,3.1209477532779044e16,9.84692995849501e21,2.8666464969216612e16,5.746640943874412e21
69.67416718726157,3.6654639724202236e20,0.,2.8373428648159948e16,9.0818138999358e21,2.6122592711993092e16,5.395161476564422e21
70.75376953520617,3.803074042355043e20,0.,2.579702487963102e16,8.381758955801615e21,2.3804486019998348e16,5.063126847251499e21
71.85010033900097,3.942769000510412e20,0.,2.345625673141672e16,7.738731650758899e21,2.169209917410911e16,4.749593213817017e21
72.96341880633994,4.0843340552052834e20,0.,2.132936411357962e16,7.147019837439625e21,1.9767195119847732e16,4.4537503979178945e21
74.09398816134461,4.227514411166299e20,0.,1.939675524439791e16,6.602683677428777e21,1.8013373072195208e16,4.174794280630939e21
75.24207570679857,4.372051347321228e20,0.,1.7640744158739542e16,6.101712633820922e21,1.6415469254063238e16,3.9119313964390285e21
76.40795288734616,4.5190682081978266e20,0.,1.6045014281789712e16,5.639785949752036e21,1.4959615132249024e16,3.6643806764957014e21
77.59189535367105,4.6693140136576385e20,0.,1.4594853216019218e16,5.213147789306962e21,1.3633223273273216e16,3.431312926045537e21
78.79418302766868,4.821329175003147e20,0.,1.3276878936369808e16,4.819119985993745e21,1.2424750988157354e16,3.211695159260138e21
80.01510016862886,4.973839254670314e20,0.,1.207893884747998e16,4.4552159955107185e21,1.1323736507319524e16,3.0047500439764934e21
81.25493544044353,5.128584430332139e20,0.,1.0990050606847642e16,4.119126704400087e21,1.0320642971685036e16,2.8098324775961074e21
82.51398197985633,5.289822595710449e20,0.,1.0000214973474548e16,3.8086696766544e21,9.406745000854298e15,2.626409055806565e21
83.79253746576958,5.454321189882851e20,0.,9.100351909976332e15,3.521488436121725e21,8.574116991358225e15,2.4541446473104186e21
85.09090418962502,5.61883410356323e20,0.,8.282233554902691e15,3.255624794698461e21,7.815552825578552e15,2.292657305885446e21
86.40938912687518,5.7867953882130075e20,0.,7.538401200166156e15,3.009452273784872e21,7.124460583841772e15,2.1411258291821947e21
87.74830400956199,5.969511293761444e20,0.,6.862068397543119e15,2.7815981223424174e21,6.494833658570533e15,1.9986400280376453e21
89.10796540002063,6.15861648240804e20,0.,6.247064888901166e15,2.5710521742305924e21,5.921206904362206e15,1.8646131283518877e21
90.48869476572482,6.348506288787528e20,0.,5.687796974829444e15,2.376669598371649e21,5.398599865021846e15,1.7386006949541933e21
91.89081855529169,6.54104164281042e20,0.,5.179183718127279e15,2.1967002200172402e21,4.922473684055739e15,1.6202977306516691e21
93.31466827566534,6.740146765335782e20,0.,4.716609383712948e15,2.0298323694221698e21,4.4886918770211035e15,1.509688573500875e21
94.76058057049502,6.940594360970007e20,0.,4.2958803793769545e15,1.8750603994301986e21,4.093484621259711e15,1.4064443905171092e21
96.22889729972898,7.140815302416644e20,0.,3.913186265560446e15,1.7316136487549615e21,3.7334162478944695e15,1.3100553840755687e21
97.71996562044093,7.348946832364114e20,0.,3.5650644434705525e15,1.599101433240115e21,3.40535564829802e15,1.2197528245880336e21
99.23413806890878,7.565532724410432e20,0.,3.2483681679918e15,1.476968189756476e21,3.106449331985711e15,1.1350047810661013e21
100.77177264396603,7.781948624836366e20,0.,2.960193357826005e15,1.364259697299924e21,2.8339778456691805e15,1.055447157058684e21
102.33323289164382,7.73881783538539e20,0.,2.6977362087024875e15,1.2598189979917998e21,2.5854368059379235e15,9.808390805279147e20
103.91888799112502,6.304341524394242e20,0.,2.458659289476878e15,1.162882792441117e21,2.3587217341138755e15,9.111169614528305e20
105.52911284202962,4.437699406686267e20,0.,2.240867870090697e15,1.0728899478398958e21,2.1519134698443718e15,8.462913098596857e20
107.16428815305359,2.3697677556137243e20,0.,2.042456229483589e15,9.894544447424484e20,1.9632618286513825e15,7.860380505923564e20
108.82480053198027,1.5014850779805834e20,0.,1.8616904497321692e15,9.125097371776607e20,1.7911707029749798e15,7.30038293371984e20
110.51104257708671,1.2415234879376838e20,0.,1.6969927939143065e15,8.417079078993031e20,1.6341844790137912e15,6.778703995563904e20
112.22341296996657,9.466379690378433e19,0.,1.5469275198964968e15,7.765403641103066e20,1.490975652883951e15,6.290685143748489e20
113.9623165697916,7.713107325725465e19,0.,1.4101879962706828e15,7.164358197834307e20,1.3603335400557155e15,5.8336031075733425e20
115.72816450903252,7.240448714104475e19,0.,1.2855849993371445e15,6.6072762359402e20,1.2411539813610815e15,5.405598301434714e20
117.52137429066467,6.688004939253814e19,0.,1.1720360814810928e15,6.090048257423606e20,1.1324299574526418e15,5.005641990705906e20
119.34236988687861,6.25113424173726e19,0.,1.0685559116309079e15,5.609755034655332e20,1.0332430314007545e15,4.6344437759766856e20
121.19158183932102,5.972414633133419e19,0.,9.742474978368222e14,5.164587430138121e20,9.427555462541394e14,4.290821541728711e20
123.06944736088799,5.64127963315024e19,0.,8.882942104598445e14,4.754790677455752e20,8.602035108228801e14,3.972721236670495e20
124.97641043909687,5.256941556118338e19,0.,8.099525321028024e14,4.378393474360575e20,7.848901128967736e14,3.678242404154755e20
126.91292194105871,4.813813948488773e19,0.,7.385454673292819e14,4.0325754912991465e20,7.161798044678631e14,3.4056147054511043e20
128.8794397200775,4.304623536077004e19,0.,6.734565514729135e14,3.7147656047439315e20,6.534929084366658e14,3.152244712359941e20
130.87642872390185,3.956386136442721e19,0.,6.141244034946141e14,3.422363617521175e20,5.963007007602425e14,2.9158363107942567e20
132.90436110465316,3.6367017510006362e19,1.4485671609427613e22,5.600377729758893e14,3.1518323228408296e20,5.441209260581665e14,2.6949825881858228e20
134.96371633045774,3.296825041715294e19,3.649184867505807e22,5.1073103596905494e14,2.900871247016489e20,4.9651370842210856e14,2.48875962716688e20
137.0549812988079,3.1427741880872505e19,4.704420184269308e22,4.657800986292717e14,2.6678917092348415e20,4.5307782254264994e14,2.2967573635504964e20
139.1786504516808,2.9749875914200556e19,3.2420768121817997e22,4.2479867135789144e14,2.451883277727917e20,4.13447293358081e14,2.119401519326891e20
141.33522589244006,2.839058409764034e19,2.8956585371924903e22,3.874348796332536e14,2.2527963667588396e20,3.772882952506811e14,1.9558418258551993e20
143.52521750454886,2.752681286061531e19,2.5264557079293063e22,3.5336818082808325e14,2.070278573504818e20,3.442963243461736e14,1.804995963647911e20
145.74914307212276,2.651106136951644e19,1.4126445752492944e22,3.223065591457652e14,1.9029114614088024e20,3.141936198504661e14,1.6658673590632356e20
148.00752840235108,2.6029981356719657e19,6.232018144339572e21,2.939839733712111e14,1.7493986393859175e20,2.8672681244328894e14,1.5375383138140527e20
150.30090744981345,2.5486129299937415e19,3.644446509907919e21,2.6815803446105362e14,1.6085588480911622e20,2.6166477971821597e14,1.4191636922155052e20
152.6298224427248,2.51051294652355e19,2.81224457999097e21,2.446078921065761e14,1.4793152704647637e20,2.3879669041368828e14,1.309870544250076e20
154.99482401113477,2.4870667025130648e19,2.373917880278018e21,2.231323113167384e14,1.3606213626692693e20,2.179302207915263e14,1.2083912831892305e20
157.39647131711482,2.461378617004081e19,2.0411000079683913e21,2.0354792180457962e14,1.2509998655029638e20,1.988899279913283e14,1.1139118989094e20
159.8353321869613,2.4576589760353886e19,1.7162595016399748e21,1.8568762453556706e14,1.149425508412153e20,1.8151576652923006e14,1.0258805515332485e20
162.31198324544854,2.446661200828031e19,1.43469191879307e21,1.6939914122439644e14,1.0552043469950019e20,1.6566173532310806e14,9.43960770806032e19
164.82701005216117,2.453776262632166e19,1.2210111157927978e21,1.5454369386581366e14,9.678928012687678e19,1.5119464375402428e14,8.681415488326422e19
167.38100723993864,2.4564076745964184e19,1.0716893049979319e21,1.4099480256027953e14,8.874020434327128e19,1.3799298626681627e14,7.984538527451359e19
169.9745786554662,2.469438847744301e19,9.543833968067901e20,1.2863719096533688e14,8.137264089367198e19,1.259459159597834e14,7.344099855379715e19
172.6083375020432,2.4817800792162894e19,8.703245475203657e20,1.1736578967406325e14,7.462926677141627e19,1.1495230844224078e14,6.755485951797286e19
175.2829064845642,2.499768255010364e19,8.014479544036233e20,1.070848287020608e14,6.845592102632445e19,1.0491990800802298e14,6.214464117168116e19
177.99891795674563,2.5186466024812446e19,7.469629355165762e20,9.770701106622188e13,6.280327630514693e19,9.576454888673738e13,5.717150715531856e19
180.75701407063553,2.540952080592525e19,7.057017321767327e20,8.915276016474683e13,5.7626393068504105e19,8.740944495234125e13,5.259982094203472e19
183.55784692843844,2.5641961078150242e19,6.703494068448196e20,8.134953432805577e13,5.288431650852736e19,7.978454187383639e13,4.839687952189358e19
186.40207873669218,2.590061676001603e19,6.435659716907657e20,7.423120251102677e13,4.853971189764005e19,7.282592620455073e13,4.453266948722496e19
189.2903819628365,2.6161196069216686e19,6.216319275967962e20,6.773747564163329e13,4.455853454654571e19,6.647528640455213e13,4.097781162068958e19
192.22343949420494,2.644852666141238e19,6.03317328358263e20,6.181338863668521e13,4.0903738974520435e19,6.0679421224732234e13,3.7686718659566395e19
195.20194479948074,2.6725615095975727e19,5.899753556438009e20,5.640882854578998e13,3.7524938951422665e19,5.538979128570508e13,3.4628026347445367e19
198.22660209265612,2.7035931610253947e19,5.78859005311993e20,5.147810469392025e13,3.4392349736128565e19,5.056211005205385e13,3.178197791609061e19
201.29812649953038,2.7322272779376173e19,5.703083105202929e20,4.6979557065034445e13,3.1486196172732457e19,4.6155970737400484e13,2.913678735403472e19
204.41724422678882,2.764930462379445e19,5.644053575174837e20,4.287519950771057e13,2.879507720189118e19,4.213450597935513e13,2.6691058217997713e19
207.5846927337005,2.7950853325359346e19,5.59619921556919e20,3.9130394650903984e13,2.632278918239601e19,3.84640774030618e13,2.4450518981448626e19
210.80122090647836,2.827795149863328e19,5.565213787680385e20,3.571355769848019e13,2.4065762351535178e19,3.511399244628798e13,2.239935376890999e19
214.06758923533934,2.8596068113140507e19,5.5483864110122716e20,3.259588652442224e13,2.200495497630084e19,3.2056246047085008e13,2.0521450174478963e19
217.384569994308,2.891339509026916e19,5.536966325753827e20,2.975111572322558e13,2.012304063275544e19,2.926528501082921e13,1.8802075501655466e19
220.75294742380805,2.924632156603387e19,5.535501266025165e20,2.71552924794505e13,1.8404250388085383e19,2.6717793062040566e13,1.7227757869952565e19
224.17351791608093,2.9559394399125082e19,5.5426939936164885e20,2.4786572312203594e13,1.6834229865866074e19,2.4392494762418855e13,1.578617763203765e19
227.64709020347905,2.9896640529641386e19,5.552800892272211e20,2.262503292489828e13,1.5399909749988714e19,2.226997663928893e13,1.4466068201587132e19
231.17448554967513,3.0225630929318638e19,5.5685457241563306e20,2.065250454823376e13,1.4089388427580609e19,2.033252400970812e13,1.3257125470699053e19
234.75653794383626,3.054499244854409e19,5.5919263388009346e20,1.8852415309292668e13,1.2891825601152293e19,1.856397212298892e13,1.2149925068213107e19
238.39409429780557,3.089304567607212e19,5.617018382418708e20,1.7209650290489672e13,1.1797345816563847e19,1.6949570363235633e13,1.1135846775803146e19
242.08801464633743,3.1230260435313836e19,5.643932612929002e20,1.5710423061578111e13,1.0796950957781987e19,1.5475858364957922e13,1.0207005478687715e19
245.8391723504401,3.156854823758471e19,5.6770030556507426e20,1.4342158576530168e13,9.882440853056356e18,1.413055299450031e13,9.3561880823481e18
249.64845430386447,3.1942966801674502e19,5.71252968050731e20,1.3093386426168346e13,9.046341221243813e18,1.2902445244872973e13,8.576696725316412e18
253.51676114279385,3.2323508583085527e19,5.749114523571477e20,1.1953643527290906e13,8.28044817490067e18,1.1781306171488572e13,7.859671229883471e18
257.4450074587844,3.272003924421243e19,5.787603805046722e20,1.0913385411022512e13,7.575431404118194e18,1.0757801076525162e13,7.197880800004896e18
261.43412201500314,3.3205271324728107e19,5.8323438116447243e20,9.963905347850256e12,6.925290582810214e18,9.82341121715665e12,6.586359670644517e18
265.4850479658174,3.3777761989785747e19,5.8809619441194605e20,9.097260614525492e12,6.325587485778004e18,8.970362376993664e12,6.021558732494582e18
269.5987430797862,3.4507461673897718e19,5.934154993213912e20,8.306205270029874e12,5.773256912408989e18,8.191559698868531e12,5.501445038090819e18
273.77617996610843,3.558403502302439e19,5.994534956063498e20,7.584128864023601e12,5.267884529180024e18,7.480528229004173e12,5.02592107514241e18
278.0183463045784,3.709508247207091e19,6.069326260194173e20,6.925000552462032e12,4.807078878034735e18,6.831358671806034e12,4.591640786164938e18
282.32624507910407,3.825065407437702e19,6.174393480737575e20,6.323318141841513e12,4.38687695088426e18,6.238657897708626e12,4.1950155975880806e18
286.70089481484587,3.908840186956312e19,6.34178766890671e20,5.774061625958288e12,4.0036715631929723e18,5.697503787162217e12,3.832770113717204e18
291.14332981902794,4.002665708597241e19,6.584239245189179e20,5.272650817841079e12,3.6541790373695227e18,5.203404030716553e12,3.501914705400113e18
295.6546004254819,3.976342310024087e19,6.834021943425057e20,4.814906714824003e12,3.33540986204255e18,4.752258537588336e12,3.1997205049767665e18
300.23577324297815,3.910890008354233e19,6.977436874841787e20,4.397016266755911e12,3.0446420485601137e18,4.340325136971236e12,2.9236965956755113e18
304.8879314074085,3.870722939162975e19,7.144074022221383e20,4.015500246718545e12,2.7793969326850765e18,3.9641882826347124e12,2.671569202220372e18
309.61217483787186,3.8678832676031005e19,7.078932486385408e20,3.6671839502092974e12,2.537417193472387e18,3.620730497957772e12,2.441262706590263e18
314.4096204967317,3.865693624823554e19,6.927230667060884e20,3.349170473056714e12,2.3166468829905874e18,3.3071063209135156e12,2.2308823283390124e18
319.28140265370166,3.852214556857407e19,6.866117257697665e20,3.0588163404459688e12,2.1152132801177073e18,3.0207185299491953e12,2.0386983231027845e18
324.2286731540231,3.832577210178924e19,6.85060651201993e20,2.7937092796235522e12,1.9314103993109353e18,2.7591964506602617e12,1.8631315658050967e18
329.2526016907971,3.804087922514915e19,6.825375346104085e20,2.5516479471738135e12,1.7636840012087665e18,2.520376161295117e12,1.7027403968839245e18
334.3543760815392,3.75397377893077e19,6.782214977607413e20,2.3306234384885146e12,1.6106179663435374e18,2.302282430028946e12,1.5562086205262057e18
339.53520254901616,3.6574419732121354e19,6.723836671578817e20,2.1288024223730251e12,1.4709219062835167e18,2.1031122329245894e12,1.422334553763994e18
344.79630600643657,3.4689559126140916e19,6.635494109839588e20,1.944511757507107e12,1.3434198982977754e18,1.9212197137553918e12,1.3000210341331674e18
350.13893034705774,3.0826207261115597e19,6.47446559757902e20,1.7762244602489673e12,1.2270402403031e18,1.755102459376713e12,1.1882663017453233e18
355.56433873828433,2.662936657097641e19,6.157547469196027e20,1.6225469047298389e12,1.1208061324853934e18,1.6033889754888142e12,1.0861556790421443e18
361.07381392032033,2.450336621314267e19,5.495762306185404e20,1.4822071467504783e12,1.0238272007149535e18,1.4648272576728894e12,9.928539782469478e17
366.6686585094489,2.366811549875462e19,4.6780664093732536e20,1.3540442725443481e12,9.352917847668069e17,1.3382743617056245e12,9.075985726840785e17
372.35019530601465,2.3359294340655964e19,4.2782673992228137e20,1.2369986822206777e12,8.54390880191464e17,1.2226868857745146e12,8.295843049900238e17
378.1197676071745,2.2920508785704206e19,4.1303887348882656e20,1.1301032256460957e12,7.802436865302035e17,1.1171122845396753e12,7.579991497321981e17
383.978739524497,2.2556602975154074e19,4.062010611877665e20,1.0324751157963018e12,7.12207473254025e17,1.0206809425731069e12,6.92252738790681e17
389.9284963064804,2.2240465006769672e19,3.978812249030733e20,9.433085512086931e11,6.497620902358301e17,9.325989402671566e11,6.31866127696751e17
395.9704446660723,2.1920140668166234e19,3.909941092707204e20,8.618679851975758e11,5.924951675983455e17,8.521414520691719e11,5.764620772230712e17
402.10601311325917,2.1516779352315904e19,3.848496761835431e20,7.874819849983096e11,5.401619616500884e17,7.786467212691708e11,5.2583773002555034e17
408.33665229281274,2.0854599402836574e19,3.783421072837303e20,7.195376289862323e11,4.92463474733922e17,7.115105612658326e11,4.796629618013008e17
414.66383532726974,1.930708225676744e19,3.692397604981111e20,6.574753947359158e11,4.4898794399062886e17,6.501813369970173e11,4.375463620972252e17
421.08905816522434,1.839137728798343e19,3.505858968743541e20,6.007844947865881e11,4.093603312935556e17,5.941553846727925e11,3.9913097910134746e17
427.6138399350174,1.794997972746985e19,3.2559426284053496e20,5.4899862081732666e11,3.7323903190269286e17,5.4297283141975836e11,3.6409128343901306e17
434.23972330390905,1.7652594673119306e19,3.137444223492684e20,5.0169206038932465e11,3.403128799001574e17,4.962137798557209e11,3.321303997389744e17
440.9682748428132,1.7412978331943363e19,3.069360724477187e20,4.5847615354924304e11,3.1029842343879405e17,4.534948257360177e11,3.029775823345592e17
447.80108539668583,1.7190519484774408e19,3.0215470351867845e20,4.189960594824878e11,2.8293744531069475e17,4.144658794980586e11,2.763859135421733e17
454.73977046065016,1.6961198595428299e19,2.9796149302320896e20,3.829278060191773e11,2.5799470658701642e17,3.7880726515647284e11,2.5213020487529024e17
461.7859705619535,1.6707524683784614e19,2.9372326720660013e20,3.499755971931427e11,2.3525589311702733e17,3.4622707233512836e11,2.300050832841e17
468.9413516478395,1.6390679876385819e19,2.8905616587518178e20,3.198693562211042e11,2.1452574652126454e17,3.164587392727461e11,2.0982324609153293e17
476.2076054794301,1.5939372640996567e19,2.8348952323188893e20,2.9236248327578076e11,1.956263629922845e17,2.892588466463464e11,1.9141386974150614e17
483.5864500317144,1.5122600318393242e19,2.7572005623502874e20,2.6722980922858612e11,1.7839564473749952e17,2.644051037528442e11,1.746211587873485e17
491.0796298997313,1.4503045225735612e19,2.614605393937969e20,2.4426572818937796e11,1.6268589028068003e17,2.4169451034262125e11,1.593030227560705e17
498.6889167110486,1.3892342948824293e19,2.5014016019052167e20,2.2328249318699432e11,1.483625110936997e17,2.2094167862441782e11,1.4532986959709197e17
506.416109544631,1.3178610461664866e19,2.3921768356995193e20,2.04108660702033e11,1.353028631690266e17,2.0197730158534027e11,1.3258350544590262e17
514.2630353562008,1.2278965218693632e19,2.2649009883988332e20,1.8658767102149658e11,1.2339518317827123e17,1.8464675475298438e11,1.2095613131585822e17
522.2315494101903,1.110329060378615e19,2.104120186623045e20,1.7057655252277924e11,1.1253761980148218e17,1.688088198056803e11,1.1034942817863205e17
530.3235357183821,9.309769671015844e18,1.892291514154237e20,1.5594473905007523e11,1.0263735166657762e17,1.5433451938979083e11,1.0067372263729941e17
538.5409074853535,6.636709575768827e18,1.5632902513668948e20,1.4257299048045322e11,9.360978411233366e16,1.4110605339093878e11,9.18472260840702e16
546.8856075608177,4.979968523600739e18,1.085007921712838e20,1.303524074580409e11,8.537781769429472e16,1.290158278775702e11,8.379534087013909e16
555.3596088989738,3.9021127903118986e18,8.252492395094835e19,1.1918353206244708e11,7.787118199300688e16,1.1796556857971426e11,7.645002757681659e16
563.9649150249801,1.2045714265254135e11,6.426993867298717e19,1.0897552689197046e11,7.102582886512558e16,1.0786551153088367e11,6.974922800244101e16
572.7035605086488,1.1010788790557736e11,7.743841354340843e16,9.96454257173958e10,6.478337980853932e16,9.863366418151807e10,6.3636338958131816e16
581.5776114454851,1.0065247957934427e11,7.04383202889626e16,9.111744944018095e10,5.909062259148186e16,9.019513078819899e10,5.805973239103395e16
590.5891659451756,9.201331895614066e10,6.407777573471934e16,8.332238165955487e10,5.389905273454091e16,8.248149651054904e10,5.2972317755489096e16
599.7403546276523,8.411957917562895e10,5.829756537551531e16,7.619699863494215e10,4.916445583049445e16,7.543026508504214e10,4.833114290915731e16
609.0333411268374,7.690661104458759e10,5.304404940254195e16,6.968354889657175e10,4.48465270491212e16,6.898434539893437e10,4.409703013914777e16
618.4703226021938,7.031540129226335e10,4.826862689590903e16,6.3729278167417755e10,4.0908524502186824e16,6.309158271104828e10,4.023424422436022e16
628.0535302582082,6.42920786110531e10,4.392725283991649e16,5.828599564322603e10,3.731695344305299e16,5.770433063620797e10,3.6710189712418696e16
637.7852298719156,5.8787463240155334e10,3.9980002592237544e16,5.330967801930338e10,3.404127854680531e16,5.277906031282889e10,3.3495134836149036e16
647.6677223286038,5.37566562291805e10,3.639067900370806e16,4.876010797237428e10,3.1053661764265068e16,4.827600356538439e10,3.0561959726621856e16
657.7033441658142,4.915866486364904e10,3.3126457888890372e16,4.460054408917742e10,2.8328723467810076e16,4.415882703673896e10,2.78859267791535e16
667.8944681257752,4.4956061049039795e10,3.0157567996185172e16,4.079741950280136e10,2.5843324812033684e16,4.039433465486786e10,2.5444471225114828e16
678.2435037163962,4.111466973534759e10,2.7457002026134996e16,3.732006673077676e10,2.357636941781693e16,3.6952195924671394e10,2.3217010127980108e16
688.7528977809479,3.760328472455846e10,2.5000255603340684e16,3.414046643210736e10,2.150862265813846e16,3.3804697815006256e10,2.1184768182439584e16
699.4251350765794,3.439340944010393e10,2.2765091425865456e16,3.1233017998551613e10,1.962254697790149e16,3.0926518195758102e10,1.9330618837992836e16
710.2627388617918,3.1459020452745564e10,2.07315946405302e16,2.85743300774648e10,1.7904147702565736e16,2.829451891556208e10,1.7641182836878896e16
721.2682714930157,2.8776351753796566e10,1.888664065853879e16,2.6143029289742393e10,1.6343672701722666e16,2.588755686200564e10,1.610681900281472e16
732.4443350304379,2.6323697944609142e10,1.7216456630743624e16,2.3919585558699455e10,1.4928561341270002e16,2.3686311391284492e10,1.4715141309604924e16
743.793571853209,2.408123467462781e10,1.5705841017469432e16,2.188615260349785e10,1.3645835478707826e16,2.1673126741395275e10,1.3453357028970548e16
755.3186652841885,2.2030854807443825e10,1.4339152877159926e16,2.0026422276353355e10,1.2482040944391086e16,1.983186809713062e10,1.2308208978047058e16
767.0223402243646,2.0156018929915348e10,1.309953966087622e16,1.8325491539586464e10,1.142102676607816e16,1.81477901456487e10,1.1263649763593448e16
778.9073637971126,1.8441618941608917e10,1.1968859411340952e16,1.6769740981714216e10,1.0450699091972094e16,1.660741701332033e10,1.0308181996522408e16
790.9765460024291,1.6873853573897877e10,1.0936804108862808e16,1.5346723870341143e10,9.56326669664449e15,1.5198432617732708e10,9.434172748601962e15
803.2327403813044,1.5440114789791431e10,9.994670326650092e15,1.404506482361934e10,8.751611016625022e15,1.390958050992683e10,8.634645683921882e15
815.6788446903945,1.4128884108412868e10,9.13453292172086e15,1.2854367265331312e10,8.009227799974411e15,1.2730572395131023e10,7.903224374760538e15
828.3178015871407,1.29296379824818e10,8.34917436301162e15,1.1765128899547396e10,7.330173841320013e15,1.1652004576469433e10,7.234080526790856e15
841.152599325511,1.1832761434115206e10,7.63202059359577e15,1.0768664508057245e10,6.70901835696451e15,1.0665281627022236e10,6.621886686862834e15
854.186272462512,1.082946922457077e10,6.977082809878608e15,9.857035434129023e9,6.140798593938566e15,9.762546675649681e9,6.061773045009186e15
867.421902575665,9.911733897178043e9,6.378904600386825e15,9.02298517209014e9,5.62097930259101e15,8.9366177134766e9,5.549287973813305e15
880.862618991584,9.07222009136294e9,5.83251394061e15,8.259880532397087e9,5.14541573485872e15,8.180929423206517e9,5.080361982588035e15
894.5115995258474,8.304224578217821e9,5.333379588779701e15,7.561657897998759e9,4.710319860052299e15,7.489480029116266e9,4.651274788356852e15
908.3720712343395,7.601621516963e9,4.877371471174066e15,6.922774130236923e9,4.312229517074504e15,6.856782745208466e9,4.2586252342275275e15
922.4473111762278,6.958812475326734e9,4.460724684869246e15,6.3381617211589e9,3.947980246681714e15,6.277821423172866e9,3.899303808220159e15
936.7406471887624,6.370680797296095e9,4.080006781366497e15,5.803187822691882e9,3.614679569781602e15,5.748010027853434e9,3.5704675364437525e15
951.2554586740877,5.8325499382141695e9,3.7320880265317195e15,5.313616818208412e9,3.3096834985039e15,5.2631556166202135e9,3.26951704548531e15
965.9951773982381,5.340145420553018e9,3.4141143611741435e15,4.865576127686684e9,3.030575085215672e15,4.819424515034035e9,2.994075605638781e15
980.9632883025192,4.889560094295111e9,3.1234828126783475e15,4.455524967162216e9,2.77514483192504e15,4.413311413267259e9,2.741969983563687e15
996.1633303274562,4.477222413387652e9,2.8578191316419415e15,4.0802258061468673e9,2.541372797964983e15,4.0416111295782256e9,2.5112129474828315e15
1011.5988972495171,4.09986746517829e9,2.6149574487523515e15,3.736718289051837e9,2.327412258045613e15,3.701392810148538e9,2.299987281942323e15
1027.273638530794,3.754510512829124e9,2.392921766361379e15,3.422295407887846e9,2.1315747757755305e15,3.389976356018236e9,2.1066311815218995e15
1043.1912601818535,3.4384228315775456e9,2.1899091165800302e15,3.134481730236203e9,1.9523165694085435e15,3.104910881041103e9,1.9296249039347655e15
1059.3555256379539,3.149109639133724e9,2.0042742334441882e15,2.871013505705954e9,1.7882260575202015e15,2.843955027766655e9,1.7675785737310682e15
1075.770256648846,2.884289937757226e9,1.8345156008939028e15,2.6298204875010805e9,1.638012481979575e15,2.6050589804688315e9,1.6192210371082935e15
1092.439334182356,2.6418781017150764e9,1.6792627511811582e15,2.4090093210717525e9,1.5004955146267708e15,2.386348028176347e9,1.483389676866673e15
1109.3666993419633,2.4199670582136774e9,1.5372646999417982e15,2.206848364213477e9,1.3745957622139612e15,2.1861075419235754e9,1.3590211044286828e15
1126.5563542986158,2.216812923295828e9,1.4073794147114025e15,2.0217538148432791e9,1.2593260916186212e15,2.0027692468878884e9,1.2451426532954832e15
1144.0123632369634,2.0308209662154677e9,1.2885642231931038e15,1.852277033506208e9,1.1537837041478688e15,1.8348986763585193e9,1.1408646046523748e15
1161.7388533162605,1.8605327868794172e9,1.1798670762268235e15,1.6970929571976314e9,1.057142893950713e15,1.681183705030186e9,1.0453730818204105e15
1179.7400156461636,1.704614601022468e9,1.080418588234825e15,1.554989510310157e9,9.686484312141494e14,1.5404240684354234e9,9.579235558283159e14
1198.0201062776403,1.56184653696045e9,9.894247850085518e14,1.424857926660772e9,8.876095160062795e14,1.4115217839157379e9,8.778349093821385e14
1216.5834472092379,1.4311128561763453e9,9.061604951319522e14,1.3056839037642677e9,8.133942533120535e14,1.2934723959490697e9,8.044840111146459e14
1235.4344274089374,1.31139301758858e9,8.299633271596486e14,1.1965395177074385e9,7.454246041416266e14,1.1853569725482378e9,7.373007558875138e14
1254.5775038518539,1.2017535123952796e9,7.602281799573331e14,1.0965758327773714e9,6.831717714843706e14,1.086334790139259e9,6.757635311779808e14
1274.017202574003,1.1013404027386372e9,6.964022384050346e14,1.0050161461469686e9,6.261519835046971e14,9.956366462711098e8,6.193950726655179e14
1293.758119742399,1.0093725031967885e9,6.379804110080739e14,9.211498126728309e8,5.739226396027029e14,9.125587474508889e8,5.6775867562898e14
1313.8049227417416,9.25135149492997e8,5.845011699134135e14,8.443265998715032e8,5.260787879805475e14,8.364571199564514e8,5.204547312552674e14
1334.1623512779306,8.479745035843881e8,5.355427574056952e14,7.739515273777907e8,4.8224990606422456e14,7.667425012856088e8,4.771175601206952e14
1354.8352184986868,7.772923487636118e8,4.90719726213529e14,7.094801491489037e8,4.4209695761984825e14,7.028756702142563e8,4.374125171940953e14
1375.8284121315294,7.125413323823153e8,4.4967978390422444e14,6.50414240254822e8,4.0530970267283656e14,6.44363175594027e8,4.0103334482484806e14
1397.1468956393987,6.532206175293127e8,4.121009143311648e14,5.962978534256009e8,3.716042384122969e14,5.90753432803507e8,3.6769975262776794e14
1418.7957093941711,5.9887190835153e8,3.776887515322786e14,5.467137135859202e8,3.4072075115474694e14,5.416331537399389e8,3.3715520457062094e14
1440.7799718683657,5.490758167289388e8,3.461741836890074e14,5.012799212397164e8,3.1242146116652156e14,4.9662408319492066e8,3.0916489554004194e14
1463.104880845319,5.034485408660664e8,3.1731116676953094e14,4.5964693811917496e8,2.8648874371584544e14,4.553800136243356e8,2.8351390099766894e14
1485.7757146481047,4.61638828889259e8,2.9087472930546375e14,4.2149483090757835e8,2.62723411178498e14,4.1758405690853214e8,2.6000548502910278e14
1508.7978333874935,4.2332520286457723e8,2.6665915141260316e14,3.8653075081265825e8,2.4094314232284138e14,3.8294614792030543e8,2.3845955294966106e14
1532.1766802292636,3.882134208051249e8,2.4447630267823194e14,3.544866286612798e8,2.2098104609942756e14,3.512007626333315e8,2.187112362598566e14
1555.9177826811333,3.560341561553851e8,2.2415412490915897e14,3.251170671511756e8,2.0268434837138062e14,3.2210483094213635e8,2.006095984663143e14
1580.0267538996443,3.2654087602873796e8,2.0553524698509512e14,2.981974131920984e8,1.859131910017601e14,2.9543582785848016e8,1.8401645145063966e14
1604.5092940172851,2.9950790108889025e8,1.8847572019743216e14,2.7352199492472667e8,1.7053953364032947e14,2.7099002766863364e8,1.6880527287420647e14
1629.3711914901937,2.747286314509911e8,1.7284386348784075e14,2.5090250933595094e8,1.564461493877767e14,2.485809071748457e8,1.5486021596601578e14
1654.61832446673,2.5201392432162237e8,1.5851920894088597e14,2.301665474876825e8,1.43525706268437e14,2.280376854763718e8,1.4207520380952075e14
1680.2566621772528,2.3119061033304802e8,1.4539153874113156e14,2.111562455686372e8,1.3167992714410264e14,2.092039878618965e8,1.3035310081104072e14
1706.2922663454472,2.1210013665958464e8,1.3336000558440748e14,1.9372705104765093e8,1.2081882134086508e14,1.9193662410521254e8,1.1960495482504167e14
1732.731292621502,1.9459732602429038e8,1.2233232924162958e14,1.7774659397375545e8,1.1085998183028038e14,1.7610447045262522e8,1.0974930381210412e14
1759.5799920375086,1.7854924164907467e8,1.1222406261933223e14,1.630936545033719e8,1.0172794235022861e14,1.615874473129727e8,1.0071154157126611e14
1786.8447124853958,1.6383414905484262e8,1.0295792124875192e14,1.4965721834165785e8,9.335358932074492e13,1.4827558371285057e8,9.242333744345044e13
1814.5319002177873,1.5034056640885007e8,9.446317067079084e13,1.3733561265638557e8,8.567362386819936e13,1.3606816150921822e8,8.482210539064177e13
1842.6481013720907,1.3796639582515588e8,8.66750666715218e13,1.2603571548076561e8,7.86300696578517e13,1.2487293244599843e8,7.785051823812489e13
1871.1999635182187,1.2661812868525225e8,7.953434376730681e13,1.1567223243436685e8,7.216982262306494e13,1.1460540167231894e8,7.14560631944823e13
1900.1942372302908,1.1621011863231266e8,7.29867477423408e13,1.0616703489350489e8,6.624423899701434e13,1.0518817239653304e8,6.559063515723088e13
1929.6377776826812,1.0666391645356818e8,6.6982608411285266e13,9.744855446593161e7,6.080875837993155e13,9.655034612980786e7,6.021016455367808e13
1959.537546270797,9.790766154818317e7,6.147644911423304e13,8.94512288700256e7,5.5822558839615266e13,8.862697377306493e7,5.52742767671018e13
1989.9006122569858,8.987552514477658e7,5.642662975831951e13,8.211499489401414e7,5.124824131318594e13,8.135855344307439e7,5.074598047145188e13
2020.7341544419264,8.250720084270506e7,5.179502049860555e13,7.538482439561889e7,4.705154080596544e13,7.469057098711374e7,4.659138240732799e13
2052.0454628619336,7.574743843392716e7,4.7546703405605016e13,6.921029965423532e7,4.3201062098660625e13,6.857307922345017e7,4.277942631822428e13
2083.841940512546,6.954561730665492e7,4.3649699698188234e13,6.3545224749477066e7,3.966803787405066e13,6.296031311355051e7,3.928165402714984e13
2116.1311050988447,6.38553560560505e7,4.00747203325799e13,5.834726987313132e7,3.64261073490621e13,5.781033738168414e7,3.607198673726549e13
2148.920590812872,5.863415520755411e7,3.679493793017279e13,5.3577645781358264e7,3.3451113665878363e13,5.308472415447154e7,3.3126524859491223e13
2182.2181501385935,5.384307023046553e7,3.3785778203091066e13,4.920080581037295e7,3.0720918442066977e13,4.874825767854679e7,3.0423364760926004e13
2216.031655684845,4.944641226035569e7,3.102472919666667e13,4.518417312629548e7,2.8215232020600258e13,4.4768664240768105e7,2.7942431027169555e13
2250.369102046663,4.541147416900994e7,2.8491166814084594e13,4.149789103005968e7,2.591545808013324e13,4.1116364768187e7,2.5665322892644645e13
2285.238607695464,4.170827982147842e7,2.6166195221753312e13,3.8114594404921494e7,2.3804551387961914e13,3.7764248475936994e7,2.3575173655013883e13
2320.6484168985066,3.8309354547759846e7,2.4032500855791945e13,3.500920045020215e7,2.1866887573008668e13,3.468746556384605e7,2.1656521956305617e13
2356.6069016681045,3.5189515023995556e7,2.207421886092154e13,3.2158717123634797e7,2.0088143902264945e13,3.1863237440364905e7,1.989519392929483e13
2393.122563741043,3.2325676912561443e7,2.027681089440131e13,2.9542067733091623e7,1.845519012129483e13,2.927068300887105e7,1.8278195290615996e13
2430.2040365886496,2.9696678749901187e7,1.8626953319843676e13,2.7139930347687613e7,1.6955988507515361e13,2.6890659529649407e7,1.679361252589262e13
2467.8600874580347,2.72831207047222e7,1.711243490055206e13,2.4934590748457175e7,1.557950235249645e13,2.4705617016498942e7,1.5430522410993084e13
2506.099619444945,2.5067216941016547e7,1.5722063178504031e13,2.2909807778302193e7,1.4315612158873055e13,2.2699464818199113e7,1.4178909148510055e13
2544.931673598733,2.3032660431636494e7,1.4445578795632293e13,2.105069003577119e7,1.3155038897537275e13,2.0857449439364593e7,1.3029588480192422e13
2584.365431059965,2.1164499168501176e7,1.3273577078372287e13,1.9343582957246926e7,1.208927372698421e13,1.9166042744980723e7,1.197413819245062e13
2624.4102152311248,1.944902280015823e7,1.2197436264568941e13,1.777596540218837e7,1.1110513627284002e13,1.7612839467651166e7,1.1004834457656305e13
2665.0754939809726,1.7873658814296953e7,1.12092518056886e13,1.63363549409938e7,1.0211602448013143e13,1.6186463406482615e7,1.0114593533022227e13
2706.37088188304,1.6426877457110276e7,1.030177622596844e13,1.5014221101324854e7,9.385976911618771e12,1.4876481455913892e7,9.296918352008014e12
2748.306142488839,1.5098104649308257e7,9.468364064728334e12,1.379990591416638e7,8.6276171540930205e12,1.3673324912324775e7,8.54584960502846e12
2790.8911906362705,1.387764222205164e7,8.702921468767069e12,1.268455112844965e7,7.931001418374115e12,1.2568217387779456e7,7.855920924620804e12
2834.1360947938,1.2756594854501149e7,7.999860039030599e12,1.1660031535584938e7,7.291064550037477e12,1.1553108711991623e7,7.222117826301086e12
2878.0510794409843,1.1726803145161794e7,7.354054569594035e12,1.071889389306159e7,6.703159974512354e12,1.0620614467346132e7,6.639840095914426e12
2922.6465274858524,1.0780782300343497e7,6.760804348161493e12,9.854300964977087e6,6.163024861355763e12,9.763960529829526e6,6.104867325285979e12
2967.932982719765,9.911665964227125e6,6.215797715538279e12,9.059980256924998e6,5.666748207363841e12,8.976932279728457e6,5.613327334469157e12
3013.9211523102967,9.113154757757694e6,5.715079607503291e12,8.330177043989745e6,5.210741592083436e12,8.2538280811257595e6,5.161667238017874e12
3060.62190933275,8.379469127596761e6,5.255021826029461e12,7.6596113295011865e6,4.791712380480102e12,7.589416615648894e6,4.746626928777973e12
3108.0462953409183,7.70530614378636e6,4.832295808690936e12,7.04343840770081e6,4.406639167025936e12,6.9788978485798575e6,4.3652147823039487e12
3156.2055229776433,7.085799911593931e6,4.443847684528792e12,6.477212724475042e6,4.0527492722864297e12,6.417867195487181e6,4.0146853870985503e12
3205.1109786258503,6.516485294356245e6,4.0868754229776235e12,5.956854757215943e6,3.7274981193284766e12,5.902282717905292e6,3.692519136460003e12
3254.774225100652,5.993264668189945e6,3.7588078988107783e12,5.478620661656462e6,3.4285503319837617e12,5.428435053167853e6,3.3964035230137627e12
3305.2070043831673,5.512377453502422e6,3.457285711173108e12,5.039074453395308e6,3.1537624102919956e12,4.992919863664597e6,3.1242159945996694e12
3356.42124039671,5.07037219024557e6,3.1801436086265073e12,4.635062511022412e6,2.901166850677149e12,4.592612556713524e6,2.874008236202936e12
3408.429041825959,4.66408094252664e6,2.9253943846213726e12,4.263690202429972e6,2.6689575892940527e12,4.224645143835549e6,2.643991764573687e12
3461.242704979878,4.290595837602631e6,2.69121411945435e12,3.9223004647809514e6,2.455476658284782e12,3.886385008324303e6,2.4325247201078804e12
3514.87471669893,3.947247559768348e6,2.475928655227708e12,3.608454161554353e6,2.25920195215978e12,3.5754154545184867e6,2.238099758882028e12
3569.3377573073735,3.6315856353187826e6,2.278001199997775e12,3.3199120809704377e6,2.0787360123786357e12,3.2895178669661228e6,2.059332951131854e12
3624.6447036112954,3.3413603580166907e6,2.0960209660692314e12,3.054618425832789e6,1.9127957439310696e12,3.0266553489599004e6,1.894953601526804e12
3680.8086319431027,3.0745062185560325e6,1.9286927555498445e12,2.810685684108565e6,1.7602029868568523e12,2.7849577416681927e6,1.7437949171656465e12
3737.842821253191,2.8291267108875e6,1.774827413486964e12,2.5863807486511786e6,1.6198758701704507e12,2.5627078676818665e6,1.6047854479098125e12
3795.760756249486,2.6034804010778526e6,1.633333075803747e12,2.3801121935373014e6,1.4908208835011033e12,2.3583289292978686e6,1.476941238383609e12
3854.5761305857027,2.395968152709888e6,1.503207145325076e12,2.190418606865266e6,1.3721256063410378e12,2.1703729351476035e6,1.359358628894814e12
3914.302850098941,2.2051214122583107e6,1.383528934849991e12,2.0159578895825779e6,1.2629520397521504e12,1.9975101205018759e6,1.251207655721538e12
3974.9550360974504,2.0295914657869956e6,1.2734529213763462e12,1.8554974420290235e6,1.162530490499108e12,1.8385192034297155e6,1.151725994577485e12
4036.547028699403,1.8681395859604706e6,1.1722025603164326e12,1.7079051631347348e6,1.0701539613749248e12,1.6922784779557944e6,1.0602134076062274e12
4099.0933902233255,1.7196279951288213e6,1.0790646128550868e12,1.572141195746473e6,9.851730057035198e11,1.5577576377317118e6,9.760266491072518e11
4162.608908631107,1.583011576240569e6,9.93383943530849e11,1.447250353614127e6,9.069910071208809e11,1.4340102599739141e6,8.98574791138341e11
4227.1086010243425,1.4573302694608096e6,9.145587487743715e11,1.332355175285786e6,8.350598494224371e11,1.3201669400111355e6,8.273149372638502e11
4292.607717194863,1.3417020972022114e6,8.420361804042041e11,1.2266495523531125e6,7.68875943939599e11,1.2154289670509705e6,7.617482884655862e11
4359.121743230276,1.2353167654205987e6,7.753083311487596e11,1.1293928829433653e6,7.079765846923694e11,1.1190625311076005e6,7.014165338574214e11
4426.666405175344,1.1374297931680777e6,7.139085519977781e11,1.0399047081631015e6,6.51936604116977e11,1.0303934190218784e6,6.45898540199644e11
4495.257672750173,1.0473571263431004e6,6.574080737366049e11,957559.7917733473,6.003653044549248e11,948802.1273192057,5.948073123166017e11
4564.91176312593,964470.1957065474,6.054129073540806e11,881783.603555619,5.529036417491536e11,873719.3957581713,5.4778720531925195e11
4635.645144759111,888191.3819860957,5.575610001077362e11,812048.1768210978,5.0922164174311676e11,804622.0995733015,5.045113653909608e11
4707.474541285216,817989.8544084964,5.135196259970536e11,747868.3053818044,4.6901602821728674e11,741029.4813336188,4.6467938129477997e11
4780.416935472744,753377.7517072562,4.729829911742453e11,688798.053882203,4.320080463056022e11,682499.6924652617,4.2801512868046045e11
4854.489573238477,693906.6772181601,4.356700364485358e11,634427.5555992043,3.979414646536972e11,628626.6258583395,3.942647921042227e11
4929.709967724929,639164.481920276,4.013224205226229e11,584380.0727318581,3.665807415385161e11,579036.9944325513,3.631950481671112e11
5006.095903441069,588772.3117642322,3.6970266899475433e11,538309.2977238836,3.377093413966925e11,533387.6653927781,3.3459139902579065e11
5083.665440467118,542381.8973201688,3.405924753808782e11,495896.8769824591,3.1112818945296e11,491363.2015418533,3.082566414823606e11
5162.436918724508,499673.06574083754,3.1379114158012555e11,456850.1371908037,2.8665425291351263e11,452673.61222165095,2.8400946206388947e11
5242.428962312076,460351.45659617765,2.891141462386061e11,420899.9976550553,2.6411923830278888e11,417052.2806527218,2.6168314671149426e11
5323.660483909361,424146.42492937454,2.6639183045381644e11,387799.05431018077,2.4336839543727484e11,384254.06954925647,2.411243964781742e11
5406.15068924818,390809.11586245254,2.4546819110854434e11,357319.8196916423,2.242594191322265e11,354053.5762828398,2.221922396958214e11
5489.919081653476,360110.69676126516,2.261997729630976e11,329253.1076512656,2.0666144070540683e11,326243.52845393587,2.04757032830452e11
5574.985466654523,331840.7338894637,2.084546513504231e11,303406.5495865819,1.9045410180141492e11,300633.3206142828,1.8869954367232318e11
5661.369956667608,305805.70172266534,1.92111498012204e11,279603.23214787804,1.7552670381162073e11,277047.6590524093,1.7391010854943436e11
5749.092975751198,281827.6139363855,1.770587232217346e11,257680.44593619552,1.6177742663635754e11,255325.32415960764,1.6028785855580777e11
5838.175264434909,259742.76607749728,1.6319368791487506e11,237488.5364202747,1.4911261113874222e11,235318.03171484265,1.477400089996301e11
5928.63788462319,239400.5807922258,1.5042198007484344e11,218889.84851845494,1.3744610001970874e11,216889.38607294395,1.3618120632759943e11
6020.502224575039,220662.5471055709,1.386567500822595e11,201757.7569784257,1.2669863233174681e11,199913.92185257902,1.2553292866775732e11
6113.790003960871,203401.2460625094,1.278181001905626e11,185975.7760429515,1.1679728725956651e11,184276.2191621053,1.1572293462963863e11
6208.523278997752,187499.45568639378,1.1783252368531306e11,171436.7410570641,1.0767497306971494e11,169870.09460487726,1.0668475728327235e11
6304.724447664191,172849.32870136425,1.0863238964978424e11,158042.05725601106,9.926995762053493e10,156597.85517855716,9.835723896304095e10
6402.41625499571,159351.63705070238,1.0015546959692479e11,145701.00890192197,9.152543692681425e10,144369.61517095054,9.068410402273326e10
6501.621798462555,146915.07780276617,9.23445025435369e10,134330.1250917296,8.438913875372163e10,133102.66795657415,8.361356619922623e10
6602.364533430646,135455.63534817193,8.514679537449246e10,123852.59655609835,7.781295832563095e10,122720.90716483115,7.709796765630995e10
6704.668278707146,124895.9953378992,7.851385561434103e10,114197.74015856693,7.175262355382008e10,113154.29601143891,7.109344740123466e10
6808.557222172054,115165.00611794363,7.240105395608037e10,105300.50645220761,6.616738735291754e10,104338.3798948486,6.55596365259218e10
6914.055926496948,106197.18377993089,6.676731411672236e10,97101.02734977429,6.1019744858104416e10,96213.83919446236,6.045937814792304e10
7021.189334952401,97932.25724062276,6.157482778679294e10,89544.2002018955,5.627517348860233e10,88726.07464922014,5.575846975152653e10
7129.982777305366,90314.75016715082,5.678879263325115e10,82579.30572310486,5.190189402772494e10,81824.8312544243,5.142542667308646e10
7240.461975807946,83293.59664417982,5.2377171469373985e10,76159.6565713045,4.787065097130957e10,75463.84844620014,4.743126441305664e10
7352.6530512789695,76821.78790463314,4.831047087268554e10,70242.27450840302,4.4154510616615e10,69600.5414804451,4.374929870638635e10
7466.582529279736,70856.04757072084,4.456153766607641e10,64787.593453259185,4.07286754100228e10,64195.70581853131,4.035496149937166e10
7582.277346385585,65356.53309269514,4.110537181004916e10,59759.186550609666,3.7570313264781e10,59213.24759584941,3.722563194145589e10
7699.764856554514,60286.56124884065,3.791895437123825e10,55123.51536831441,3.465840062523729e10,54619.93540277896,3.434048093426017e10
7819.072837594543,55612.35574943921,3.498108934296914e10,50849.69896934334,3.19735781368993e10,50385.170517178434,3.1680328089052177e10
7940.229497731275,51302.81517651622,3.2272258195273308e10,46909.30190392398,2.9498017944016994e10,46480.77746466182,2.9227510302621815e10
8063.263482277228,47329.299575725476,2.977448611931011e10,43276.139129683055,2.7215301641841465e10,42880.8108552319,2.696576086010796e10
8188.203880404512,43665.434204989266,2.7471219020110065e10,39926.09645674668,2.5110308016531708e10,39561.376582473604,2.4880098159787605e10
8315.08023202239,40286.92905243623,2.534721038680804e10,36836.965754992285,2.3169109819489826e10,36500.46991323466,2.295672355025861e10
8443.922534761537,37171.41284720436,2.338841724102865e10,33988.29304874166,2.13788787916586e10,33677.82367919868,2.118292714471307e10
8574.761251066404,34298.28037799196,2.158190442851558e10,31361.23901872422,1.9727798318717144e10,31074.77085823251,1.9547001352084763e10
8707.627315397463,31648.552059411773,1.9915756580661057e10,28938.450587117604,1.8204983070023514e10,28674.11703977647,1.8038161230842205e10
8842.552141545202,29204.74474078726,1.837899712533772e10,26703.9427888954,1.6800405070687958e10,26460.02335763403,1.6646471264373856e10
8979.567630057278,26950.75287494277,1.6961513780151167e10,24642.990218488274,1.5504825694261267e10,24417.89889849584,1.5362777973268795e10
9118.706175780859,24871.739176284147,1.5653990002471668e10,22742.02694201557,1.4309733075163546e10,22534.301821251993,1.4178647928864185e10
9260.000675521787,22954.03403642497,1.4447841918524729e10,20988.554661747563,1.3207284537121407e10,20796.84810756886,1.3086310704287624e10
9403.484535822448,21185.042965026187,1.3335160288939901e10,19371.058019535994,1.2190253602791592e10,19194.127603737365,1.2078606375774002e10
9549.191680860156,19553.16143221569,1.2308657106238958e10,17878.926751074796,1.1251981237023449e10,17715.62702134104,1.1148937212962273e10
9697.156560467854,18047.69650184417,1.1361616451049273e10,16502.384062781868,1.0386330976468245e10,16351.658860799516,1.029122323592679e10
9847.414158279249,16658.794712268158,1.04878492650591e10,15232.42069114535,9.587647632648897e9,15093.296292713443,9.499861304711466e9
10000.00000000001,15377.375707270005,9.681651726161604e9,14060.734228271393,8.850719281774208e9,13932.312706497194,8.769687440966629e9
