"vmin","0.2–0.3 eV","0.3–0.5 eV","0.5–0.7 eV","0.7–0.9 eV","0.9–1.1 eV"
1,0,0,0,0,0
1.012770170667932,0,0,0,0,0
1.0257034185947522,0,0,0,0,0
1.0388018263048886,0,0,0,0,0
1.0520675029169615,0,0,0,0,0
1.065502584483396,0,0,0,0,0
1.0791092343343718,0,0,0,0,0
1.0928896434261632,0,0,0,0,0
1.1068460306939307,0,0,0,0,0
1.1209806434090153,0,0,0,0,0
1.1352957575407967,0,0,0,0,0
1.149793678123172,0,0,0,0,0
1.164476739625714,0,0,0,0,0
1.1793473063295716,0,0,0,0,0
1.1944077727081661,0,0,0,0,0
1.209660563812754,0,0,0,0,0
1.2251081356629099,0,0,0,0,0
1.2407529756419973,0,0,0,0,0
1.25659760289769,0,0,0,0,0
1.2726445687476078,0,0,0,0,0
1.2888964570901316,0,0,0,0,0
1.3053558848204654,0,0,0,0,0
1.3220255022520122,0,0,0,0,0
1.338907993543129,0,0,0,0,0
1.3560060771293332,0,0,0,0,0
1.373322506161028,0,0,0,0,0
1.3908600689468162,0,0,0,0,0
1.408621589402479,0,0,0,0,0
1.4266099275056823,0,0,0,0,0
1.444827979756496,0,0,0,0,0
1.46327867964379,0,0,0,0,0
1.4819649981175873,0,0,0,0,0
1.5008899440674506,0,0,0,0,0
1.5200565648069748,0,0,0,0,0
1.5394679465644705,0,0,0,0,0
1.5591272149799096,0,0,0,0,0
1.5790375356082207,0,0,0,0,0
1.5992021144290085,0,0,0,0,0
1.6196241983627846,0,0,0,0,0
1.64030707579379,0,0,0,0,0
1.6612540770994932,0,0,0,0,0
1.682468575186852,0,0,0,0,0
1.7039539860354203,0,0,0,0,0
1.7257137692473958,0,0,0,0,0
1.7477514286046854,0,0,0,0,0
1.7700705126330891,0,0,0,0,0
1.7926746151736876,0,0,0,0,0
1.8155673759615252,0,0,0,0,0
1.8387524812116833,0,0,0,0,0
1.86223366421284,0,0,0,0,0
1.8860147059284065,0,0,0,0,0
1.910099435605342,0,0,0,0,0
1.9344917313907426,0,0,0,0,0
1.959195520956306,0,0,0,0,0
1.9842147821307659,0,0,0,0,0
2.0095535435404095,0,0,0,0,0
2.035215885257768,0,0,0,0,0
2.0612059394585964,0,0,0,0,0
2.0875278910872375,0,0,0,0,0
2.11418597853049,0,0,0,0,0
2.1411844943000733,0,0,0,0,0
2.168527785723815,0,0,0,0,0
2.196220255645661,0,0,0,0,0
2.224266363134625,0,0,0,0,0
2.252670624202795,0,0,0,0,0
2.2814376125325015,0,0,0,0,0
2.3105719602127808,0,0,0,0,0
2.3400783584852367,0,0,0,0,0
2.369961558499427,0,0,0,0,0
2.400226372077903,0,0,0,0,0
2.4308776724910093,0,0,0,0,0
2.461920395241585,0,0,0,0,0
2.493359538859683,0,0,0,0,0
2.525200165707437,0,0,0,0,0
2.5574474027942116,0,0,0,0,0
2.590106442602153,0,0,0,0,0
2.623182543922293,0,0,0,0,0
2.656681032701321,0,0,0,0,0
2.6906073028991746,0,0,0,0,0
2.7249668173575814,0,0,0,0,0
2.759765108679689,0,0,0,0,0
2.7950077801209328,0,0,0,0,0
2.8307005064912754,0,0,0,0,0
2.8668490350689706,0,0,0,0,0
2.903459186525997,0,0,0,0,0
2.9405368558653096,0,0,0,0,0
2.9780880133700545,0,0,0,0,0
3.0161187055649124,0,0,0,0,0
3.0546350561897184,0,0,0,0,0
3.0936432671855094,0,0,0,0,0
3.133149619693167,0,0,0,0,0
3.1731604750648157,0,0,0,0,0
3.213682275888129,0,0,0,0,0
3.2547215470237294,0,0,0,0,0
3.296284896655818,0,0,0,0,0
3.338379017356239,0,0,0,0,0
3.3810106871621217,0,0,0,0,0
3.424186770667284,0,0,0,0,0
3.4679142201275805,0,0,0,0,0
3.512200076580358,0,0,0,0,0
3.5570514709782137,0,0,0,0,0
3.602475625337224,0,0,0,0,0
3.648479853899846,0,0,0,0,0
3.6950715643126584,0,0,0,0,0
3.7422582588191533,0,0,0,0,0
3.7900475354677523,0,0,0,0,0
3.838447089335251,0,0,0,0,0
3.887464713765889,0,0,0,0,0
3.9371083016262425,0,0,0,0,0
3.9873858465761414,0,0,0,0,0
4.038305444355816,0,0,0,0,0
4.089875294089479,0,0,0,0,0
4.142103699605561,0,0,0,0,0
4.194999070773796,0,0,0,0,0
4.248569924859395,0,0,0,0,0
4.302824887894492,0,0,0,0,0
4.35777269606713,0,0,0,0,0
4.413422197127961,0,0,0,0,0
4.469782351814925,0,0,0,0,0
4.526862235296113,0,0,0,0,0
4.58467103863106,0,0,0,0,0
4.643218070250704,0,0,0,0,0
4.7025127574562315,0,0,0,0,0
4.762564647937075,0,0,0,0,0
4.823383411308292,0,0,0,0,0
4.8849788406675705,0,0,0,0,0
4.947360854172133,0,0,0,0,0
5.010539496635756,0,0,0,0,0
5.07452494114621,0,0,0,0,0
5.139327490703325,0,0,0,0,0
5.204957579878,0,0,0,0,0
5.271425776492389,0,0,0,0,0
5.338742783321533,0,0,0,0,0
5.406919439816741,0,0,0,0,0
5.475966723850959,0,0,0,0,0
5.5458957534864535,0,0,0,0,0
5.616717788765034,2.1718240460321921e+12,0,0,0,0
5.6884442335211745,1.0463186122063994e+13,0,0,0,0
5.761086637218253,3.027383381939501e+13,0,0,0,0
5.834656696808273,5.2040345780201625e+13,0,0,0,0
5.909166258615307,7.68752762867893e+13,0,0,0,0
5.98462732024301,1.1785392672797752e+14,0,0,0,0
6.061052032506482,1.6957872243274e+14,0,0,0,0
6.1384527013888075,2.3059736487987894e+14,0,0,0,0
6.21684179002257,3.046627691789459e+14,0,0,0,0
6.29623192069669,3.9954899203987075e+14,0,0,0,0
6.376635876888868,5.0794635498778825e+14,0,0,0,0
6.458066605323999,6.328200607913599e+14,0,0,0,0
6.540537218058859,7.799230266753986e+14,0,0,0,0
6.624060994593431,9.536863090653952e+14,0,0,0,0
6.70865138400918,1.1565556208889788e+15,0,0,0,0
6.794322007134636,1.3898898553775198e+15,0,0,0,0
6.8810866587386315,1.6665890374398415e+15,4.093924478022253e+11,0,0,0
6.968959309751557,1.9865848009085872e+15,2.5966952667535933e+12,0,0,0
7.057954109514958,2.3507872432293145e+15,7.07993133999024e+12,0,0,0
7.1480853880598945,2.7673295459951905e+15,1.3898799773243314e+13,0,0,0
7.239367658414372,3.2448514349458355e+15,2.356552522575953e+13,0,0,0
7.33181561894023,3.7913352802904945e+15,3.605168431591395e+13,0,0,0
7.425444155699906,4.415673935492149e+15,5.12983327111851e+13,0,0,0
7.520268344853394,5.126606221453927e+15,7.168464596061688e+13,0,0,0
7.6163034550858155,5.935723787154612e+15,9.765919184242286e+13,0,0,0
7.713564950066023,6.858936398022053e+15,1.2571325358934452e+14,0,0,0
7.812068490936546,7.908633423154771e+15,1.6460695724997516e+14,0,0,0
7.91182993883538,9.102601011918652e+15,2.0177017421576575e+14,0,0,0
8.012865357449964,1.0459673327763764e+16,2.493242301826753e+14,0,0,0
8.115191015603758,1.2000830850505954e+16,3.059716674982958e+14,0,0,0
8.218823389875887,1.3749556181456848e+16,3.7119631308301544e+14,0,0,0
8.323779167254191,1.5732244640990346e+16,4.4849035191189544e+14,0,0,0
8.430075247822206,1.7978494872012036e+16,5.389777687355279e+14,0,0,0
8.537728747480406,2.0521463985022964e+16,6.357245621604582e+14,0,0,0
8.646757000702241,2.339826899333224e+16,7.522624954327219e+14,0,0,0
8.757177563325346,2.665043561752194e+16,8.85570372945366e+14,0,0,0
8.869008215378397,3.032439894415818e+16,1.0380700986425392e+15,4.766341001070136e+10,0,0
8.982266963944067,3.4472061879582784e+16,1.2124158022803755e+15,4.6669368195750037e+11,0,0
9.096972046058562,3.9153967877061624e+16,1.4108037667803245e+15,1.4580841123168281e+12,0,0
9.213141931648135,4.4502850558179384e+16,1.6388574523052425e+15,2.928969198858602e+12,0,0
9.330795326503162,5.054047572717582e+16,1.8975026720210362e+15,5.198552780476632e+12,0,0
9.449951175290153,5.735115890361771e+16,2.1905182296802498e+15,8.337597925485394e+12,0,0
9.570628664602234,6.502915444719501e+16,2.521666275795142e+15,1.2481409717066412e+13,0,0
9.692847226048608,7.367983110858034e+16,2.8953977751521695e+15,1.6976610648918305e+13,0,0
9.816626539383437,8.357271593908898e+16,3.3223680764464575e+15,2.292533876236188e+13,0,0
9.941986535674715,9.475224962537704e+16,3.804365800537272e+15,3.0615506726298562e+13,0,0
10.068947400513565,1.07351037298906e+17,4.346323999987148e+15,3.905346226870096e+13,0,0
10.197529577264552,1.2155941178960138e+17,4.955371364113721e+15,4.948914026205668e+13,0,0
10.327753770357505,1.3787493970414869e+17,5.650965075341653e+15,6.108127815025301e+13,0,0
10.459640948621347,1.562732226109907e+17,6.430532802659146e+15,7.520038760586214e+13,0,0
10.593212348660538,1.770125720194195e+17,7.302824773783566e+15,9.135366516409478e+13,1.4252084964954965e+11,0
10.728489478274579,2.0089207969102403e+17,8.296525327091822e+15,1.0954307663551081e+14,4.537992186898582e+11,0
10.865494119921255,2.2789197398984112e+17,9.408067824621658e+15,1.30749732911371e+14,9.992873961642656e+11,0
11.004248334224064,2.5854508100130483e+17,1.0654073073727028e+16,1.5496267986782388e+14,1.848634429958145e+12,0
11.144774463524408,2.93847542378367e+17,1.2065884483512794e+16,1.8300849487354478e+14,2.950158904536585e+12,0
11.287095135479227,3.337898039707541e+17,1.3638152231082826e+16,2.1438231923121238e+14,4.4213645710237705e+12,0
11.431233266704483,3.80012418533699e+17,1.5419048477757696e+16,2.5053435851825828e+14,6.365105339532228e+12,0
11.577212066465238,4.3271771727987725e+17,1.740706380286967e+16,2.9142968572399206e+14,8.670772735330405e+12,0
11.725055040412844,4.9369990112995194e+17,1.9646783122374532e+16,3.37996914044034e+14,1.158284738349948e+13,0
11.874785994369814,5.639207241117025e+17,2.2153698379420412e+16,3.9066055560237406e+14,1.501928807925377e+13,0
12.026429038163087,6.456741925061142e+17,2.497356041991008e+16,4.504901858354578e+14,1.9052522759700676e+13,7.200064085264473e+10
12.180008589506205,7.405370929932129e+17,2.812683023044146e+16,5.1800381336750744e+14,2.367811475948758e+13,2.417569346449846e+11
12.335549377931073,8.525364939597228e+17,3.167991350274287e+16,5.947135254133204e+14,2.9157172696160867e+13,6.986426235445895e+11
12.493076448769957,9.833770712839071e+17,3.5636746391847024e+16,6.80675460933547e+14,3.494869937042382e+13,1.0197846248328936e+12
12.652615167188273,1.1417541116774724e+18,4.011573000209075e+16,7.785765036367194e+14,4.192792837081955e+13,1.6019028103321863e+12
12.81419122226893,1.3311850485851313e+18,4.5109174266959096e+16,8.8818939649015e+14,4.983344769659384e+13,2.3660862712474814e+12
12.977830631148821,1.5641517632038044e+18,5.071661857777184e+16,1.0117285496750756e+15,5.886989144185688e+13,3.374556655732884e+12
13.14355974320811,1.8592784131184899e+18,5.702284159824599e+16,1.151031406978945e+15,6.9194143978602695e+13,4.664737618841904e+12
13.31140524431304,2.2400966183139779e+18,6.4069137476576616e+16,1.3069305724959508e+15,8.090185002379714e+13,6.1180656613745625e+12
13.481394161112926,2.7595941351038085e+18,7.1985666321345816e+16,1.4822181157741492e+15,9.42174652348311e+13,7.91723475031611e+12
13.653553865391995,3.4964107095348444e+18,8.089571235783293e+16,1.6794595855246732e+15,1.0939269972494044e+14,9.890550329382385e+12
13.827912078476857,4.494250829696296e+18,9.08736469429983e+16,1.900093358153958e+15,1.2659459398678256e+14,1.2172482627822977e+13
14.004496875700159,5.771104654118653e+18,1.0205535806620059e+17,2.1468537272996442e+15,1.4605563778195706e+14,1.4743040829974291e+13
14.183336690921374,7.356682789572126e+18,1.1464179790721339e+17,2.4237728298321075e+15,1.6813028888027866e+14,1.770639590323887e+13
14.364460321105184,9.296476627189176e+18,1.2881227234006787e+17,2.7342799838471995e+15,1.931250024234667e+14,2.1110052447110332e+13
14.547896930958437,1.1608107897421935e+19,1.4472781485581043e+17,3.0813088368782625e+15,2.2130393475179906e+14,2.4962491183787176e+13
14.733676057626262,1.4297159055823512e+19,1.626180320534458e+17,3.4690854564241665e+15,2.530455926876197e+14,2.9357022019862605e+13
14.92182761544817,1.7385407196319648e+19,1.827454812590049e+17,3.9023170613523175e+15,2.8877161092672444e+14,3.4358311050375418e+13
15.112381900774906,2.0902900633987174e+19,2.0541086773465453e+17,4.3862426138070755e+15,3.2895101059711206e+14,4.004318947273335e+13
15.30536959684677,2.4853419554332783e+19,2.309591893504996e+17,4.92668810778681e+15,3.7410485125555625e+14,4.652624994510242e+13
15.500821778734277,2.9235823828440842e+19,2.5978704134876218e+17,5.530126946397894e+15,4.248112858105319e+14,5.389108316068012e+13
15.698769918341913,3.406583881282191e+19,2.9235135350718394e+17,6.203745831603907e+15,4.817110371674276e+14,6.224125957165592e+13
15.899245889475733,3.934199783391792e+19,3.2917991218416045e+17,6.955516624883398e+15,5.455133206142075e+14,7.16933907863427e+13
16.102281972975764,4.504577928436339e+19,3.708841288290378e+17,7.794274674840365e+15,6.170022393695634e+14,8.237715963228575e+13
16.307910861913832,5.117135551130034e+19,4.1817466708005555e+17,8.729804148796753e+15,6.970436833430946e+14,9.443620894174555e+13
16.516165666857887,5.770403710069041e+19,4.7188075146346054e+17,9.772930950046982e+15,7.865927634657739e+14,1.0802927903813877e+14
16.727079921203504,6.460803659212679e+19,5.329742810943007e+17,1.0935623851190896e+16,8.867018161493368e+14,1.233314894291821e+14
16.940687586573414,7.184859376197382e+19,6.026003075284292e+17,1.2231104527154414e+16,9.985290146337745e+14,1.405357382161845e+14
17.15702305828607,7.937538387389252e+19,6.821160808930991e+17,1.3673967229685484e+16,1.1233476262397299e+15,1.5985421309447703e+14
17.37612117089403,8.710809337274222e+19,7.731418446393933e+17,1.528030890877191e+16,1.26255595688772e+15,1.8152001481025488e+14
17.59801720379301,9.498373944537142e+19,8.777889141124813e+17,1.7069845043641234e+16,1.4178613933144725e+15,2.058174531369078e+14
17.822746886902653,1.0298899891932927e+20,9.9896535799402e+17,1.906791909670403e+16,1.5914522232549168e+15,2.3311053139506578e+14
18.050346406419763,1.1112426774452729e+20,1.1392671370880735e+18,2.1290895574272308e+16,1.7847144682687742e+15,2.6363130646923144e+14
18.280852410645032,1.1937275578474671e+20,1.3024835197168033e+18,2.376284624339545e+16,1.999695489729357e+15,2.977208418814218e+14
18.514302015884248,1.2770804554275973e+20,1.4947473706292918e+18,2.652125125961563e+16,2.239587593224691e+15,3.359095808244695e+14
18.750732812424722,1.3612823201800113e+20,1.7226341637264148e+18,2.9593410160269788e+16,2.5066705018339305e+15,3.785771502214856e+14
18.990182870588182,1.4464104976016907e+20,1.9946630039416701e+18,3.300658592985531e+16,2.803198756910452e+15,4.2609861038410925e+14
19.232690746860836,1.532213359816245e+20,2.328677174114781e+18,3.682235243075442e+16,3.134341609476617e+15,4.793311714511877e+14
19.4782954901018,1.6184749426428825e+20,2.7428162869556296e+18,4.1060908083767864e+16,3.501675235997063e+15,5.385365064620771e+14
19.72703664783081,1.705094574046299e+20,3.279183269461779e+18,4.579158721170844e+16,3.9109266072331025e+15,6.046626991564946e+14
19.978954272596162,1.791893061807322e+20,3.9930724299208443e+18,5.1052743235926776e+16,4.365130465351958e+15,6.782108137431475e+14
20.23408892842403,1.8784805950980755e+20,4.971993975996452e+18,5.692644378807778e+16,4.870939814204542e+15,7.60279282902176e+14
20.492481697350122,1.9645425952044315e+20,6.27319688331259e+18,6.3454854832221624e+16,5.431584230205542e+15,8.51398034533302e+14
20.75417418603475,2.0492617234976693e+20,7.975128343158015e+18,7.07553068276685e+16,6.056452155126286e+15,9.531128911183185e+14
21.019208532462404,2.131855749521781e+20,1.0105935894354827e+19,7.888111807564898e+16,6.749504097495574e+15,1.0660690669271606e+15
21.287627412726795,2.2116025553688347e+20,1.270899228984192e+19,8.79338092128192e+16,7.518570867800316e+15,1.1915478818745238e+15
21.55947404790267,2.2878096059046783e+20,1.5837837622151442e+19,9.805598060922829e+16,8.374621152044712e+15,1.3313422477888525e+15
21.83479221100524,2.3601563259435257e+20,1.9508534990483173e+19,1.0934038621232098e+17,9.32439708544122e+15,1.4865427689947538e+15
22.113626234038612,2.4282777729826462e+20,2.3752118733865128e+19,1.219282958167466e+17,1.0378349024607296e+16,1.6588443222523682e+15
22.39602101513415,2.4918420876341972e+20,2.8594134450762637e+19,1.359791711261983e+17,1.154809733313934e+16,1.8501254306241558e+15
22.682022025779997,2.5504033984217036e+20,3.406188831778458e+19,1.5168934268214246e+17,1.2847803593632368e+16,2.0626701676869985e+15
22.971675318143003,2.6036619296350706e+20,4.0165964813627654e+19,1.6925361307449917e+17,1.4291103900732136e+16,2.2986638801290005e+15
23.265027532484016,2.6513936559915637e+20,4.691178256082127e+19,1.8889019336238368e+17,1.589300586215255e+16,2.5605025132808725e+15
23.562125904667965,2.693431947200255e+20,5.430199333711147e+19,2.1085730186924538e+17,1.767102589428128e+16,2.850974399216666e+15
23.86301827376988,2.7296999398495047e+20,6.233172520638402e+19,2.3544711996292077e+17,1.9644573559619324e+16,3.1731556331190705e+15
24.167753089777907,2.760143715514167e+20,7.0989308881552744e+19,2.6299055218389216e+17,2.1835143146341804e+16,3.530436885768627e+15
24.476379421394817,2.784748784167982e+20,8.025374430319603e+19,2.9386273679758726e+17,2.4266523224242996e+16,3.926552396204939e+15
24.78894696393909,2.803557077624815e+20,9.009539013144581e+19,3.2848944891309856e+17,2.6965025812381524e+16,4.3656113016113485e+15
25.1055060473469,2.8166354209443355e+20,1.0047592915618428e+20,3.67423404361341e+17,2.996439326957204e+16,4.852873335817249e+15
25.426107644276325,2.8243743218735464e+20,1.113266077056183e+20,4.111806397414591e+17,3.329417692269843e+16,5.392883237825341e+15
25.75080337831495,2.827164975203237e+20,1.225640871403005e+20,4.60395997902669e+17,3.6990149676351496e+16,5.99113059408541e+15
26.079645532292382,2.8255459359298968e+20,1.3410706282749554e+20,5.157968027437271e+17,4.109190105973442e+16,6.65365337727737e+15
26.412687056698932,2.8201748403562126e+20,1.4589279123274047e+20,5.783710192788932e+17,4.56525825511046e+16,7.388552493508196e+15
26.749981578211646,2.811930843453749e+20,1.5787989814812652e+20,6.490483155376861e+17,5.071793920886626e+16,8.202679025439919e+15
27.091583408329452,2.8015770855078203e+20,1.7004981862304743e+20,7.289246054650144e+17,5.633992708015237e+16,9.10377339532549e+15
27.43754755211835,2.7896034163144308e+20,1.8239005164879646e+20,8.196613261909051e+17,6.259778064648358e+16,1.0103692156252008e+16
27.787929717068394,2.7763870388425776e+20,1.948922460257129e+20,9.225141044814753e+17,6.954087589192243e+16,1.120954628455117e+16
28.14278632206386,2.7620922951431317e+20,2.0754796418437028e+20,1.0399139649687813e+18,7.72742824158349e+16,1.243685551669587e+16
28.50217450646775,2.746883007409693e+20,2.2034638172154387e+20,1.1737434922982595e+18,8.58626016663869e+16,1.3794762653142578e+16
28.86615213932253,2.7308378108606536e+20,2.332782846234021e+20,1.3271596970647104e+18,9.542131965767493e+16,1.5299948367302606e+16
29.23477782866817,2.7140318246390766e+20,2.4633431184787682e+20,1.5035964981099907e+18,1.0605881556006653e+17,1.6967737533636052e+16
29.608110930979333,2.69652412882471e+20,2.5951029791199425e+20,1.7071948482035428e+18,1.1789218202866691e+17,1.881449155371941e+16
29.986211560723007,2.6783583772616953e+20,2.727999201847699e+20,1.9434614785601846e+18,1.3106433470877709e+17,2.086007691341204e+16
30.369140600038158,2.6595692055262075e+20,2.8619492048491794e+20,2.2199777378573535e+18,1.4575086905390003e+17,2.3128718126143544e+16
30.756959708539075,2.640196249436689e+20,2.9968666502489204e+20,2.545735826866586e+18,1.621133406183661e+17,2.5642092455554972e+16
31.14973133324383,2.6202698780197555e+20,3.132653820672713e+20,2.9337210971715026e+18,1.8035316450136384e+17,2.8427118664357084e+16
31.547518718629576,2.599818353058429e+20,3.2691914395661894e+20,3.402677947403915e+18,2.0069700842448448e+17,3.151365128137156e+16
31.95038591681626,2.5788683198400427e+20,3.4063067076759663e+20,3.981329160474099e+18,2.2340007676865296e+17,3.493478451415872e+16
32.3583977978803,2.55744515296808e+20,3.543753577708057e+20,4.716032681017542e+18,2.4874985631966163e+17,3.872718584756081e+16
32.77162006030006,2.5355731994745176e+20,3.681159179711662e+20,5.6789458252243e+18,2.7707039896762646e+17,4.293146220184304e+16
33.19011924153472,2.5132756439638222e+20,3.817922923036729e+20,6.965833609274787e+18,3.087358932530955e+17,4.759371985119624e+16
33.61396272873814,2.4905747073956702e+20,3.953150920608235e+20,8.686071264282938e+18,3.441918675862287e+17,5.276797551340571e+16
34.04321876960963,2.4674938122630634e+20,4.0858384513702946e+20,1.093964619298227e+19,3.8388464115107117e+17,5.8506390042687944e+16
34.4779564833833,2.4440545833940153e+20,4.2149358544202845e+20,1.3816869668040892e+19,4.283466801981878e+17,6.487025797723722e+16
34.91824587195762,2.4202778144777014e+20,4.3393457956474395e+20,1.7405651949260968e+19,4.7827382177095686e+17,7.19389024248378e+16
35.36415783116734,2.3961850245303924e+20,4.4582934110716527e+20,2.1763615509611647e+19,5.343141205519235e+17,7.978204824739102e+16
35.815764162199024,2.371796877252917e+20,4.570962846015057e+20,2.6956152383182946e+19,5.973434610737951e+17,8.849366282821827e+16
36.27313758315272,2.3471335700200397e+20,4.676734869356983e+20,3.3030018925723734e+19,6.682698502271311e+17,9.816641315962243e+16
36.73635174075096,2.3222158521101858e+20,4.774918848067734e+20,4.003947893395325e+19,7.482860166010298e+17,1.0892034051879453e+17
37.205481222197534,2.29706277857475e+20,4.865091794281934e+20,4.801264775166394e+19,8.385838286251286e+17,1.2086743880352331e+17
37.680601567187544,2.271694072947857e+20,4.946759453396201e+20,5.698300791932315e+19,9.406997950674214e+17,1.3414945090758493e+17
38.16178928007086,2.246130056106606e+20,5.01947747043317e+20,6.697852182389382e+19,1.0565083339331724e+18,1.4893216275948154e+17
38.649121842171034,2.2203887301113112e+20,5.08304906015028e+20,7.80033555703511e+19,1.1880191999986575e+18,1.6537996921226826e+17
39.14267772426126,2.1944888475368315e+20,5.137267568869234e+20,9.005941203320762e+19,1.3377489693709379e+18,1.836902967136418e+17
39.642536399199926,2.1684488214601767e+20,5.182034634757155e+20,1.0313666892335732e+20,1.5087186594504914e+18,2.0408488878873302e+17
40.148778354727426,2.1422866648253337e+20,5.21737663468075e+20,1.1721194811890169e+20,1.7045884011858693e+18,2.2681289212056976e+17
40.661485106426255,2.1160199394807936e+20,5.2434349872490775e+20,1.32246784623932e+20,1.929841955262321e+18,2.521543621996581e+17
41.1807392108469,2.0896657139071743e+20,5.2604834387941347e+20,1.481832408002198e+20,2.190046491117714e+18,2.8042425402158442e+17
41.70662427880104,2.0632430368716407e+20,5.2689008380322225e+20,1.64942531610335e+20,2.492645477164574e+18,3.120059992331835e+17
42.23922498882463,2.036766360644361e+20,5.269423740543087e+20,1.824121266874319e+20,2.8466074321222415e+18,3.472849959643044e+17
42.77862710081311,2.0102510124883578e+20,5.262970332846465e+20,2.004748365819241e+20,3.2640934509550556e+18,3.86712963681967e+17
43.324917469830304,1.9837166313541265e+20,5.250537640859434e+20,2.190192884089384e+20,3.763282353911227e+18,4.30868792154475e+17
43.878184060094114,1.9571738718472028e+20,5.233292133803533e+20,2.3793668501845554e+20,4.3682542821606927e+18,4.80290582308984e+17
44.43851595914045,1.930642631577458e+20,5.2121727896455125e+20,2.571332217370168e+20,5.120443525463952e+18,5.3574177474181843e+17
45.00600339216828,1.9041335379683266e+20,5.188057518389411e+20,2.7652058065093313e+20,6.081844761914325e+18,5.97953240672417e+17
45.580737736567805,1.877661520436186e+20,5.161564894959166e+20,2.960056038954688e+20,7.345208952167007e+18,6.678448213146428e+17
46.16281153663404,1.8512429185814266e+20,5.133110392138178e+20,3.154732129690797e+20,9.028912414303237e+18,7.465226031785212e+17
46.75231851846842,1.824888795717902e+20,5.1029820134387666e+20,3.3479316608241926e+20,1.125869353850022e+19,8.351644464981148e+17
47.34935360507079,1.7986121897012435e+20,5.071367820181386e+20,3.538251242711788e+20,1.4165958945154468e+19,9.351931457380957e+17
47.95401293162379,1.7724256011890016e+20,5.038404919106307e+20,3.7242665924835364e+20,1.7878008715136633e+19,1.0482706335607908e+18
48.566393860972894,1.7463408852452006e+20,5.004199371984982e+20,3.904605891544525e+20,2.251022284847591e+19,1.1763443849350543e+18
49.18659499930353,1.720370208086185e+20,4.968835975890978e+20,4.077998022537708e+20,2.816421703432487e+19,1.3217467339101164e+18
49.81471621201907,1.6945254687529294e+20,4.932386437257418e+20,4.243320403143564e+20,3.492809633398161e+19,1.4872732144108913e+18
50.45085863982116,1.668815120391718e+20,4.8949168462987336e+20,4.3996764367308345e+20,4.287114098841614e+19,1.676141942681036e+18
51.09512471499538,1.6432504028587354e+20,4.8564825520595534e+20,4.5462164916744205e+20,5.2059410037094064e+19,1.8924122910017357e+18
51.747618177905146,1.617841814463302e+20,4.817135047201889e+20,4.682206152584333e+20,6.254757799065672e+19,2.1410682964098322e+18
52.408444093695984,1.592597723026294e+20,4.776923824296688e+20,4.80706737005254e+20,7.437444567536312e+19,2.428206107374146e+18
53.07770886921324,1.567526162747223e+20,4.735895185293946e+20,4.920326715559843e+20,8.756614957294685e+19,2.7615270850793395e+18
53.75552027013591,1.542638731222357e+20,4.6940915513010094e+20,5.021513541205172e+20,1.0214404311564991e+20,3.1514777880321746e+18
54.44198743832901,1.5179409682231876e+20,4.651556715277135e+20,5.1104343920400164e+20,1.180994896078255e+20,3.611370445601375e+18
55.13722090941789,1.4934407418783928e+20,4.6083316541178675e+20,5.1869570548640245e+20,1.3541180522024192e+20,4.160071085993384e+18
55.84133263058661,1.46914537405734e+20,4.564456446944833e+20,5.251103944042068e+20,1.5403708741213467e+20,4.825287028468628e+18
56.554435978604,1.4450615280621249e+20,4.5199703649241386e+20,5.3030724069079745e+20,1.7390041807434062e+20,5.650298064947749e+18
57.276645778079384,1.4211954240535711e+20,4.474911892372624e+20,5.343264641529714e+20,1.9488268679684037e+20,6.704306634713017e+18
58.008078319952126,1.397555164835993e+20,4.429319157144815e+20,5.372306930102353e+20,2.1680905074689727e+20,8.089729589502559e+18
58.74885138021672,1.3741434332115476e+20,4.383229152333956e+20,5.3912383159442696e+20,2.3944735669704108e+20,9.930474039233389e+18
59.49908423888704,1.3509667956205362e+20,4.336678733955697e+20,5.401220449658715e+20,2.62541277771095e+20,1.2368363290745238e+19
60.25889769920333,1.3280296028497394e+20,4.2897038806594676e+20,5.4035218614586e+20,2.8582280041289967e+20,1.555167589487336e+19
61.0284141070836,1.3053374890144845e+20,4.242340668895471e+20,5.399365515466068e+20,3.090247735054133e+20,1.963386668551762e+19
61.80775737082432,1.2828930619701622e+20,4.1946235135467035e+20,5.3899193927739893e+20,3.3189306069823875e+20,2.4760722048506397e+19
62.59705298105186,1.2607006448388864e+20,4.1465871023395425e+20,5.3762004437619035e+20,3.541917295180413e+20,3.107159007376928e+19
63.39642803092946,1.2387639313672933e+20,4.098265522477449e+20,5.359065798016202e+20,3.757141294878092e+20,3.8689690357530255e+19
64.20601123662173,1.217086016767111e+20,4.049692153741082e+20,5.3391782721690914e+20,3.962886105525696e+20,4.771926492295997e+19
65.02593295802053,1.1956694295209761e+20,4.0008995778802346e+20,5.3170044365572964e+20,4.157757633102899e+20,5.824621930515667e+19
65.85632521973594,1.1745161636313817e+20,3.951919502719099e+20,5.292857300272689e+20,4.340616704056278e+20,7.033878270677819e+19
66.69732173235485,1.1536297061846614e+20,3.902784572395645e+20,5.266946392419445e+20,4.510471201411126e+20,8.405209075481197e+19
67.54905791397097,1.133010797785653e+20,3.853524644804643e+20,5.2394284136937646e+20,4.666575829184164e+20,9.941361566503112e+19
68.41167091199038,1.1126618128648135e+20,3.804170675826758e+20,5.2104186388059744e+20,4.808301539414421e+20,1.1642942940711789e+20
69.28529962521488,1.0925830484196929e+20,3.7547510830681725e+20,5.180012745160109e+20,4.935245443343086e+20,1.3506415650417943e+20
70.17008472620772,1.0727762027841972e+20,3.7052953080983604e+20,5.1482875986338546e+20,5.0471322490223375e+20,1.552375939194541e+20
71.06616868394462,1.053242566219605e+20,3.655832033747619e+20,5.1153101349557286e+20,5.1438868884895406e+20,1.7681468603551947e+20
71.97369578675462,1.0339823308659386e+20,3.606388203024815e+20,5.081141267659787e+20,5.225684926128228e+20,1.996086516461168e+20
72.89281216555334,1.0149960878287736e+20,3.5569907802999816e+20,5.045835636870296e+20,5.29295792965941e+20,2.233856992905819e+20
73.82366581737301,9.96283405468311e+19,3.507664893009715e+20,5.0094450458010065e+20,5.346504214790425e+20,2.478676234238429e+20
74.76640662919321,9.778435943863604e+19,3.4584347116931953e+20,4.972018275445484e+20,5.3874456085852344e+20,2.727506620997513e+20
75.72118640207606,9.596785782287247e+19,3.409327801950413e+20,4.933599207575723e+20,5.417029959653995e+20,2.9772078733070873e+20
76.68815887560885,9.417856257776394e+19,3.36036437045521e+20,4.894234629384647e+20,5.436670428841565e+20,3.2247024789111564e+20
77.66747975265983,9.24164760471905e+19,3.311568155698112e+20,4.8539671305223084e+20,5.447698122367651e+20,3.4670413478854617e+20
78.6593067244495,9.068158055882162e+19,3.262962215000212e+20,4.812838660735011e+20,5.451394290832119e+20,3.701492784498921e+20
79.66379949594192,8.897370603235217e+19,3.214566585062206e+20,4.7708913593655624e+20,5.448970506845122e+20,3.925660129423268e+20
80.68111981156098,8.729279629328061e+19,3.166402688247659e+20,4.728165960598429e+20,5.441505415381553e+20,4.137451731042715e+20
81.71143148123446,8.563866921889733e+19,3.118489227341234e+20,4.6847032536117025e+20,5.429948498700423e+20,4.3351652048422765e+20
82.7549004067709,8.40111236146227e+19,3.07084391660011e+20,4.640543389248622e+20,5.415079764799784e+20,4.517477518780447e+20
83.81169460857306,8.241013439286434e+19,3.023487254222163e+20,4.595725700818644e+20,5.3974846486421733e+20,4.6833618775824564e+20
84.88198425269312,8.083539921419646e+19,2.97643393925515e+20,4.550289663407289e+20,5.3775886208687165e+20,4.8322389637089087e+20
85.96594167823277,7.928678395831914e+19,2.9297013112640258e+20,4.5042740336314974e+20,5.355674875100485e+20,4.963768499367551e+20
87.06374142509327,7.776411614151379e+19,2.883305463390431e+20,4.457717331559887e+20,5.331942124814298e+20,5.077933272626115e+20
88.17556026208038,7.626718907611667e+19,2.8372612549634536e+20,4.410657701449045e+20,5.306536541299604e+20,5.175090726710335e+20
89.30157721536773,7.479576572200044e+19,2.791582332762237e+20,4.3631327879458285e+20,5.279571245968052e+20,5.256028249371825e+20
90.44197359732345,7.334958224303048e+19,2.7462811592600283e+20,4.315179626746008e+20,5.2511378780807974e+20,5.321893607147688e+20
91.59693303570593,7.192847048256857e+19,2.701371754996511e+20,4.2668352731600945e+20,5.22131099961194e+20,5.373993946634149e+20
92.76664150323101,7.0532118099416785e+19,2.6568643665373676e+20,4.218135588040886e+20,5.190158383986434e+20,5.4137566616713055e+20
93.95128734751819,6.916033813256717e+19,2.6127715316914294e+20,4.169116712533767e+20,5.157737823166282e+20,5.4425755753745573e+20
95.1510613214179,6.781285046938597e+19,2.5691031125464567e+20,4.119813705186531e+20,5.124103967802875e+20,5.461836364020905e+20
96.36615661372724,6.648939423234005e+19,2.5258688576958176e+20,4.0702612102407075e+20,5.0893072765236845e+20,5.472854759511497e+20
97.59676888029726,6.518971484658624e+19,2.483078135938737e+20,4.02049340929661e+20,5.053395372424533e+20,5.4768607680108285e+20
98.84309627553735,6.391348362710582e+19,2.440737928039302e+20,3.9705430577713925e+20,5.0164149513934694e+20,5.4749923720334036e+20
100.10533948432276,6.2660492485742486e+19,2.398857695253464e+20,3.920443701244958e+20,4.9784093844332184e+20,5.4682518688613184e+20
101.3837017543089,6.1430403270804365e+19,2.3574430888561102e+20,3.870226671358172e+20,4.939422745590544e+20,5.457522224076795e+20
102.67838892865811,6.022295481797804e+19,2.3165011918890536e+20,3.819923609321726e+20,4.899497179032694e+20,5.443522605799003e+20
103.98960947918535,5.9037862170402e+19,2.276037972648944e+20,3.769565190107932e+20,4.858674502729783e+20,5.426808228838824e+20
105.3175745399262,5.787482002160914e+19,2.2360583427388146e+20,3.719181045675027e+20,4.816996191145002e+20,5.407778386931362e+20
106.66249794113368,5.6733525495390904e+19,2.1965667602568607e+20,3.66880007356503e+20,4.774503214016581e+20,5.386709973907236e+20
108.02459624370988,5.561371926196774e+19,2.1575683972606004e+20,3.6184512486178003e+20,4.731235914490322e+20,5.363796547238856e+20
109.40408877407647,5.451507270361274e+19,2.1190660277752955e+20,3.5681614939645785e+20,4.687234781871356e+20,5.339183264275285e+20
110.80119765949107,5.3437287230468784e+19,2.081062765831757e+20,3.517957473203267e+20,4.642539774137176e+20,5.312981158382677e+20
112.21614786381411,5.238006452257535e+19,2.0435612649872723e+20,3.4678650569711976e+20,4.5971905658479765e+20,5.285279947224358e+20
113.64916722373287,5.134308998698609e+19,2.00656324106307e+20,3.417908914342354e+20,4.5512265438747715e+20,5.256155513330292e+20
115.10048648544836,5.032611446601583e+19,1.970071888094725e+20,3.368114466167661e+20,4.5046868232663414e+20,5.225671933518803e+20
116.5703393418295,4.93287736269607e+19,1.934086556182637e+20,3.318503493981803e+20,4.457610119583651e+20,5.1938897199528044e+20
118.05896247004338,4.835079190719053e+19,1.898608780078268e+20,3.269099072683705e+20,4.410034840222576e+20,5.1608618264309786e+20
119.56659556966488,4.739187621045383e+19,1.863639163035979e+20,3.2199230235729435e+20,4.361999045222862e+20,5.126638216371576e+20
121.09348140127307,4.6451718920099906e+19,1.8291774494288665e+20,3.1709958988735205e+20,4.3135403052019574e+20,5.091266622986141e+20
122.63986582554135,4.553000057966037e+19,1.79522259454285e+20,3.1223369785173495e+20,4.264695577421869e+20,5.054793080400595e+20
124.20599784282575,4.462646461867149e+19,1.7617751255155933e+20,3.0739665474806605e+20,4.2155018699606026e+20,5.0172609699518684e+20
125.7921296332595,4.3740779715435495e+19,1.7288328373481633e+20,3.0259017469567055e+20,4.1659949933558025e+20,4.978714164518909e+20
127.39851659735882,4.287266021551515e+19,1.696394579951024e+20,2.9781602118649237e+20,4.1162105999210014e+20,4.939194882857578e+20
129.02541739714843,4.202180795618608e+19,1.6644584369418682e+20,2.9307582924369327e+20,4.066183595864369e+20,4.898745014298146e+20
130.67309399781126,4.1187945849972605e+19,1.6330228195184712e+20,2.8837121766523227e+20,4.015948567212047e+20,4.857405745488872e+20
132.34181170987,4.037076111158962e+19,1.6020846197393965e+20,2.8370359160550608e+20,3.9655388381072713e+20,4.8152183827282244e+20
134.03183923190832,3.9569992937773154e+19,1.571642101201939e+20,2.790744533579832e+20,3.914987918820415e+20,4.772223367808084e+20
135.74344869383668,3.87853381852016e+19,1.5416917965267164e+20,2.7448506440056288e+20,3.8643278067462524e+20,4.728461359525554e+20
137.4769157007106,3.801652859238345e+19,1.5122310809797417e+20,2.699367290752824e+20,3.8135904179584165e+20,4.6839724940975466e+20
139.23251937710967,3.72632582570042e+19,1.483255742179361e+20,2.6543051781838658e+20,3.762805991761493e+20,4.638796887174391e+20
141.0105424120815,3.6525278761562477e+19,1.4547632191909298e+20,2.6096764302040806e+20,3.712005303497114e+20,4.5929741619993556e+20
142.8112711046615,3.5802296167227523e+19,1.4267491030169648e+20,2.565490495605661e+20,3.6612171412977326e+20,4.546543847057664e+20
144.6349954099723,3.509403852947806e+19,1.3992094478819094e+20,2.521756856749025e+20,3.61046993473617e+20,4.499545088890604e+20
146.48200898591315,3.440025779766648e+19,1.3721408711993934e+20,2.4784852183383497e+20,3.559791961043978e+20,4.452016818122202e+20
148.3526092404449,3.3720661743237366e+19,1.3455381741066038e+20,2.435682537569912e+20,3.509209200115196e+20,4.4039974508651486e+20
150.2470973794784,3.3055001359332774e+19,1.3193974140638396e+20,2.3933568549725245e+20,3.458748031394472e+20,4.3555251692433677e+20
152.1657784553757,3.2403018695333028e+19,1.2937140871324595e+20,2.3515150382668972e+20,3.4084336184916476e+20,4.306637713704418e+20
154.10896141606966,3.176444891471063e+19,1.2684831972589017e+20,2.310162840284091e+20,3.358289875661688e+20,4.257372246991258e+20
156.07695915481057,3.1139046864519193e+19,1.243700219558337e+20,2.2693061693745617e+20,3.308340460246013e+20,4.207765624743583e+20
158.0700885605493,3.0526556849254842e+19,1.2193600217551167e+20,2.2289496737820918e+20,3.2586076208772855e+20,4.1578539958817725e+20
160.08867056896273,2.9926734791818736e+19,1.1954576724888407e+20,2.18909782042941e+20,3.209113058480011e+20,4.107673061751969e+20
162.13303021413068,2.9339333118038847e+19,1.1719878996026122e+20,2.1497541696364442e+20,3.159877300306491e+20,4.0572577942640053e+20
164.20349668087408,2.8764123567273914e+19,1.1489459384421723e+20,2.1109225573720962e+20,3.110920731930646e+20,4.0066428902325374e+20
166.30040335776,2.8200859874589184e+19,1.12632616212579e+20,2.072605195225681e+20,3.062261888816646e+20,3.95586191083212e+20
168.42408789078462,2.764930781642537e+19,1.104123195852781e+20,2.034804221559066e+20,3.013918815970963e+20,3.904947888785139e+20
170.5748922377408,2.7109250387405402e+19,1.0823321278097265e+20,1.9975220398547013e+20,2.965909423434129e+20,3.8539335687992836e+20
172.75316272328084,2.6580447365291225e+19,1.0609469973177875e+20,1.9607591424285236e+20,2.9182493987032144e+20,3.8028501539474086e+20
174.95925009468226,2.6062682903572988e+19,1.0399625890441998e+20,1.924516707620684e+20,2.8709546736598732e+20,3.751728716728694e+20
177.1935095783247,2.555573570355728e+19,1.019373318313555e+20,1.888794994788461e+20,2.824039879613082e+20,3.7005992575390115e+20
179.4563009368897,2.5059392290605728e+19,9.991737397768007e+19,1.853594097479408e+20,2.777519077866199e+20,3.6494911332313635e+20
181.74798852728966,2.4573438272889225e+19,9.793582206038578e+19,1.8189134648087308e+20,2.73140527130753e+20,3.5984327053533525e+20
184.06894135933646,2.409766680142624e+19,9.599212707805816e+19,1.7847524066283517e+20,2.6857109171925284e+20,3.5474516698012254e+20
186.41953315516068,2.3631867739458974e+19,9.40857131709363e+19,1.751109474768464e+20,2.6404472740295174e+20,3.496574559473868e+20
188.80014240938826,2.3175847377003094e+19,9.22160545983102e+19,1.7179836576034718e+20,2.595625673372082e+20,3.445827676877237e+20
191.21115245008613,2.2729399902012125e+19,9.038256560801618e+19,1.6853726864066943e+20,2.5512557000522505e+20,3.3952356925450446e+20
193.65295150048564,2.229233657767473e+19,8.858471449980864e+19,1.6532748164017465e+20,2.5073471188968987e+20,3.3448231123887004e+20
196.12593274149555,2.1864457639689634e+19,8.682191434826413e+19,1.6216871214004398e+20,2.4639079987002996e+20,3.294612768208027e+20
198.6304943750119,2.144558045534839e+19,8.509363393939879e+19,1.590607254900862e+20,2.420946671093961e+20,3.244627390226688e+20
201.16703968803645,2.103551837238169e+19,8.339931526254127e+19,1.5600321528334588e+20,2.3784702836377426e+20,3.194888410192002e+20
203.73597711761528,2.0634087465787965e+19,8.173840038442947e+19,1.5299584643535566e+20,2.3364852759290718e+20,3.1454163262584894e+20
206.33772031660524,2.0241111046185538e+19,8.01103499037527e+19,1.5003828623118015e+20,2.294997746429476e+20,3.096231016810807e+20
208.97268822028025,1.985641295767599e+19,7.851461681280431e+19,1.4713016283604243e+20,2.254012974161783e+20,3.047351310957277e+20
211.6413051137899,1.947982079426708e+19,7.695065970367467e+19,1.4427108753346642e+20,2.2135356793740414e+20,2.9987952045878654e+20
214.3440007004768,1.911116541665245e+19,7.541794128535398e+19,1.4146065319046734e+20,2.1735700099134898e+20,2.9505798394402364e+20
217.08121017106936,1.875028006837409e+19,7.39159252377531e+19,1.3869842981743254e+20,2.1341194905882185e+20,2.9027214451754248e+20
219.85337427375507,1.8397003594510879e+19,7.244408961264611e+19,1.3598398791448507e+20,2.0951873141311852e+20,2.8552356101365203e+20
222.6609393851516,1.8051174082333624e+19,7.100190152517794e+19,1.3331685668549909e+20,2.056775831284088e+20,2.808136782810118e+20
225.50435758218217,1.771263407378585e+19,6.9588838553656975e+19,1.3069656072112782e+20,2.0188870048082562e+20,2.7614386987149525e+20
228.38408671486894,1.738123257733021e+19,6.820439738636587e+19,1.2812263591474248e+20,1.9815226221720905e+20,2.7151545975654318e+20
231.30059048005754,1.7056815785582391e+19,6.684805636345851e+19,1.2559456610965497e+20,1.9446835000196946e+20,2.669296420104236e+20
234.25433849608146,1.6739238170018525e+19,6.551932102542481e+19,1.2311186193209031e+20,1.908370488757157e+20,2.6238758158577395e+20
237.24580637837988,1.6428351469852283e+19,6.421767943792978e+19,1.2067398449314406e+20,1.8725835026871504e+20,2.5789031493435556e+20
240.27547581608286,1.6124013735198495e+19,6.294263948821437e+19,1.1828041054558496e+20,1.8373223617304045e+20,2.5343883609170566e+20
243.34383464957295,1.5826087079301868e+19,6.169372006290803e+19,1.1593061823740872e+20,1.8025866208814118e+20,2.4903407995671573e+20
246.45137694903696,1.5534432617808701e+19,6.047043046074943e+19,1.1362405157432246e+20,1.7683751075050226e+20,2.44676872642275e+20
249.59860309402293,1.5248916089524353e+19,5.927229379827409e+19,1.1136016207790601e+20,1.734686473348051e+20,2.403679898367248e+20
252.78601985401096,1.496940673894503e+19,5.809884271377409e+19,1.0913840207714193e+20,1.7015191165268e+20,2.3610814908965945e+20
256.01414047001407,1.4695776484729717e+19,5.694961619525584e+19,1.0695821979049463e+20,1.6688711238213632e+20,2.3189800380634064e+20
259.28348473722025,1.4427895797387321e+19,5.582414265571489e+19,1.0481902951033228e+20,1.6367398702265667e+20,2.277380983133345e+20
262.59457908869064,1.4165643769595554e+19,5.472198203210403e+19,1.027202876208121e+20,1.60512305673099e+20,2.2362898360572222e+20
265.9479566801271,1.3908897607448642e+19,5.364268231329559e+19,1.0066141528705307e+20,1.5740176675989412e+20,2.1957110126935867e+20
269.34415747572007,1.3657537883195068e+19,5.258580158658561e+19,9.864183849954845e+19,1.5434205198148744e+20,2.155648448595511e+20
272.78372833509525,1.3411447778798516e+19,5.1550905104331465e+19,9.666098340352216e+19,1.513328206996019e+20,2.1161055403417187e+20
276.2672231013694,1.317051434129871e+19,5.05375707558859e+19,9.471828688285955e+19,1.4837372548956088e+20,2.0770853307876108e+20
279.79520269032946,1.2934625129749965e+19,4.954537520942401e+19,9.281317181799863e+19,1.4546437829992758e+20,2.038590120290797e+20
283.3682351807535,1.2703669685494745e+19,4.857390022562378e+19,9.09450589928469e+19,1.426043674566508e+20,2.000621663232921e+20
286.9868959058826,1.2477541865048621e+19,4.7622742652477596e+19,8.911338602699922e+19,1.3979328517792244e+20,1.963181498618203e+20
290.6517675460607,1.225613562566745e+19,4.669149686746435e+19,8.731757554529898e+19,1.3703068319400367e+20,1.9262704294505038e+20
294.3634402225599,1.2039347850949788e+19,4.57797668144539e+19,8.55570577721944e+19,1.3431610529174705e+20,1.889888911117319e+20
298.1225115926015,1.182707873300175e+19,4.48871677899333e+19,8.383127439517781e+19,1.3164909369117948e+20,1.8540371362573323e+20
301.9295869455917,1.1619228104139858e+19,4.401331108874675e+19,8.213965041699347e+19,1.2902914912488592e+20,1.8187145553179404e+20
305.7852793005851,1.1415699699344456e+19,4.315782214558666e+19,8.048162831676328e+19,1.2645578056422316e+20,1.7839204830779385e+20
309.6902095049947,1.1216399034482944e+19,4.2320331709424116e+19,7.885665206186802e+19,1.2392848287152452e+20,1.7496538340302157e+20
313.6450063345613,1.102123289310934e+19,4.150047378520571e+19,7.726416359333428e+19,1.2144673215429655e+20,1.7159130682727167e+20
317.6503065945982,1.0830110754245554e+19,4.069789180589169e+19,7.570361478859715e+19,1.190100037845105e+20,1.6826964190074857e+20
321.7067552225323,1.0642944063960173e+19,3.991223566373308e+19,7.417446227725631e+19,1.1661776544939393e+20,1.6500018128781037e+20
325.8150053917509,1.0459644911734465e+19,3.9143156186598924e+19,7.267615731472868e+19,1.1426946267174524e+20,1.6178266920335432e+20
329.97571861677665,1.028012836221746e+19,3.839031515198797e+19,7.120816505224879e+19,1.1196454777078678e+20,1.5861683824839626e+20
334.1895648597863,1.01043112278806e+19,3.765338017380224e+19,6.976995522122401e+19,1.0970246669648293e+20,1.55502393524429e+20
338.45722263848756,9.932111284862577e+18,3.693202145028541e+19,6.836099623173142e+19,1.0748265067132083e+20,1.5243900239812755e+20
342.77937913537556,9.763449359180296e+18,3.6225920745702593e+19,6.698077259483147e+19,1.0530454272436953e+20,1.494263289011699e+20
347.15673030838195,9.598246344388614e+18,3.5534758756607623e+19,6.562876110046922e+19,1.0316756248464004e+20,1.4646398914425073e+20
351.58998100294116,9.43642634216256e+18,3.4858228591148876e+19,6.430445686046149e+19,1.0107114574726067e+20,1.4355160266740982e+20
356.0798450654839,9.277913794336354e+18,3.4196023602369434e+19,6.3007350286322385e+19,9.901471027286932e+19,1.4068874884322165e+20
360.6270454583808,9.122635345509323e+18,3.354784541305756e+19,6.173694272237174e+19,9.699767978883491e+19,1.378749983832469e+20
365.23231437635627,8.970519415525123e+18,3.2913402161434984e+19,6.049274335417208e+19,9.501947981002036e+19,1.3510990853457661e+20
369.89639336438637,8.82149587633172e+18,3.2292407184008327e+19,5.927426691623605e+19,9.30795345825788e+19,1.323930195987818e+20
374.620033437102,8.675495242249848e+18,3.1684575606536303e+19,5.808102731383805e+19,9.117725768608314e+19,1.297238429389947e+20
379.4039951997201,8.532450763716733e+18,3.108963336700888e+19,5.691255529660718e+19,8.93120794768376e+19,1.2710189767710836e+20
384.249048970516,8.39229618157163e+18,3.0507307652660003e+19,5.576838017261241e+19,8.74834194723854e+19,1.2452667470477769e+20
389.15597490485993,8.254967165020531e+18,2.9937333110219465e+19,5.464804203951864e+19,8.569070548009663e+19,1.2199766246757792e+20
394.1255631208407,8.120400320975945e+18,2.937944764743533e+19,5.355108383315952e+19,8.393336171499838e+19,1.1951433161422281e+20
399.15861382648853,7.988534432013143e+18,2.8833397787401474e+19,5.247706193970646e+19,8.221082556313448e+19,1.1707615789901516e+20
404.2559374486282,7.859308516662739e+18,2.829893038910439e+19,5.142553024842692e+19,8.052252321538351e+19,1.1468258992197106e+20
409.4183547633719,7.732663448959223e+18,2.7775799633817362e+19,5.0396053934853235e+19,7.886789133806312e+19,1.1233307863354448e+20
414.646697028284,7.608541824840613e+18,2.7263766490733707e+19,4.938820861328755e+19,7.724637614317856e+19,1.1002707664066994e+20
419.9418061162297,7.486886539159117e+18,2.6762592640389747e+19,4.840156860542656e+19,7.56574153796182e+19,1.0776401418655302e+20
425.3045346509335,7.367642231190505e+18,2.6272046711798776e+19,4.743571929349335e+19,7.410045788944597e+19,1.0554332604307775e+20
430.73574614427116,7.250755008897349e+18,2.5791903128443867e+19,4.6490255027486384e+19,7.2574960672345915e+19,1.0336444801250091e+20
436.2363151353128,7.136171502793755e+18,2.532193806984175e+19,4.556477133528777e+19,7.1080376925609845e+19,1.0122680094371154e+20
441.8071273311404,7.023839812198192e+18,2.486193356047681e+19,4.465887308408781e+19,6.961616911086716e+19,9.912980895245379e+19
447.44907974946767,6.913709471611963e+18,2.4411677347733135e+19,4.377217438612382e+19,6.818180910273331e+19,9.707290006717471e+19
453.16308086307737,6.805730471433728e+18,2.3970958713833517e+19,4.290429047354737e+19,6.677676561042951e+19,9.50554892456701e+19
458.95005074610503,6.69985437135024e+18,2.3539573277754266e+19,4.205484727804166e+19,6.54005195386694e+19,9.307699988876837e+19
464.8109212221887,6.596033552582521e+18,2.3117319798084194e+19,4.122347524608055e+19,6.405255445276053e+19,9.113685102775439e+19
470.7466360145146,6.494221650419122e+18,2.2704002045615727e+19,4.040981314657805e+19,6.273236283643056e+19,8.923446632215813e+19
476.7581508977751,6.394373038035832e+18,2.229942659774617e+19,3.961350381752329e+19,6.1439439557747565e+19,8.736926530090376e+19
482.84643385206726,6.296443317699394e+18,2.190340495957829e+19,3.883419846228194e+19,6.0173288906865844e+19,8.554067346381622e+19
489.0124652187608,6.200388923251749e+18,2.1515751865025626e+19,3.80715533853337e+19,5.893341960957066e+19,8.374811563920661e+19
495.25723785835083,6.106167301196015e+18,2.11362860623199e+19,3.732523164009447e+19,5.77193476480401e+19,8.199102021174596e+19
501.58175731033043,6.013736836073763e+18,2.0764829999338865e+19,3.6594902494653006e+19,5.6530595602843845e+19,8.026881849242871e+19
507.9870419551045,5.923056897546558e+18,2.040121003031017e+19,3.5880241927783682e+19,5.536669363479259e+19,7.858094637951477e+19
514.474123177969,5.834087581670552e+18,2.004525530875419e+19,3.518093050889836e+19,5.422717626749372e+19,7.692684009592996e+19
521.0440455351866,5.746790088572978e+18,1.969679941025121e+19,3.4496656700981866e+19,5.311158785752359e+19,7.530594415847709e+19
527.6978669221805,5.661126285282744e+18,1.9355678457987977e+19,3.382711320503974e+19,5.201947689994717e+19,7.3717703600805855e+19
534.4366587438802,5.577058967540921e+18,1.9021732245937852e+19,3.3171999262858707e+19,5.095039988794519e+19,7.216156966525468e+19
541.2615060872392,5.494551785598301e+18,1.8694803919485383e+19,3.25310200874615e+19,4.9903920561643905e+19,7.063699898851531e+19
548.173507895955,5.413569286775812e+18,1.8374740155371024e+19,3.1903887284501975e+19,4.8879610746775626e+19,6.914345503228572e+19
555.1737771474252,5.334076640156832e+18,1.806138998063673e+19,3.1290316551964684e+19,4.78770467954144e+19,6.768040324960264e+19
562.2634410319587,5.256039907565578e+18,1.7754605929741115e+19,3.0690030042746884e+19,4.6895813544414355e+19,6.624731693135013e+19
569.4436411342754,5.17942591027774e+18,1.7454243469974454e+19,3.0102755267910984e+19,4.593550269235747e+19,6.484367511846052e+19
576.7155336173284,5.104202321997342e+18,1.7160161394095483e+19,2.95282259288379e+19,4.499571428987998e+19,6.346896494506289e+19
584.0802894084696,5.03033737211687e+18,1.6872220548583178e+19,2.8966179413588865e+19,4.407605282272858e+19,6.212267624558853e+19
591.5390943879906,4.957800101726516e+18,1.65902849226769e+19,2.841635901376923e+19,4.317613093601834e+19,6.080430707774694e+19
599.0931495800796,4.886560417235357e+18,1.6314221869801257e+19,2.787851440552976e+19,4.229557035514497e+19,5.95133652557827e+19
606.743671346206,4.81658867442409e+18,1.6043900330924808e+19,2.7352398116439695e+19,4.14339962773901e+19,5.824936049986811e+19
614.4918915809851,4.747856137088761e+18,1.5779192782499932e+19,2.6837769458558943e+19,4.059104388955599e+19,5.701181398419035e+19
622.3390579105344,4.680334606053353e+18,1.5519973652807887e+19,2.6334391372001956e+19,3.976635336245377e+19,5.5800251339932975e+19
630.2864338933718,4.613996651148841e+18,1.5266120303294716e+19,2.584203241306668e+19,3.895957320939605e+19,5.461420767602614e+19
638.3352992238728,4.5488154172388536e+18,1.5017512200872538e+19,2.5360465103559676e+19,3.8170357718189154e+19,5.345322407126298e+19
646.4869499383269,4.484764748847649e+18,1.477403144246486e+19,2.4889466993947996e+19,3.73983688026226e+19,5.231685043215188e+19
654.74269862363,4.421819102485324e+18,1.453556238015079e+19,2.4428819913056584e+19,3.6643274894644675e+19,5.120464408517547e+19
663.1038746286365,4.3599535088180895e+18,1.4301991459716002e+19,2.3978309640799597e+19,3.590475052035876e+19,5.011616935074666e+19
671.571824278211,4.2991437373128694e+18,1.407320791212488e+19,2.353772729760517e+19,3.5182478685081207e+19,4.905100118859659e+19
680.1479110900179,4.239366001457796e+18,1.384910251106774e+19,2.31068668268177e+19,3.4476146857386795e+19,4.800871957449042e+19
688.8335159940748,4.18059717612445e+18,1.3629568488701694e+19,2.268552682669755e+19,3.3785450070993314e+19,4.698891418698822e+19
697.6300375551112,4.122814709808046e+18,1.3414501166811902e+19,2.2273509785669296e+19,3.311008977084512e+19,4.5991182934248145e+19
706.5388921977656,4.0659966068389693e+18,1.3203797884727233e+19,2.1870621910888874e+19,3.244977362423316e+19,4.501513187933078e+19
715.5615144346624,4.01012141494124e+18,1.299735795130757e+19,2.1476673000425415e+19,3.180421539718657e+19,4.406037526276974e+19
724.6993570973974,3.9551682605993544e+18,1.2795082796508348e+19,2.1091476715015733e+19,3.1173135483153875e+19,4.312653647933769e+19
733.9538915704716,3.9011167510909373e+18,1.2596875570206937e+19,2.0714849725122347e+19,3.0556259570091475e+19,4.221324634543037e+19
743.3266080282198,3.847947063597511e+18,1.240264151975684e+19,2.0346612431547216e+19,2.9953319893187875e+19,4.132014513763073e+19
752.8190156747556,3.795639840064526e+18,1.2212287563424358e+19,1.9986588051174756e+19,2.9364053779277554e+19,4.044688068337482e+19
762.4326429869866,3.7441762491060577e+18,1.202572255724407e+19,1.9634603105427087e+19,2.8788204496875147e+19,3.959310981844474e+19
772.1690379607327,3.693537952159004e+18,1.1842857166706379e+19,1.9290487103347216e+19,2.822552076333952e+19,3.875849788538219e+19
782.0297683599839,3.643707088001089e+18,1.1663603816427469e+19,1.8954072379276206e+19,2.767575649223998e+19,3.794271858077873e+19
792.0164219693447,3.594666258324076e+18,1.1487876646476102e+19,1.8625193941568758e+19,2.7138670542827647e+19,3.7145453802667385e+19
802.1306068496979,3.5463985137261e+18,1.131559147188448e+19,1.830368932524571e+19,2.6614026457780867e+19,3.6366393475222106e+19
812.3739515971401,3.498887397064674e+18,1.1146665975879487e+19,1.79893989195679e+19,2.6101592976389538e+19,3.5605236509447975e+19
822.7481056052185,3.4521168268144876e+18,1.0981019256600377e+19,1.7682164978572421e+19,2.5601142327045435e+19,3.486168848278923e+19
833.2547393305146,3.406071209871607e+18,1.0818572303382163e+19,1.738183252441573e+19,2.5112451661146997e+19,3.4135463933098226e+19
843.8955445616282,3.360735333577872e+18,1.0659247582823887e+19,1.7088248439481862e+19,2.463530143461826e+19,3.3426284133947585e+19
854.6722346915882,3.316094417532341e+18,1.050296926965528e+19,1.6801261873543033e+19,2.416947596748277e+19,3.2733878061430927e+19
865.5865449937423,3.272134061357843e+18,1.0349663061371894e+19,1.6520723806786243e+19,2.3714762562075316e+19,3.205798120088548e+19
876.6402329011778,3.228840276828098e+18,1.0199256330221218e+19,1.6246487304053e+19,2.3270951759800988e+19,3.1398336007666864e+19
887.835078289702,3.186199436701332e+18,1.0051677945055412e+19,1.5978407102606514e+19,2.283783644866196e+19,3.075469061925991e+19
899.172883764438,3.144198291760566e+18,9.906858364370698e+18,1.5716339758592616e+19,2.241521188982231e+19,3.0126798886336934e+19
910.6554749500871,3.102823960544049e+18,9.764729620900897e+18,1.5460143580410884e+19,2.200287536260227e+19,2.951441978322897e+19
922.284700784886,3.06206389062046e+18,9.625225196534413e+18,1.5209678348792562e+19,2.1600625423931027e+19,2.891731617493404e+19
934.0624338183322,3.0219059138850954e+18,9.488280262131583e+18,1.4964805786398657e+19,2.120826242817943e+19,2.8335255412001067e+19
945.990570512696,2.9823381481106714e+18,9.353831321686268e+18,1.472538883146769e+19,2.0825586991377175e+19,2.776800675326711e+19
958.0710315483972,2.9433490581316844e+18,9.22181647393441e+18,1.4491292173621545e+19,2.0452400600714646e+19,2.7215341940556063e+19
970.3057621332725,2.904927437091075e+18,9.092175363032606e+18,1.4262382171217627e+19,2.008850516569345e+19,2.667703409757638e+19
982.6967323157919,2.8670623480242775e+18,8.964848979521558e+18,1.4038526481306905e+19,1.973370207279076e+19,2.6152855774448775e+19
995.2459373022834,2.8297431743075553e+18,8.839779874987108e+18,1.3819594535373353e+19,1.938779270356244e+19,2.5642579134562152e+19
1007.9553977782001,2.792959596687419e+18,8.716912094597307e+18,1.3605457458165338e+19,1.9050578012027556e+19,2.5145974625906356e+19
1020.8271602334908,2.756701558189492e+18,8.596191065252837e+18,1.3395987912514372e+19,1.87218579951183e+19,2.4662809398707212e+19
1033.8632972921325,2.7209592801485455e+18,8.477563674130452e+18,1.3191060336395997e+19,1.8401431871496215e+19,2.419284674215313e+19
1047.0659080458645,2.6857232437222574e+18,8.360978216346682e+18,1.2990550929643792e+19,1.808909786681701e+19,2.373584485984884e+19
1060.4371183921833,2.650984186272136e+18,8.24638439644044e+18,1.279433775770048e+19,1.7784653246762363e+19,2.3291555991487603e+19
1073.979081376661,2.616733104089981e+18,8.133733350764201e+18,1.2602300904210289e+19,1.7487894486437687e+19,2.2859725737446547e+19
1087.6939775396295,2.582961212798664e+18,8.022977513975284e+18,1.2414322325727439e+19,1.7198616980549298e+19,2.2440091679128867e+19
1101.5840152672931,2.549659979162336e+18,7.914070744173413e+18,1.2230286218603637e+19,1.6916615700621732e+19,2.2032383533829095e+19
1115.651431147322,2.5168210850547584e+18,7.80696819918589e+18,1.2050078903117208e+19,1.6641685078526958e+19,2.1636322180670763e+19
1129.8984903289966,2.484436424392478e+18,7.701626331265079e+18,1.1873588942012652e+19,1.637361935793788e+19,2.125161954028466e+19
1144.327486887937,2.4524981220330225e+18,7.598002957906722e+18,1.1700707403933716e+19,1.6112213254299763e+19,2.087797909934771e+19
1158.9407441955016,2.4209984815443523e+18,7.496057076695805e+18,1.1531327634622773e+19,1.5857261822684303e+19,2.0515095362810495e+19
1173.740615292898,2.3899300186232474e+18,7.395748984376582e+18,1.136534560826115e+19,1.5608561373726114e+19,2.016265517188576e+19
1188.7294832700725,2.359285436511338e+18,7.297040187099612e+18,1.12026598738898e+19,1.5365909734202853e+19,1.9820338201773863e+19
1203.9097616494334,2.329057621133688e+18,7.199893379696596e+18,1.1043171628512504e+19,1.5129106758840453e+19,1.948781807812986e+19
1219.2838947744858,2.299239635956878e+18,7.104272422371487e+18,1.0886784777716603e+19,1.489795484338852e+19,1.916476370710522e+19
1234.8543582034165,2.2698247167170025e+18,7.010142315285541e+18,1.0733405983730295e+19,1.467225942857416e+19,1.88508407819962e+19
1250.6236591077145,2.2408062700259136e+18,6.917469185278645e+18,1.0582944726427673e+19,1.445182952747905e+19,1.8545713487405203e+19
1266.5943366758734,2.2121778576019845e+18,6.826220221837737e+18,1.043531326156044e+19,1.4236478073643141e+19,1.8249046045156084e+19
1282.76896252226,2.1839331951126528e+18,6.736363662671445e+18,1.0290426660721922e+19,1.4026022390622837e+19,1.7960504533908644e+19
1299.1501411011961,2.156066151607581e+18,6.647868779702828e+18,1.014820284052904e+19,1.3820284617833695e+19,1.7679758676302707e+19
1315.740510126326,2.1285707407849882e+18,6.560705836737227e+18,1.0008562530664288e+19,1.3619092005363184e+19,1.7406483417538992e+19
1332.5427409953506,2.1014411156771638e+18,6.474846057801685e+18,9.871429251315313e+18,1.3422277189694982e+19,1.7140360432744618e+19
1349.559539220176,2.074671563296491e+18,6.39026159503704e+18,9.73672928058658e+18,1.3229678415383884e+19,1.6881079477288319e+19
1366.793644862553,2.0482565014646136e+18,6.306925503232895e+18,9.604391624459295e+18,1.3041139720702566e+19,1.6628339582755058e+19
1384.2478329752935,2.0221904793454026e+18,6.2248117264663e+18,9.474347999189838e+18,1.2856511102066354e+19,1.6381850103225151e+19
1401.9249140491027,1.9964681594315525e+18,6.143895022398196e+18,9.346532697378148e+18,1.2675648454758777e+19,1.61413313009922e+19
1419.8277344651362,1.9710843265918397e+18,6.06415097677084e+18,9.220882604350043e+18,1.2498413714653217e+19,1.5906515106556293e+19
1437.959176953319,1.946033878464249e+18,5.98555595563317e+18,9.09733709980325e+18,1.2324674782773074e+19,1.5677145428569278e+19
1456.3221610565315,1.9213118274426926e+18,5.908087095920689e+18,8.975838019920931e+18,1.2154305512382452e+19,1.5452978439267865e+19
1474.9196436007157,1.8969132841867617e+18,5.831722235007659e+18,8.856329510721921e+18,1.198718549961156e+19,1.5233782467428874e+19
1493.754619170982,1.872833468530674e+18,5.756439931151879e+18,8.738758032669339e+18,1.18232000825966e+19,1.5019338101044333e+19
1512.830120593807,1.8490676955395602e+18,5.682219401726902e+18,8.62307222167639e+18,1.166224009792277e+19,1.4809437857621463e+19
1532.1492194253788,1.8256113819207406e+18,5.609040528823099e+18,8.509222861650036e+18,1.1504201789566749e+19,1.4603886007141208e+19
1551.7150264461793,1.8024600301037967e+18,5.536883792316962e+18,8.397162733624886e+18,1.1348986517031576e+19,1.4402498056310596e+19
1571.5306921618912,1.779609240705218e+18,5.46573029521193e+18,8.286846616836095e+18,1.1196500679786998e+19,1.420510049599009e+19
1591.5994073106926,1.7570546941588288e+18,5.395561689655627e+18,8.178231124390256e+18,1.104665538619812e+19,1.4011530159531719e+19
1611.9244033770292,1.734792162070089e+18,5.326360199426089e+18,8.071274697756884e+18,1.0899366352285989e+19,1.3821633880228585e+19
1632.508953111958,1.7128174922191936e+18,5.258108557794439e+18,7.965937461977347e+18,1.0754553590617444e+19,1.3635267844457122e+19
1653.3563710601243,1.69112661354494e+18,5.190790010078898e+18,7.862181187172597e+18,1.0612141253695078e+19,1.345229715148339e+19
1674.4700140934756,1.669715536478655e+18,5.124388301855753e+18,7.759969226958844e+18,1.0472057442164195e+19,1.3272595322176578e+19
1695.8532819517834,1.6485803379543683e+18,5.058887618255917e+18,7.659266378376952e+18,1.0334233900563649e+19,1.309604365928316e+19
1717.5096177900814,1.6277171727012877e+18,4.994272608251988e+18,7.560038880757029e+18,1.019860591615368e+19,1.2922530888637465e+19
1739.4425087330765,1.607122263833065e+18,4.930528342812762e+18,7.46225430840077e+18,1.0065112066691981e+19,1.275195260467021e+19
1761.655486436653,1.586791902500693e+18,4.867640302722306e+18,7.365881512786233e+18,9.933694043288938e+18,1.2584210827846007e+19
1784.1521276565475,1.5667224455616512e+18,4.805594360561881e+18,7.270890556740912e+18,9.804296465585453e+18,1.2419213563194593e+19
1806.9360548242767,1.546910314857446e+18,4.744376768010532e+18,7.177252658399558e+18,9.67686671486497e+18,1.2256874394690443e+19
1830.0109366304218,1.5273519939983176e+18,4.683974136043932e+18,7.084940125641422e+18,9.551354758331884e+18,1.2097112080657744e+19
1853.380488615374,1.5080440271172588e+18,4.624373421558156e+18,6.993926302142924e+18,9.42771299432864e+18,1.1939850189210102e+19
1877.048473767607,1.4889830180489306e+18,4.565561915818133e+18,6.904185517869444e+18,9.305896108309602e+18,1.1785016759988877e+19
1901.0187031296016,1.470165627856699e+18,4.5075272283210614e+18,6.815693034091607e+18,9.185860925882384e+18,1.163254397406346e+19
1925.295036411497,1.4515885717030418e+18,4.4502572686994335e+18,6.728424986634328e+18,9.067566267823218e+18,1.1482367837751054e+19
1949.8813826125936,1.43324862034613e+18,4.393740243838059e+18,6.642358354755054e+18,8.950972845298517e+18,1.1334427929577757e+19
1974.7817006507807,1.4151425971889585e+18,4.337964641326445e+18,6.557470909968285e+18,8.836043131306723e+18,1.1188667126350381e+19
1999.9999999999998,1.397267376666936e+18,4.2829192173983923e+18,6.473741173337079e+18,8.722741247985258e+18,1.1045031359348605e+19
